historical_accident_rate,congestion_probability,verified_incident_density,road_condition_quality,lighting_quality,speed_variance_ratio,weather_severity,accident
0.2703452263377085,0.5472382450524955,0.31210275914927355,0.292611078834643,0.8629160143034047,0.1286561284331489,0.7939902902453226,0
0.7681521087219072,0.6963008512305778,0.4292844551006979,0.030627206835934895,0.061262306715770154,0.5935982756155183,0.3376919115935487,1
0.0723433889918218,0.1592278225083974,0.07562656548788638,0.7691862012248887,0.07629283294386646,0.14776226728167163,0.6254502857531868,0
0.6249488241409268,0.31451148096393766,0.7893303032493076,0.6251929102742751,0.15516091883403937,0.18304263533662135,0.543000381383805,1
0.998933625204296,0.7161210042500564,0.4484903505194706,0.25045483547500746,0.2645710331697555,0.9521527379546941,0.8640288829517819,1
0.8663747373989499,0.1520019932099389,0.08739789386164087,0.9615409924065071,0.7090296679501309,0.029165662696446826,0.8194826308953961,0
0.8756580522899685,0.8497084763496754,0.472941922472217,0.8984280298136806,0.5324176291160967,0.18683022344352418,0.21794731794178301,0
0.6803571528382734,0.4560427941624261,0.7132746219689481,0.9643758570637437,0.42604458331483996,0.6712190082774041,0.7501117946847243,0
0.46118712759584524,0.5859902502085138,0.4730378901067196,0.5122363289412973,0.7825884909340046,0.21689402070674757,0.7925684580946482,0
0.67721553195935,0.08039839837549423,0.9686327597785561,0.23516648899343695,0.3171605983617457,0.18194000440207447,0.9191856636953806,0
0.32119233711213013,0.9545012443013138,0.8716637524796743,0.17382917747025572,0.08545745889630463,0.5565002547814115,0.9632176030186528,1
0.5527685374189522,0.9075322549713224,0.5148069903799448,0.948523518347654,0.39676638331713243,0.6959564190154255,0.7369690011768539,0
0.5396799104493076,0.19007871612006366,0.940507708528319,0.8908286027068121,0.7664112735561063,0.43063274573155075,0.44993117189771126,0
0.5437303509234969,0.6631022765288972,0.8113877976197789,0.7409374174038675,0.47408571517154974,0.7812878558732276,0.2929706690293622,1
0.4119875904518647,0.7931172187323229,0.3682700108413439,0.5105148327671585,0.977147932497035,0.8152100561404144,0.864662929325098,0
0.35280183036130697,0.12196740183602905,0.7714098369296952,0.3844075560472071,0.856127303583627,0.6230842694762843,0.9155544887566858,0
0.3303545143539607,0.5774535594092642,0.5058523340011077,0.703445121371761,0.7909538584492458,0.5778190277699455,0.09756118244174572,0
0.22473085827947303,0.8504539301383987,0.5391117247571666,0.009528906929563652,0.7731805997383453,0.816305109910863,0.5543227193401171,0
0.4385472449378486,0.5067140974407149,0.5206210202183242,0.5242776102294425,0.5811240695033141,0.015029941116904144,0.1291942780603641,1
0.11774565363547951,0.9237853399248105,0.803678540399188,0.6786597659708886,0.9011497021105285,0.5106348250941788,0.251579715464057,0
0.9015735423209381,0.04780189692061265,0.9185744407169858,0.7537599840482704,0.5898721125502232,0.1287325730366513,0.38319613181777634,1
0.06968379971361849,0.9192106829736737,0.31951768628138233,0.45108114118842435,0.37253650678578965,0.22155676270642344,0.311164215334347,0
0.8374187147485667,0.9772180477276216,0.6419210743337807,0.7451391834824194,0.19590137339271807,0.9489992384955717,0.7159989370657006,1
0.24124840836438066,0.15594210097311634,0.6284088653923976,0.09584170005378123,0.8130949130016315,0.0037102386851073366,0.07896623816337311,0
0.8532191794779191,0.43095019660909006,0.8874972575491173,0.23327464745294124,0.3711372998930085,0.30701401744436285,0.6137735415975708,0
0.7202661947472286,0.6207649226613337,0.44721168688454505,0.1446127193569674,0.7909032343899806,0.15436101249652212,0.5814145289808971,0
0.92097512126206,0.8932382882887512,0.19016053192866333,0.33983793403102225,0.9830028202072865,0.570416922510597,0.7871949832985747,1
0.8702329741435597,0.15952617288973814,0.20308587904338327,0.3441930258578204,0.3987065985080763,0.8442599218151482,0.09667849415527141,0
0.7010875235684093,0.33402795807080854,0.05127648823515463,0.37393966334715256,0.3407412710801251,0.39088879104824126,0.332604625203343,0
0.1516788230918762,0.7979298117010196,0.10072849482906354,0.4658248915320272,0.1700927858051695,0.8371854056173873,0.6971034238616184,0
0.5490453198046304,0.41000456271191565,0.3012195718592676,0.4363337354769218,0.4753516011377865,0.44023645304747616,0.7116871070657654,1
0.33982805362545143,0.6049434747744405,0.10256292437221681,0.49047193099862707,0.6540184621162676,0.9090439506404485,0.44962579391459756,0
0.8857756356404242,0.5600055232166615,0.871091428137408,0.7525966645043195,0.3127867371308164,0.8469449630413027,0.46176943331079634,1
0.8722284940547849,0.9731716956765959,0.36201854441529646,0.1420167390314192,0.4856656089693636,0.17881950358705156,0.9649593096125025,1
0.31403745239871084,0.1415312239168175,0.3684673248913034,0.35070657520050386,0.5370727985015449,0.885064028020462,0.3262279870432908,0
0.6716995792779947,0.9484405620876156,0.7575063732456356,0.00013504205501790878,0.27523734143257017,0.1925640845318537,0.15011469691136514,1
0.3382848270572134,0.5641507156878806,0.301337625398721,0.028229189861260884,0.023511440640559655,0.4903947471870148,0.9528420649913438,0
0.6781904953913194,0.9041522580553261,0.715182276582692,0.6064209482825828,0.21562391753424215,0.1960039088865072,0.8096081432611635,0
0.6138710443936849,0.11794213684903898,0.8224230055489856,0.8760015516006445,0.8031496363123867,0.3864624745332865,0.23706292847373733,0
0.5109479524520792,0.6415030138798876,0.360178038431752,0.3059097120924994,0.27806234313197276,0.9856042876405927,0.8572569328961415,0
0.8784060140676272,0.8401100363445436,0.4778119361810568,0.40189554464018595,0.013821932733225961,0.7651401904924436,0.2523014157758626,1
0.2460502656822472,0.7868815014136002,0.32222895363085324,0.20987641817745228,0.4249486566852003,0.5540737708315718,0.8274474750453352,0
0.7974666642989185,0.009938322534245758,0.42316421129032533,0.14279966929963595,0.6824712412886437,0.9354785301973614,0.6285627259621295,0
0.6895077229722929,0.4522054662122007,0.5807471490036328,0.8840981981885627,0.7524094396386135,0.3597035177454154,0.48258022044631144,0
0.2812678697706955,0.11534672436855198,0.34963971538424166,0.5721200130340051,0.4138983400186267,0.1732058604314437,0.9280729070195903,0
0.42168575461089897,0.1528251077777374,0.46413298856024243,0.7048747830502877,0.5718583914867275,0.8289526108922979,0.8093679301496617,0
0.06901417052308056,0.7062877099808511,0.4962236977102661,0.8818914704965206,0.7455082515279067,0.012175360936717117,0.12992507492256844,0
0.5975766577032856,0.9565795295312901,0.02450379042406947,0.5883932802924987,0.8892415023506486,0.8045953967355457,0.7055689571068683,0
0.8878909459755109,0.6340974411832015,0.16364896750993774,0.18028415070205595,0.639899235892585,0.0218571673070167,0.7895019522067659,0
0.11781842339802107,0.10237706080455944,0.5413743599304988,0.7133168246403565,0.6908627678169704,0.2843804312842865,0.5411276242077894,0
0.13199846000598237,0.24399659185515798,0.0026506644916182154,0.7478060500552354,0.0986751278287924,0.35549966553904755,0.27606837825411534,0
0.4745668524576646,0.3788743974239146,0.7041936420302369,0.4139485727736355,0.4204502876844305,0.31852912687610524,0.23447297470321038,1
0.28123010405783744,0.12535755117624459,0.9054649892319188,0.6168140266354177,0.8889588498559174,0.24343203931278223,0.9741459706733938,1
0.27692891141379916,0.8479681023750617,0.754569123079129,0.4845498338816414,0.16072005594491157,0.10817846076512871,0.43679346487922033,0
0.6386701341168086,0.19450518322077281,0.31415120360806637,0.3329994176311195,0.3099594211347093,0.0031800713481248133,0.5188250077167509,0
0.4102563774642892,0.12955107723374504,0.44984097017165936,0.6724161169608311,0.677963564409135,0.774711848599627,0.5981657322055345,0
0.8446475588893303,0.7256846721533149,0.6507167960704705,0.24745239887299741,0.9020739639824542,0.4569157486695601,0.10063140325753472,0
0.4289061207435837,0.12683235126557124,0.6804369386306055,0.3274708004692959,0.059040366638059893,0.16194408297778085,0.08129539558572896,0
0.6152754816410713,0.41031944714851365,0.977496899784365,0.4056887503475871,0.8704919764154813,0.08217702948400196,0.1981369079674664,0
0.39789137886833525,0.51550830475117,0.49298084924990027,0.6146202536413908,0.22032271388288116,0.2784378006036795,0.06532906686264828,0
0.2560234971697254,0.08022929369489729,0.2495348331370113,0.8522040869885862,0.8608558109001282,0.35437412342570707,0.8984722875703363,0
0.4713321064567534,0.5557882040685287,0.36219184232698043,0.614916626879342,0.8892355649566329,0.4614184269034537,0.14802427076558144,0
0.7204804260909692,0.4801640025499784,0.9224429572381841,0.7260813574697035,0.7754824253405667,0.10105351157554454,0.22656917191609016,0
0.9528091406754693,0.6684162787269551,0.6327095764814036,0.29265729611885505,0.9238165496022088,0.9799233391009086,0.5373103594709027,1
0.04216682590559795,0.21914592997366722,0.8642514051678475,0.5874150571827144,0.9611580889257444,0.2687463108700533,0.8962042259048245,0
0.5318269476809787,0.3566291440633138,0.7240855905647964,0.10385176943375163,0.9251861027480038,0.4412958944229677,0.04903121673361299,0
0.635966009185933,0.6596553390599784,0.9654303458316684,0.4632720007953425,0.5131290702910157,0.7090154305914489,0.21597445763582734,1
0.08572052673885289,0.03559662224106386,0.5012300569042324,0.6898788361508782,0.4636767631574912,0.3101902994342034,0.7173504154487823,0
0.829171023922357,0.11579494279367952,0.9499052593851011,0.17972252161914248,0.1052062599805288,0.08249696110211158,0.5191798119113347,1
0.27595199865804954,0.28355183131508377,0.8858902174383467,0.9020970792734017,0.21609096896280033,0.37654045557379967,0.5945183566149174,0
0.8749119459578175,0.106356373907188,0.8430944663355098,0.41719268602179593,0.652365385796242,0.5528727169962938,0.016953804972205333,0
0.552606961750216,0.03951246900530825,0.9390932428839643,0.6711418656568374,0.12734182264605376,0.8417539198536386,0.8668052329511315,0
0.15207892768195175,0.9873824226476844,0.5255376417725132,0.4698944980859654,0.9423805295319295,0.36792607888582707,0.5787407288239688,0
0.7392208902190904,0.45575998218221436,0.7428291190220826,0.7322581685528704,0.22704599534521974,0.889520960529575,0.8343678382242898,1
0.15722850262005406,0.5336840050996222,0.5553357697120428,0.5843032414132013,0.08793098970427471,0.5460753544600846,0.9637448770587791,0
0.7203784388482979,0.2549048963820515,0.7762609581766916,0.12257245262918814,0.235245311543957,0.7174866411944184,0.7321614942746106,0
0.8081982193893948,0.007687241920479426,0.7637524957118728,0.9247144717363909,0.04891158951707686,0.03016588570554013,0.03101048776165105,0
0.5755291451280665,0.7507241854081832,0.7584041919597146,0.6600606448874876,0.16608962520040438,0.8957273227673932,0.7115294658018593,0
0.27109244599314286,0.7237529822282807,0.4284491368744544,0.47207234885153215,0.5876840635733351,0.21344707996073164,0.5634706743560218,0
0.43733776364541077,0.9725407428893965,0.7962878743261553,0.6766048625569697,0.2891634385941736,0.3258686626191708,0.10353959370409849,0
0.5280204549710062,0.02110208240481093,0.8764893372500938,0.2608959574640506,0.8011604254881464,0.5236552764571477,0.27042706296609387,0
0.6657810997228228,0.13702073439064888,0.6362550243619883,0.7689608884371683,0.40473373512574107,0.9598298832589806,0.16884095823517853,0
0.6339255382669025,0.7121410487642788,0.45465293481459734,0.41122540852959,0.7139646102082096,0.34567510970908144,0.9248413883756463,1
0.4004243293625631,0.33007363734255557,0.8532482556175166,0.8050340147065644,0.7082938877287408,0.22050174091317498,0.7952833258072542,0
0.7581663674604794,0.0637731315104415,0.778450319571987,0.27405318564711134,0.1357782410084838,0.9607271934388089,0.7008539005725697,1
0.7714163649355044,0.3009581361836765,0.4696000944443124,0.7902799689454302,0.05658138386491085,0.8084643374857179,0.7633206392465126,1
0.6963311990829958,0.08771692549430254,0.5798690534821226,0.9066917669422779,0.841993989979342,0.6634202192278751,0.601246060872092,0
0.27215470420688437,0.8376057556111397,0.6858252530659437,0.9808207756445052,0.7008510022945001,0.40963635223542316,0.8552665877694912,0
0.4693962867146625,0.8769331554045996,0.6883215827990927,0.7767099871596749,0.1749809091959229,0.42045497992147807,0.22860814847504807,0
0.43275700214329915,0.6368899219870745,0.31103713715024484,0.70401322147579,0.6799918967818687,0.9506704424023099,0.25050456832011425,0
0.8167922359448654,0.38559725603737194,0.29269166879973885,0.5199419680092364,0.3294679796767461,0.06895849962310363,0.5917496554833497,1
0.8081799809344816,0.7687892457362625,0.8873468960895525,0.10573428794920126,0.056754083586309734,0.7575002055352321,0.8101353991030706,1
0.8660809046257799,0.6315902633391394,0.9370111400139941,0.5598539007417025,0.22876272759744842,0.6011504774197385,0.8357884556087218,1
0.2311757813734916,0.7919819791941859,0.4020651268683062,0.5632530209641455,0.7558048525573527,0.968435240330364,0.9762531306044371,0
0.7484545669873828,0.510907354669856,0.9133768940403004,0.06473386088166655,0.3907272482893107,0.5584053140266028,0.7622848745900411,1
0.8703992086757036,0.9583449044906837,0.47069225853041474,0.6906262193658564,0.5448620195374464,0.2805400295048738,0.23274295129571776,1
0.16649074106336215,0.29003369448849536,0.16720237983778852,0.14894243809628205,0.13654217927013257,0.7799187772335665,0.23065055011683222,0
0.03993706062490099,0.6041849274502268,0.7328804467868449,0.596611922652806,0.0926604535362241,0.9856285786652085,0.4455887449542437,0
0.10550854845592261,0.8080526003107557,0.04588508901857791,0.472633231443515,0.23925223884144242,0.9074536553340379,0.6501507706156556,0
0.6062023767018667,0.89387281888302,0.11391637031113255,0.8750542623198713,0.4725376487842149,0.29473921773461254,0.5129920173382346,0
0.42164787045558494,0.9467482898903576,0.9410055790982451,0.23224444047425963,0.8469911716937316,0.3463502913493346,0.06747296425313198,0
0.19505136392789002,0.39501097264563245,0.5176217381940453,0.1712070291568465,0.7633916163792912,0.7548201923343543,0.4819008144046957,0
0.5283035717568284,0.6993427291707673,0.26637636982840285,0.5511711138022656,0.1600644113235412,0.5981904888595526,0.8170986826756466,0
0.7855225142746414,0.2901971219804035,0.4804094797237084,0.46024293189998866,0.07147160795158591,0.011612761792375914,0.2403148124697746,1
0.8558176806969795,0.6493793076144719,0.578177632949089,0.16129755876645302,0.22550774543573582,0.1418616479249497,0.6350326230174165,1
0.7517209827954959,0.18422630513903093,0.6389154913934502,0.6137121819014334,0.8523284847047107,0.0854920535602468,0.26971952085993545,0
0.8855113948021844,0.4214511847822776,0.34822232021293553,0.9058173585342977,0.5158474934721706,0.17872871651145927,0.5556690147738046,1
0.6041853987183935,0.9202370756819165,0.3874029600708695,0.7402538387093505,0.8069025813092126,0.30490975644086427,0.7009788921361855,0
0.8370736807831642,0.8109063171498606,0.5497632354882456,0.20955702934946419,0.36958220093619143,0.9671995472755787,0.20722225196805655,1
0.4171870923625419,0.49650614886397015,0.6266645490969284,0.23840615367119,0.5904430946246406,0.6764693338515194,0.7395471304108424,0
0.8524786176576872,0.14684532604880252,0.9213564583144319,0.55756123250701,0.594732842911864,0.05476128814887704,0.6765184892794367,0
0.8958131888170178,0.3985716003641311,0.3922761425538891,0.6775171398085607,0.6267280951145556,0.6073651307946349,0.3127599597010713,0
0.6864080607184095,0.13867897858890088,0.874687221767953,0.9789954318854357,0.47015127463633655,0.43666429723124456,0.8949746940805734,0
0.43104630464937155,0.06852763815231044,0.9932181409544537,0.10481979131284092,0.23923960124267496,0.7540396426976304,0.7805141492063066,1
0.2816739129610746,0.9065113834452002,0.3390034910828358,0.5463449249347763,0.4284848490939748,0.8839280554523395,0.5211327832358867,0
0.325179472947566,0.49143147203901294,0.02728446343181401,0.9873743493918602,0.9747584564445797,0.06521322609780078,0.08268459241635973,0
0.1323551020734428,0.08938871285203387,0.6043712220986828,0.11089678683410298,0.27211225136048844,0.979932518059474,0.4406215183689992,0
0.0471618052607915,0.7166685913948189,0.9036476661204025,0.9725686499767228,0.7248283328516643,0.05790525568477889,0.32985052701173667,0
0.4144180460981123,0.07418150111897304,0.05338897522163866,0.4621779362758398,0.944729153338002,0.7323733489896951,0.2624454099984308,0
0.04266868555804604,0.3961654171436617,0.19714984340625175,0.7173896604459038,0.5662556738127862,0.9031319830227409,0.6435735613091605,0
0.8805880266982272,0.23029054281253647,0.6761504299177077,0.42527148759526157,0.4893359845007865,0.7517191746162596,0.9217301550984739,1
0.649958090222649,0.16463028319821627,0.809652891198728,0.8410441129586484,0.12083779476226597,0.15078940166926558,0.14655426116946668,0
0.8436672462272691,0.533549208005006,0.08664022409022698,0.9085178895200433,0.7532671895481854,0.20799272735640617,0.741637243915247,0
0.44441666074921227,0.7196896132600762,0.3637378603138276,0.16666518408437714,0.9114910140530768,0.04117906935366,0.6217148801976436,0
0.2239529436753499,0.48718973477778826,0.23873853389551658,0.7472423576095184,0.9806848153825589,0.1310719207728792,0.6670322578666731,0
0.29027882893496004,0.8208024548924167,0.9648764429692804,0.020739528900432735,0.2016575010877535,0.06101648646503621,0.845185565378266,1
0.8547331206241424,0.9173869255386209,0.6824688284888091,0.27686014231018974,0.920055413014621,0.05363876061683559,0.3754538606753237,0
0.12189323049101486,0.8071811045333833,0.475638500776833,0.5523425102425301,0.370267954375328,0.5621118657200713,0.5795543556076959,0
0.6982658341878836,0.9564916551435139,0.862352289418247,0.6032050433828288,0.6191525133364397,0.07670017832766218,0.2768236082277892,0
0.225690242570181,0.9290359714858777,0.5376623238963685,0.36526645041562067,0.2236506362233338,0.42506164123028223,0.28421162260412125,0
0.3531698801646299,0.8325168388012227,0.9113341131974293,0.2704381849229056,0.2483897712580323,0.7096629774058313,0.5132824630769054,1
0.003046752970858879,0.29263260060317264,0.23880838375303537,0.17165015947141982,0.6189581582599799,0.015134757138796973,0.007300149849204796,0
0.4790887693300667,0.17433206473368845,0.027338397969557615,0.23971266676942882,0.4848328803581615,0.6388775990814546,0.24811529247660413,0
0.12835281714028735,0.7270113695398465,0.4287384789656963,0.13022706998737366,0.9643983316889878,0.757183866357018,0.15162877630236482,0
0.8596474081839218,0.8455290342725789,0.20427724323973762,0.26116605348524646,0.26446392080502845,0.5366700942651756,0.11986792786356593,0
0.09772791900653832,0.8231235186354973,0.8357310701469315,0.821279325323823,0.8780366618061209,0.4755917455367742,0.3846286824495704,0
0.25036853735565046,0.6436224407080702,0.5329235979968048,0.28752227629068483,0.4604746711915244,0.7308408639120417,0.10436180916421589,0
0.014798405884745236,0.8298681647517767,0.2886636266918967,0.9076889440507153,0.1345540656303703,0.5297326218835345,0.15428928154006438,0
0.9928773782230785,0.7071661944152902,0.7735738942357497,0.24522911670681558,0.23912671574423638,0.5092830380386371,0.6687156627149774,1
0.6414377279545803,0.6653658613029171,0.5268853830332353,0.49196389147142205,0.7556996176096513,0.8018163767184814,0.6513421237614814,0
0.6435768210038422,0.04657649765756189,0.5027946953831854,0.1675699005540554,0.8266337487643689,0.8375547597964434,0.9450182299847637,0
0.5188608485495089,0.460474527941964,0.18078978147735336,0.017094681955170055,0.03956333936800582,0.3684182435998419,0.9202732385733737,0
0.8680554992067058,0.03384611358952805,0.9952152345438801,0.62554023654054,0.4100296365602928,0.4154790931220048,0.8739403475557881,0
0.14418808484438106,0.09237004794976,0.6590180710935634,0.3377658057772327,0.4941726504642281,0.8007602293118015,0.6909543613911864,0
0.7928518564660492,0.5410046531331042,0.8548235002460886,0.34507508295979594,0.6150333556572798,0.5448680888228803,0.26658936189550975,1
0.8071234759519763,0.047479033894226585,0.7597323411984391,0.40775212591477183,0.6506171415001136,0.686813423565847,0.1781577409099543,0
0.036128357979896664,0.913220382715675,0.5029338629454562,0.7777596170642562,0.8305587358615922,0.07517503664721026,0.9494178212968695,0
0.13267694921208673,0.45034095716647804,0.009731586897558153,0.39974158405191496,0.2733895638338605,0.0953687395585695,0.9596289899897004,0
0.5471489008726178,0.699966649714549,0.6666702018088329,0.08640675334769321,0.11192813226438658,0.5318014437158024,0.5044345317099196,1
0.09019152044321299,0.1477951824630428,0.10074431300163866,0.27875359925262033,0.18648677364081567,0.8192275442258726,0.5484136781485891,0
0.2823662262198672,0.8475952501049618,0.9614650350480357,0.5761292126221432,0.9368462311659346,0.3165420929077639,0.005372879790123686,0
0.4036731099900164,0.47806691633272647,0.24926496362654582,0.9934869048718982,0.5466821284782544,0.9606322634070266,0.14858559632353818,0
0.15721755877033683,0.558775919612863,0.3673329605212,0.14314698868263076,0.21909489239905444,0.7603253263635349,0.5459942985038032,0
0.7041466880981916,0.6484841798642035,0.5515594393998855,0.32345159669482204,0.7858647725986594,0.7817116598867807,0.18179311554388344,0
0.495061330959638,0.5398982528768816,0.5026144663473204,0.48559329279582075,0.5870074005125802,0.8340339410770098,0.47872934188874816,0
0.6398164408325032,0.5631871222548452,0.6551479420135704,0.9446436264444095,0.3673277989830701,0.25448819915161536,0.7949158034236461,0
0.47429952899113215,0.7445233289559613,0.7834476191589748,0.10842194386214954,0.018302530195462685,0.33032559968892794,0.8007779616779764,1
0.41248439683116245,0.8064713707971911,0.7576439639948629,0.7938219523110482,0.7827864603768787,0.11843179446439356,0.8616583120952008,0
0.49238905348813466,0.3061660634185376,0.9080856006901593,0.7229546767726116,0.7174415658633946,0.3803558221250736,0.2357120744815414,0
0.8995147680329882,0.9220492950491082,0.46991647652324364,0.3064378796453351,0.26210665167686,0.03583216344564166,0.43189727887590834,1
0.39603882829294035,0.3538966790957533,0.5341726442327657,0.773753659009039,0.2656199741033253,0.7514874916619558,0.6268454192352685,0
0.6422625968137278,0.2723256061978411,0.8740772048328538,0.5748738577977054,0.2714880295057628,0.8025571196643879,0.5810860720353226,1
0.8339625162146508,0.31143042212635785,0.2823311217609973,0.17136022372557602,0.6704197797542557,0.21362247587161876,0.9990731809890628,0
0.6210876502288178,0.3585151573878289,0.24592018415604977,0.28573971325346015,0.29417728391330056,0.48989903365746346,0.27628141620812763,1
0.2260643806732413,0.31693060580959864,0.009123507232059236,0.3283403020247069,0.3103627550319803,0.6719927788698788,0.07133945040814027,0
0.12195968250743017,0.8437501768847955,0.7384805231759978,0.3230294026882299,0.37661899389099907,0.7425405317120829,0.3878620112823603,0
0.5908771296482246,0.5611526805179822,0.6875856593668201,0.7463653811774061,0.9802013262726759,0.9694383222643598,0.5180135774814324,0
0.7273952915756932,0.9676453819373543,0.2767203194474309,0.6602948371666402,0.4600984069413755,0.20065329559519107,0.3872392180356985,1
0.7687371501956882,0.08395557537572662,0.12991547148175198,0.8198551560634301,0.3773753553216572,0.2467239087277473,0.3193641658044569,0
0.6938021974697687,0.6139801740497163,0.04253092448437401,0.510795840080311,0.47002297764439704,0.853879128762807,0.25725941565650334,0
0.0034542248571275413,0.09602429733300855,0.4878628878866713,0.3505316568577561,0.719203504846846,0.0972132164267202,0.4274843605502877,0
0.7738402948469364,0.45885008468052824,0.19348228852663452,0.06775126718139679,0.8836907352995232,0.7858822626807239,0.689202109396301,0
0.6046226894301795,0.38273502253338765,0.7933971224053309,0.7943924172572177,0.9908018162483887,0.13334072172993516,0.14886567032053954,0
0.9881813824315056,0.6807749151119673,0.950033729051776,0.07476899409542748,0.48606422867011434,0.4644707120804268,0.8655339228772806,1
0.7645872803327481,0.7454448132811959,0.7768594323261172,0.3014645788756881,0.4601430339767252,0.5922431526962902,0.6411222386683301,1
0.43020716077069576,0.23809365206569788,0.8515953934085907,0.6688836501557658,0.3303115835933559,0.7678775767555246,0.10737050322421748,0
0.6761499591679198,0.1937148164719037,0.990792308812899,0.7641703142252281,0.7790926146281145,0.11452967183499918,0.023519589270460495,0
0.6159357349166306,0.41951043252724785,0.7408104480012823,0.06851277484362484,0.6555861679982766,0.8240580920717326,0.051357077341508184,0
0.3373934781909429,0.2419873005028741,0.5673236672646526,0.6076176839441306,0.36336451357279753,0.8505575438051651,0.09036840040744876,0
0.5335291444353845,0.6766240071212141,0.8100112296496652,0.1371389107626897,0.5185416815963014,0.7934994691509306,0.6435390776614515,0
0.20438097948210143,0.5176976497628781,0.5638516660258976,0.7572399643969286,0.20582077328516402,0.9373112487609581,0.9408565097912441,0
0.08783017198281318,0.826977017931398,0.43251508734500677,0.7298528372467983,0.6939936486309771,0.8722251453786994,0.13330344413132755,0
0.7330244434240826,0.9812720422786743,0.032504980330333555,0.7480575690552779,0.25212354711352714,0.7679787242241056,0.28433235011053315,0
0.384128694255763,0.3781078645204755,0.6429803930028818,0.06375757285789918,0.3495460690225596,0.5793358196441493,0.8658507610402254,0
0.7557133223324669,0.9119967174758128,0.8975180329715392,0.5594252803279586,0.06811858069172871,0.8086245785124345,0.505673419432519,1
0.4883370172006406,0.777172237154336,0.6931514820762487,0.24084961502888447,0.2198704379498816,0.9753328700331001,0.42713268584350295,1
0.8097893747467325,0.149123411505392,0.4041462757002884,0.49580793825188774,0.19488255082488215,0.6373192487905629,0.4732311277366086,0
0.7396088216624698,0.8359283071920051,0.6168993910204476,0.9894113308848195,0.7353066835078935,0.24260512333890427,0.1011204186829372,0
0.7641309697217036,0.4815073123027359,0.8129561734126233,0.09047291603486673,0.6944677884398144,0.2478458699185283,0.21958960432884966,0
0.42933148793776177,0.7091608712001926,0.764240134690574,0.5940520228477385,0.5381438088549196,0.7959872427431963,0.9620167198116965,0
0.9611792597466837,0.702611604319699,0.4911784459918256,0.16499953210127805,0.3870565114697616,0.9894499563265311,0.6434248103411782,1
0.4052545814780434,0.8859656039877216,0.3616769449682209,0.5100509213043132,0.8894131195875818,0.21031183450568236,0.2862852303968495,0
0.7931437582537212,0.7611647034498906,0.39686377482861157,0.5209001456603295,0.8840833477231488,0.9700846966130755,0.9469776549163217,0
0.4895888054011286,0.8246237381178919,0.9079091457735771,0.45622567872684805,0.6028351731989833,0.268289152657166,0.39749526724885786,1
0.23508566360046268,0.3209119391372065,0.16985367738062807,0.6396155149429257,0.65794804502345,0.41280292928349827,0.14086396346811736,0
0.6289139367039495,0.9731375259619967,0.8629795922195603,0.9741929465663319,0.7964507056902602,0.9081532774182286,0.9653164558514888,0
0.46910942050639415,0.6615921620267838,0.19528371547490408,0.8052187020917634,0.7227749586212375,0.9618144673655156,0.6659315629353488,0
0.2640698623044667,0.7736916444786661,0.980889749834445,0.9585236568564698,0.22490148218758077,0.5669544097142252,0.7528154707683014,1
0.3825316797007001,0.8588812855127081,0.4483429355353751,0.1894529681725362,0.5033607016961573,0.950090469462406,0.02251182972768717,1
0.1599373376626536,0.12378321941089909,0.7334304557740591,0.993229362224599,0.15188590370172406,0.8424190785572176,0.2831454347861464,0
0.9870454147437351,0.33641087448940077,0.7293744365081589,0.30516377040151477,0.809380853490498,0.8663955325996172,0.9454276729059664,1
0.6431837207798646,0.835935971486579,0.7725310530482171,0.034165672363614785,0.6535768638490941,0.8682483361365654,0.15552550489836148,1
0.17354484707922901,0.9219819911322603,0.7893958582842374,0.4362360946724714,0.9790912174772503,0.386248808766542,0.8734776998916844,0
0.764588336173779,0.7560934220528724,0.03907473218712387,0.24619702864079784,0.136509686436462,0.030666069099766435,0.7704679556151881,1
0.6018784974804435,0.48230893155065824,0.2733343633247939,0.7621205405058044,0.5101476846734042,0.16465226679640355,0.3785175202562212,1
0.7225512055929785,0.2511222636061703,0.22970948760938026,0.08694130420285084,0.7240103382613757,0.07446836762475328,0.8867230329336425,0
0.5844863734132167,0.5250274899268101,0.6985932281165808,0.5480032069558575,0.8673423325358515,0.24239819548673525,0.9227069185564959,0
0.06046721938640465,0.39730022475158755,0.6833174550263098,0.2893966725275686,0.8533977312387963,0.05529390281125801,0.8668668061899333,0
0.20323973186725675,0.8856307962923227,0.2970334841736153,0.20673315821998406,0.20199946042788697,0.2769407369718707,0.40748009714355704,0
0.7687443316464836,0.5672650091412709,0.7935419334084871,0.875638680995915,0.9823209386598686,0.5889600747634297,0.5871350527991224,0
0.7543503321040899,0.39206635185584104,0.3116205748550972,0.5155052384095519,0.9813427876419994,0.14105987090493588,0.30612900038304514,0
0.7538753313151062,0.4984799205055612,0.34293522049266756,0.32544457306813646,0.9690586478315735,0.31574281293747,0.1299531756479897,0
0.015214717426955127,0.9335675437232821,0.39885085974889545,0.7461178960640389,0.6136128096955982,0.2241360085776829,0.9021119123991012,0
0.8051507913586101,0.6132584785313802,0.7445897093530577,0.8531904889981364,0.8319352584738386,0.0951022063374698,0.9811564386524861,1
0.4391281947824448,0.2289794001156329,0.011777931432039979,0.4420878393817371,0.07603360770080447,0.6760985883499703,0.058586088561150884,0
0.693661451343367,0.5000775790396722,0.906465251254105,0.18212404517221858,0.2554604167081139,0.8930263385812547,0.6877375338467407,0
0.27207967827406543,0.46565823699424835,0.6920549361872008,0.9943377595360003,0.09199590046689088,0.7159929299847089,0.9492486540723544,0
0.7695286368198831,0.3104042751065783,0.5865983797952179,0.35897623901570297,0.5055607170423029,0.6842142696325535,0.6079177153891758,1
0.9822817688105339,0.7362995117705929,0.23733164310279564,0.20550436837671604,0.9647301595111575,0.9830182466080598,0.047095686300618445,1
0.2535387506993193,0.2682869494507928,0.7855133179992617,0.10330908506521885,0.6491707502322052,0.7312751038287044,0.014913822687912415,1
0.7841976404168794,0.49254899496220583,0.8727881468358373,0.1238539361413743,0.4612521170229331,0.04710261224914225,0.5041023997582642,1
0.604950453028917,0.44104670293506754,0.5015467200902781,0.9430426908083844,0.7928357359327023,0.218246450578637,0.9399450082104861,0
0.27309581692567486,0.4668626672457824,0.2924608242530823,0.9466604045795234,0.5503362035325255,0.6374621170143753,0.2788655970253009,0
0.2943570438306464,0.5667755574737734,0.38055336601917356,0.5079329975220271,0.4576476669503954,0.6390443382812293,0.35032623951457476,0
0.731637671822657,0.6832972660575979,0.4162510126059834,0.6921352720905647,0.6293281810183619,0.8325984171717532,0.7959940946863041,0
0.2843459785961525,0.14299984268575694,0.30591538091286996,0.8326415439426491,0.5118006868657011,0.15883481316566983,0.8016617030169488,0
0.047793567187452424,0.2883251017038302,0.7121885168863853,0.5574545816739456,0.641545212392968,0.9812168109641621,0.9436390281376548,0
0.8739602998501997,0.7728367672295637,0.3421743079197921,0.6669812397779548,0.8026370207544916,0.5162909766008609,0.838671888322759,1
0.5889492537080084,0.9077453523866194,0.8212172091079096,0.9669739351715607,0.4624185115456131,0.9204124472917076,0.5939210600419571,0
0.7584736329059119,0.04465698603752266,0.4636910399252562,0.17253625008500517,0.41502124870996493,0.5293430246191989,0.9387546002316552,1
0.6032237386136037,0.07336557510105324,0.6289601803163565,0.13878353102509566,0.5586655372613355,0.18691480391457116,0.6144180746409693,0
0.5164574356805434,0.933829680863283,0.9479523182076012,0.7530317668689299,0.9047536341108595,0.35101882814380736,0.6015791671884556,0
0.7699823811868398,0.14794089458643578,0.4460536713216071,0.7033284224539696,0.42298228375891,0.2211663196722511,0.015502540725377933,0
0.0321563294030387,0.9792891305371082,0.1703462073909935,0.18595221602017353,0.8477497199876857,0.26422551195963717,0.4554572109936815,0
0.311886487495064,0.8282221317939328,0.5499223198966731,0.30241481518332103,0.6171628705814465,0.8903578416763093,0.04295117775196666,0
0.627468725543668,0.12070442644765578,0.4966755263044833,0.6852550641568433,0.012397146592553865,0.3773945933302577,0.8987695645180177,1
0.9439746948171895,0.10252505322306438,0.782583300689207,0.49436529642132665,0.47620257154743195,0.18267095474966222,0.010470612891250397,0
0.3936507231188714,0.9772969298648742,0.8601994632955838,0.8934751391257507,0.2105354279555487,0.3645423351868414,0.3070019022311411,1
0.9752909052630511,0.2548227996822684,0.7126197696971642,0.8371546988965705,0.15036636007554371,0.6172576469916957,0.9950666241850902,1
0.7552818620363843,0.5386672016556183,0.9714547070609464,0.4871197659641141,0.23443788632198959,0.20088612009727302,0.795065031045706,1
0.4848964492473753,0.2362357031699971,0.26919467891025284,0.6668644646655255,0.7124193471528398,0.05098105062817382,0.7576690514427274,0
0.4291584059088014,0.6006745131307138,0.23919556009154375,0.6434610611814499,0.6273827248993503,0.8721200333468756,0.7128807265233112,0
0.12944251893613867,0.8400285439110201,0.291286810445468,0.09207865359245881,0.5368531283320513,0.23922032287939154,0.051240521868622046,0
0.6151941406157369,0.6569091863977772,0.6709072893216466,0.42559186376881597,0.4952685404199474,0.9363628632405262,0.28819965824367166,0
0.05235366752392412,0.046616658944641065,0.23254101532391758,0.43988126824944973,0.3891780058269044,0.04714404682192519,0.7984534046530603,0
0.4290743254184891,0.5951893436337499,0.08841742411788456,0.8973672501493926,0.886567895380967,0.6508382101917022,0.8955519443557134,0
0.23770876272579422,0.6610166345999664,0.9777221835916994,0.8852807233578585,0.9324542380662963,0.6652425283094616,0.3500559587159522,1
0.9562860967060901,0.20089800128114688,0.3146107630001903,0.057635470017596946,0.7644377975378303,0.15602818968002974,0.25941623929411406,0
0.3632639555947075,0.762117900740794,0.22239467597593376,0.8451689806270761,0.2882245464984926,0.6652320519007898,0.23589533465987567,0
0.4892537277794583,0.6268933696292283,0.3587490022354761,0.6116824730863814,0.91386408243174,0.3876375774265941,0.5480638870993205,1
0.3754931015252002,0.009547177034054277,0.15842514305740196,0.01622596718651259,0.8191353767873587,0.3817689745759012,0.29148683973238276,0
0.13720980208901568,0.9505550730200033,0.03576781407899199,0.3816523478750571,0.12402644274421581,0.877479505270697,0.02133679220599649,0
0.3525820459635559,0.4455795903593781,0.30538356757589824,0.8880904556191442,0.34167755077213824,0.9524145559191941,0.39074988632881247,0
0.7789988391841303,0.23237895801613873,0.3378629357671038,0.35823359901657625,0.32760593632909507,0.17011393245877515,0.5537334995052945,0
0.6211956758553016,0.08619774191684515,0.8110162379389346,0.6764465336205184,0.7300467811702278,0.6840989951519546,0.6342430608903997,0
0.4374150029248799,0.3744289396013216,0.43563676582286326,0.5656634069504686,0.523898560589964,0.15471015571926616,0.3429547129299222,1
0.8205706697103133,0.307769111051572,0.7367522762068904,0.5898601002777736,0.2668845843474166,0.03500051097767887,0.31389204441476715,1
0.0041487485380335976,0.2979531414947808,0.7357126093787553,0.480800326703683,0.23079461692174763,0.14953084560069674,0.28387675062004103,0
0.8266008003132644,0.7932011413250852,0.7889920784616534,0.4823418657496863,0.4575050431004498,0.6346558521087087,0.6233253821471302,1
0.059535582618946314,0.6459211555013719,0.9185088844074508,0.9026454454248108,0.6659570297612809,0.7264373768549346,0.2836253476467633,0
0.8702719089110332,0.13305301093100375,0.4986313344032244,0.41381617944314975,0.5087259341077147,0.5070366637838519,0.9168528163843892,0
0.9475720468613335,0.7080741036951562,0.10395329813520682,0.19141227150920437,0.26103350931933655,0.9516656496950707,0.2816873804065153,1
0.8191694991392697,0.7234820054132544,0.038662942782555776,0.4197306275292674,0.6199850709663753,0.7641728716837937,0.7909359795514539,0
0.019593770562901902,0.5142686302608562,0.18690953747986971,0.7329127109494125,0.9989123077162025,0.16161822369156664,0.319731045770296,0
0.5262079644990163,0.9957670153539484,0.829211646846384,0.47524215517378465,0.17666875125501091,0.20793760700019337,0.63474063888877,0
0.8287962827514478,0.2834792731281043,0.5743494990314824,0.7320966846050432,0.5283995756843428,0.5960819573450928,0.699015725538267,0
0.5450163620948184,0.058455638280384026,0.1401182443155935,0.2397838475192975,0.37565612997151165,0.33330060358211056,0.17437334985934694,0
0.35993670604571304,0.028806210149256217,0.13263623794458868,0.5827611801042332,0.21841588249532495,0.0008930820490428149,0.3799660421161717,0
0.4706954267336343,0.3205480579118809,0.8915029379351516,0.864325586678405,0.8754922291417628,0.02429429370656433,0.12758200780677997,0
0.08069391088423838,0.4979179720836523,0.5200303597213747,0.52929953333025,0.9577705025003712,0.4080989842371612,0.5106556428662941,0
0.49631364484586815,0.07823105909188188,0.1718976574791703,0.636819243284019,0.35019578254451833,0.5236153444920133,0.9094206183899607,0
0.02784682790317361,0.5657986091758742,0.8967476148685275,0.6788069071829602,0.34729058129689616,0.6533187457630338,0.5962358357643283,0
0.6441154478304989,0.9008705652462979,0.7207271743072166,0.7396795646895025,0.09176208515615525,0.7631398202107695,0.7016601285404885,1
0.3904522530806156,0.796862814738995,0.47776871032100854,0.35028962024994237,0.6177532158219615,0.968758873120742,0.2830538367219707,0
0.1913429805225073,0.6724685639254913,0.4650654367162139,0.6268467080243797,0.026545356900964268,0.838865313726017,0.46822555687155964,1
0.01738290109730889,0.6617316945440431,0.6726517924339095,0.41616847549200464,0.4962104186333234,0.3559403695096469,0.7407787703679627,0
0.9221190142294241,0.7303005658328212,0.3383091954350146,0.3909587885303708,0.1528145326794621,0.5346938373132545,0.13130148396140207,1
0.5563190270838873,0.4942063842819383,0.999910163693831,0.4752015711614158,0.6723182846529213,0.2159200134290591,0.12170839705967351,0
0.6469533856486369,0.40179981808783527,0.7845545747381149,0.4078144634024222,0.9289100941300574,0.9687531312578934,0.22443460397408155,1
0.7793577145198409,0.3066555031142676,0.6409598550572005,0.025868607974236513,0.08878268842299275,0.5354429323294904,0.2367995647586637,0
0.6265904221798123,0.0996183647976886,0.6874524404918596,0.7419950763377208,0.7777404808096422,0.24967025111122254,0.9623979339150525,1
0.41310403351308633,0.5621625450179075,0.9960838740691134,0.5843386298818201,0.8305681027748816,0.7240437624964876,0.1586084300587799,0
0.6275882030329716,0.47251808417924956,0.010781644477474095,0.13757976435639774,0.1762063071890656,0.48789032396847487,0.1051548054753827,0
0.2525165797150243,0.11890289533850451,0.02282466901291924,0.26130797681593265,0.9226423016320422,0.9967250708549834,0.1376825116362862,0
0.5613516338537092,0.2682697485586968,0.7850278700870227,0.6110346463560133,0.6209178393888325,0.07471058679419751,0.20291104383999237,0
0.2055873013018763,0.7872029101804652,0.20939196026196372,0.5180168531629205,0.5349369415029096,0.3354721753429696,0.3687196116617114,0
0.9174228051387152,0.2556040489397329,0.6851665652917012,0.7234213310565707,0.6714125047823867,0.941851894523251,0.19715340541225657,0
0.5095676788422517,0.4257191430459841,0.5033404411686989,0.48923194135945025,0.2881091347015847,0.46119993376115753,0.08780017856236155,0
0.23384028082633745,0.16130765585758167,0.31867012556508656,0.8446359768733481,0.02541086673122006,0.3117945202687239,0.13661824726527239,0
0.6396325258679113,0.16984661199539852,0.2313400150591215,0.07745502132742632,0.4420512236420855,0.6048722114096547,0.7896680236483534,1
0.09031960349105872,0.7563457186426641,0.7767458937218272,0.6131883133805259,0.7433464037050186,0.6644935498963291,0.5200755468873728,1
0.43401901861067527,0.06667420114520928,0.17098191473789504,0.3715505090174046,0.9186503926223129,0.09280748694426066,0.745881096617865,0
0.8659646189430079,0.285026143929189,0.15872101126058935,0.30684281054963713,0.4301038172980367,0.25938735764965193,0.1766994126569068,0
0.7678585029493391,0.9808444899917041,0.4419326099689391,0.94364187143598,0.2636476916017445,0.3089753084588224,0.3051726831269679,0
0.7034395258722033,0.4758929138887652,0.11927679642961309,0.8638074991519687,0.13129550277993207,0.24581053234124084,0.9823054493384537,0
0.470603342643955,0.6062133427348052,0.6415118530914204,0.18371602913679452,0.9354943347735447,0.38287761563765454,0.08566817968915053,0
0.44687911789598767,0.6407896007665069,0.9919707795609883,0.05743701509047083,0.23094507587862012,0.3347084997408186,0.4386703838244995,1
0.011309627572005487,0.1961386793058414,0.7479132909298803,0.8672549058211023,0.9110712323530119,0.7314216478290219,0.29577061871041865,0
0.6000379468331496,0.36934209396817386,0.6032349544246581,0.16929697711695035,0.1837562035616559,0.5989345047722784,0.007334470958646033,1
0.5770083312913742,0.4007066377623435,0.39463849382326155,0.9282500399669763,0.018132739165049316,0.42919430815205406,0.5524518707637831,1
0.005279020955689995,0.23068320089856953,0.9879896582568014,0.27731985361090905,0.2242203254248294,0.2000040222912015,0.5500053017795612,0
0.1370435391320406,0.23398381193953177,0.8799432508777961,0.41165387096015515,0.49278953688029825,0.42063943505846757,0.32046063037951167,0
0.012436155878229438,0.6078693065019255,0.8205907949172027,0.04498392287279329,0.34870499505975805,0.18048402670221408,0.47225855923554116,0
0.25317894595881807,0.10847559101161375,0.2300066796762974,0.5375313732002118,0.9077207365843712,0.9521458587753618,0.3919475357780793,0
0.0038531219802473426,0.1291454464992472,0.12358069365470492,0.18873597261988784,0.5450845367281615,0.17377363063204698,0.46420570355017443,0
0.417369258229189,0.5733020488551593,0.1779410717573392,0.43107598838010597,0.11776948602000026,0.8586773673044568,0.8480485661807511,0
0.47639312133293377,0.44933806712722946,0.2586890944161474,0.919405710026515,0.625331986625738,0.6155807594732238,0.7139733072056053,0
0.43708166065979637,0.6119334658261985,0.08169882710586007,0.25257274992462664,0.3889468513095383,0.8108178381495901,0.2802446238579698,0
0.1993892056342692,0.02695951437810129,0.8884223291678801,0.6349188772344233,0.67894134540245,0.888561368087372,0.23954099544184837,0
0.5235592298648908,0.7049157272764677,0.18520108162124016,0.201989654654532,0.7861766965651602,0.8039849479858042,0.7252176527449341,1
0.8140946216505041,0.8498896418370206,0.22660958820268662,0.6098467456866273,0.9855514449666272,0.5892948961307447,0.22451479543464115,0
0.29121525056252384,0.5241402987314132,0.8881583557469038,0.2891542319813366,0.5766460587805704,0.2669938623288597,0.9075858638684684,0
0.31257543432329216,0.8408403195926132,0.9581432009300254,0.6815635770250804,0.3667506703684432,0.6600058638019735,0.8328164938698006,0
0.5428258425311067,0.39966265272966073,0.22178112568555663,0.7706225538685194,0.4336003514769675,0.004843550906892924,0.2525190475610031,0
0.23375439247272511,0.07892425881606835,0.2941840929906272,0.8806761648773789,0.4026217439661841,0.37746629735917125,0.80150025293073,0
0.3377863274974664,0.3775441705191377,0.800102897236033,0.9185951197537112,0.45053733205826807,0.8579636879310745,0.19134751562751728,0
0.45243722418905197,0.44636838832161196,0.9702638875642045,0.2413019046326318,0.030058668594975524,0.5805361918497028,0.024861012795855064,1
0.3863024022763746,0.8655377020098515,0.6496760972871555,0.12899377613731533,0.24732823872184584,0.2606236964282953,0.961120605556533,1
0.818232303781668,0.33471651316518436,0.44258468412880736,0.04851718835596741,0.987760804467835,0.8921808306904837,0.7613506643922655,1
0.8489935605851753,0.31510082532891637,0.6745795422408012,0.7203578672148815,0.9280145271270035,0.015269059960770992,0.48902341701045027,0
0.40287847491372375,0.8880174344843813,0.7802835108169833,0.18689233090521462,0.04828896742056188,0.8829250779417418,0.8432094186501767,1
0.4477865498672051,0.25096600326647156,0.11265590368352285,0.8001665355191346,0.9795808776675899,0.7594542386202581,0.07582133971997962,0
0.9568941262017452,0.6424465356009675,0.4352983550524089,0.964818154184818,0.791954162636307,0.1463762465212295,0.7396824379760043,1
0.5030875119212769,0.32663371292123944,0.857302063569122,0.14796454041617413,0.0027471261375608957,0.06290432137141422,0.9563257341391642,1
0.9930320513696446,0.9514558896845959,0.7054246741162149,0.2833307961464979,0.913463555213852,0.9512353818825771,0.8185906860311618,1
0.7628027726876375,0.1896249261134002,0.15377430901254496,0.5240647024701306,0.9603692313138422,0.06703318302376504,0.43167571065827315,0
0.26423222086492226,0.7239382838746808,0.7552131922553031,0.4305492219209651,0.6287580180678572,0.9737616190427607,0.34631092662406215,0
0.2290926653129043,0.5500641092659132,0.6674411141064835,0.4259416337643184,0.788329001777724,0.4206290386581657,0.8924159132333745,0
0.15906448801226314,0.9787078197410708,0.2646487686739507,0.2171055922420182,0.332531655406462,0.3535043234222145,0.29150705003575994,0
0.806145726203189,0.9940564377993396,0.34400288230736764,0.8892150250717293,0.572321261548915,0.650044014492085,0.9374481816230134,1
0.306862042175731,0.7936981004239292,0.31440649492412365,0.681589307712603,0.7315499491381177,0.49604674425972395,0.31984949580913,0
0.6757925102174771,0.10345606561333198,0.993248537303465,0.15386828935612173,0.5612608927326408,0.3900477977116027,0.1250148121720992,0
0.5401361495422107,0.4690069443267101,0.18372137482546413,0.004439039480433116,0.30460507362561884,0.6401617375201863,0.23588987206434608,0
0.8259973029066895,0.8545129731065286,0.8294153007705788,0.7626829481589051,0.6492002713045584,0.3500665349515101,0.5194832853708699,1
0.7508174336409373,0.6384832910912689,0.5306354196741428,0.015857620320522625,0.838418925587998,0.03435369915140063,0.13110603773368246,1
0.06374892435976043,0.878969393484121,0.880521684807963,0.880416601094507,0.8360082148526288,0.824639386346025,0.3799571557972079,0
0.33842760940515537,0.7993662099954794,0.9818611352417055,0.5294264585482985,0.13217096693032726,0.5146393501502596,0.9058556494464275,1
0.5200987121404477,0.3129604806352779,0.9610830929347302,0.9300857026247007,0.4454207961818366,0.6866845012774525,0.09388764264635441,0
0.8036389122543269,0.1950653793716175,0.8542530502887135,0.7718565279037393,0.038739223018102065,0.5751738851726529,0.614544224635485,0
0.7140275378886224,0.32256389934600427,0.4135722136315463,0.8943436023603429,0.632766644436895,0.614192345813591,0.4037646323269304,0
0.5494039506683539,0.6959449910535787,0.2712719393613655,0.7438177106174239,0.24216221484129075,0.21893973295530123,0.6474548524099921,0
0.8083753405217361,0.481064976142238,0.3194973926906385,0.576616955322523,0.9303548380411819,0.9346606277646188,0.48960809003871686,0
0.4349284761097125,0.04384820434218972,0.653138031388901,0.17306027251434075,0.6182559427444095,0.4477227201532361,0.8767050371250509,0
0.0556595739258674,0.7424769818861826,0.34186055624808886,0.7276465203305581,0.40061761474237423,0.9200967814704778,0.4024982620430191,0
0.8705357286151905,0.044696866456863216,0.43488864386163173,0.5923074738609772,0.731463189276687,0.8069180221918136,0.5084285081477706,0
0.5265933518964808,0.40930426164789446,0.07973639326946946,0.4546583317368149,0.2073916951501703,0.7200818438061748,0.13013705359215888,0
0.8084030873639884,0.46228437412151835,0.7710116226403805,0.5585912900592725,0.091431805858599,0.46011786176365654,0.49030659108593955,1
0.39208171795367286,0.5030268515448086,0.11146935892864318,0.23225638917168068,0.08738153077452415,0.022643644519567796,0.11473084655374288,0
0.5885522518794845,0.1390908882404116,0.3370265523403353,0.4044272287292764,0.5828051598478533,0.31521214959827404,0.5831298720107719,1
0.33109300546288034,0.7477901813084435,0.5904339722270955,0.12419763203351042,0.888868545674155,0.6648575925606248,0.42739375761231724,0
0.40957497444538715,0.8493722303214569,0.5311748510743685,0.4097696314242608,0.22275810478190317,0.33065333900222704,0.7833710034078178,0
0.1473982216830071,0.6979005517893075,0.8931305624230529,0.4669324551263404,0.7600483857611376,0.09912736927552779,0.41847697746269286,0
0.7416035669103981,0.9510706541411044,0.6586881370503724,0.8577720876344571,0.03762352568368055,0.5177588050443718,0.6305954190574616,1
0.2802843059983655,0.25750063937952594,0.7890447785770954,0.5271798299190267,0.35334007319765726,0.15447954639773498,0.05899237004080693,0
0.30173114445066374,0.16073009388677828,0.3034459254140066,0.9088685444571487,0.6537165095580695,0.3062205118715611,0.710018461695337,0
0.35418896255781374,0.06729526107727535,0.13225733678841212,0.9679178473994667,0.8262505625786928,0.5019130277122226,0.9574337821619482,0
0.43212611639720133,0.7215197359140552,0.7433299991014204,0.04898762396331435,0.9431917804288561,0.11627982900100287,0.44777873178260863,0
0.5761639120213643,0.1621072705303438,0.15357897801929565,0.5971434533176183,0.6325703649591,0.11252853830976062,0.009849057121969151,0
0.6828066316954665,0.9381814247414869,0.8341662037220923,0.2992336812794977,0.46267423256219886,0.21008882127639883,0.6036466558076576,1
0.6756895086242027,0.59835047652694,0.9430174431963532,0.8513256192594365,0.06063639201793691,0.5918056771446413,0.1451772747875063,1
0.42368091592829393,0.8041356662972434,0.2829278593459652,0.4940779682110972,0.27564764684121745,0.93319788783443,0.46796846996839503,1
0.4818906675811585,0.43469841305350876,0.7610050372389323,0.07808519998126828,0.9231118058218843,0.23903665441733912,0.03245565215705648,1
0.14032051795585487,0.734845863871952,0.4373383185423463,0.21500662963158956,0.5828965430802117,0.7198237118107547,0.44281163984417216,0
0.5215060826982759,0.44365113138950996,0.298997345740578,0.6738881684280283,0.3426772883168314,0.1893785044142583,0.8744858554695166,0
0.8770567021689888,0.5387638078140248,0.4311433333803484,0.07961508991011457,0.24881687333831148,0.6355149836533133,0.1353867585374926,1
0.4604498812614062,0.7735817330190617,0.6467672837423061,0.37907839731060067,0.11365702768765606,0.13771937984291927,0.49832572302171974,0
0.938013593099349,0.23815355554248174,0.9880682732153102,0.8716218660219226,0.7516049785125594,0.8453810833965169,0.2538720745845844,1
0.1557835399297649,0.88450951311169,0.30004373367562687,0.029201411680843004,0.41237613653830874,0.7425089858114216,0.2610306438910722,1
0.736909459137326,0.716298828969613,0.7059431948531236,0.6962003708211749,0.9365493653756093,0.680726444658139,0.6433030860933874,0
0.7079889103795148,0.7465401345959607,0.3348701031607251,0.6754841729040957,0.45439171119565513,0.014661776203388821,0.7482772154672348,1
0.6815289535756225,0.23816300670249935,0.25139407485963117,0.32073695127547586,0.8183765635964552,0.8364098516185701,0.8732853572716655,0
0.6628571993602883,0.09012738334548276,0.6318421417565212,0.11271667356408543,0.1302376232438106,0.15085051504055336,0.27824620433362446,0
0.022308273576866933,0.07285645125570328,0.7612880526765488,0.1024072692716218,0.15090762727671447,0.5334890152910078,0.07077623685520162,0
0.7421222520521049,0.647016559831672,0.717386031719435,0.969228048209102,0.27321191474212825,0.7766616381224039,0.44228219219476395,0
0.49968427479289945,0.15000238243269548,0.9425856785932883,0.6769162881770554,0.19123465943193996,0.6316705168895291,0.584591270821079,0
0.5241861896999901,0.9991914503945539,0.10736917077763208,0.3759912191092356,0.9767405872568806,0.8190247337193742,0.7395805872893769,0
0.05087264021119742,0.9610476610405819,0.5406636640671847,0.8335454435332942,0.8081417506561264,0.7088521363213985,0.7560716873516687,0
0.18838112831262277,0.029176756950691884,0.29084379335639643,0.10333620513771213,0.3484122433939153,0.7560761254479127,0.8636172245285068,0
0.9110069075631597,0.7250575884392712,0.816957078621609,0.126927885854202,0.5198231571720876,0.2987688158688546,0.031164263459427577,1
0.3155283367748759,0.2607720537157331,0.06202655174554961,0.19756297378890042,0.533248116768228,0.3791058127707927,0.980998060339783,0
0.39388022061542804,0.34089978491053075,0.17580345196226577,0.7635624017683317,0.6072090549966979,0.5014529306552323,0.9668156698109397,0
0.1892035191945809,0.2403104370402146,0.7720285617471249,0.4088957097020839,0.10361674783288244,0.586160745386969,0.03554705944146086,0
0.6321907821422827,0.8305456231088785,0.35464132046073926,0.6425762962041168,0.3489801650180715,0.6916710131815671,0.3132955326099772,0
0.7407008758068273,0.8937523257545704,0.6818001128098469,0.23245112750014896,0.08592979946337098,0.5555747323573258,0.7655426232735273,0
0.9212618414437288,0.040401556755240264,0.9985056777065666,0.7772982794513146,0.9190652186702755,0.7104572336206232,0.4785103801111311,1
0.5620636137917386,0.27003811317705173,0.459849103067659,0.8016652289201162,0.4034538736100931,0.15075029760706726,0.0046417275536616565,0
0.27563068081564435,0.4486984623180851,0.5329842403681296,0.4132578921290534,0.7270170442447711,0.3946466142214202,0.3547157882152502,0
0.07096331485159801,0.5218220315840087,0.9753280632112894,0.20928215392452754,0.9208264095042292,0.9133054443383485,0.5789389440040271,0
0.26610943802920406,0.08764687814346661,0.7463934888582053,0.630050275853552,0.30943732607541297,0.21695708618087972,0.8795801241408251,0
0.6183645422995027,0.8300281929757787,0.19675699747400222,0.25613538112421175,0.08784919541067826,0.14366086835675607,0.8292515159251966,1
0.9741035686177396,0.9339798995550712,0.8043002158222886,0.1482931785480286,0.33621624490630797,0.7448078382521905,0.94631940873201,1
0.07919781776901591,0.40286508296659995,0.5158584116774384,0.6157975641767212,0.6709875423025903,0.19442914512288023,0.4679281854921926,0
0.3883664380867584,0.8572340797660132,0.7873694128638863,0.5129087921515206,0.4997974665026429,0.45760952418316625,0.7982738056814077,0
0.6672357094143156,0.6763548900635648,0.5985525248720339,0.7834571958778959,0.0749535678324138,0.7118316997951107,0.10073559295507228,0
0.5745709442049748,0.5917436110805564,0.22733145285172218,0.292309498106502,0.07019623675586573,0.4848500854034449,0.518457871155671,1
0.6516926031972128,0.8190501499397602,0.8144395794168168,0.22530241839944243,0.6995616051579987,0.9015109749123099,0.9165807641779461,1
0.46320847169017954,0.47302961709252744,0.0020265337300942043,0.6405228850513873,0.7365453390240077,0.8781484518000889,0.8388476083147463,0
0.26703670543798363,0.5477160659809387,0.8880302203601782,0.7010601506187497,0.10950778094383895,0.5029505653099964,0.6556098493790649,0
0.48275226421273854,0.2746658596094115,0.8186092257271673,0.4133635121276341,0.7947178923331458,0.9608493645640394,0.14920332167250494,0
0.381536129936878,0.712184759721102,0.9701399917725003,0.44235976675604594,0.34555912071574424,0.2917738691141587,0.18208125986304036,1
0.7092975314285507,0.1590622017480774,0.03553774070871496,0.12354498602634989,0.06820913813738372,0.23389194087117604,0.6786522809520059,0
0.1716248223687883,0.2431615647304598,0.43763450288146144,0.4694191124196886,0.3338610391220641,0.6702449154334353,0.3255678198210009,0
0.49614793297174553,0.47992095421346437,0.1691315423909392,0.9613280151886675,0.7304751087964345,0.5727820791649362,0.32944794737219074,0
0.9590625590475216,0.38531248583803424,0.37398953580325445,0.11369782873984169,0.655778239082237,0.251106907779703,0.8476227864658809,1
0.5317939577064893,0.23957833716063404,0.35979140982995284,0.5679679597219132,0.48147087739845396,0.3711314588500396,0.020467132685048073,0
0.2372094747850949,0.19188854652663812,0.5975610623705032,0.018390891224538297,0.2796526799758937,0.23302700631496553,0.39251787301599905,0
0.9358502958006945,0.8608971768086151,0.4374299937818643,0.3253739638170887,0.4179311826774307,0.23697714578537554,0.23822048960093034,1
0.24415738685431565,0.5908588973893331,0.9655732135544615,0.761144338139195,0.3816106805228784,0.36757091818084797,0.02710027697473749,0
0.7511801379936851,0.37739265901204977,0.2777737708575243,0.5671612650260006,0.3900227241533182,0.9242196850080998,0.21657313074174223,0
0.10953126007294567,0.845780450949598,0.4187504597301117,0.08113232853259245,0.48969295041392624,0.8348978676382459,0.18424749447884425,0
0.8520896098053334,0.8251604867115327,0.7006548003210186,0.45183138031506087,0.45528383768133074,0.5124181851356127,0.5044742447124864,0
0.18057458760524503,0.11088705690382716,0.276543350911862,0.07907581562278676,0.10246890571915235,0.4777695138776078,0.4351917304595272,0
0.3941794681349262,0.5672856264132301,0.7238110943377715,0.3735294610513905,0.2901695661811572,0.031478521622398836,0.4716995255282269,0
0.9656203346050848,0.30561291673241264,0.7087124930674263,0.7689544049111844,0.1291092958850487,0.4622961651782408,0.8779112919217135,1
0.5793947277060832,0.5408348746909514,0.712238222414566,0.25824965663415334,0.6020962145868376,0.623776849231512,0.4944283716878617,0
0.2639959359251166,0.7179988171437236,0.6750764257161754,0.4533893383745369,0.4228150170999072,0.7785902070641265,0.639004704511155,0
0.0006271689619691267,0.00850758996486689,0.817460355056942,0.5003391694693802,0.6719257079368965,0.3559796920134912,0.6474832829397649,0
0.006789223380095022,0.5135675105756947,0.9949316965807699,0.8532758119398373,0.08760320183835335,0.9193887639484477,0.5168743957036672,0
0.2745876800209138,0.29173234005974547,0.05533645526608566,0.12150336058794098,0.3449090727761731,0.8401927835153289,0.3047742817667114,1
0.5268547930113837,0.5340109001581465,0.49714664187574087,0.5504185482232496,0.18035173700024165,0.08223344225894569,0.9031586001031727,0
0.48489126864605836,0.10984214407833914,0.8130809300195821,0.030789987938643293,0.09208771451295794,0.9029480546018064,0.43817551974500635,0
0.9218816312860137,0.8175664182352467,4.7209829221461774e-05,0.0933370746102804,0.7734467791054461,0.22282927768166794,0.571127982816141,0
0.7640941148411731,0.5436684520010303,0.5451532445046304,0.22072289545616908,0.13093662133056683,0.923318028251675,0.5591443247039303,1
0.9247356359341056,0.21106345043666475,0.6597982156045681,0.7197142733250721,0.1749149180732571,0.6306798176588683,0.8276380417487161,1
0.5117781883199135,0.7696847289500237,0.1917426735582708,0.041108817446308454,0.36677769871169097,0.4119202455925465,0.5346208349767076,0
0.44666641214510117,0.03778242831949119,0.4008205033177461,0.9450691158620661,0.29276279010840556,0.4364511234943712,0.456902882691992,0
0.5660882971203757,0.5928233896154521,0.7894511935554088,0.4276678276369159,0.9198186883778418,0.5627886450437494,0.4600610249439213,0
0.37214608771007374,0.5017616266156655,0.06668272103829354,0.8386519404094277,0.988646434951084,0.8438728661336246,0.779948594163636,0
0.2108114913371656,0.039645015260070915,0.1348667331336162,0.22187573655604043,0.4224007013793546,0.8369225170336823,0.32997510807831465,0
0.836660558467781,0.249705473228636,0.8180694716433132,0.3378107048192628,0.20113483407963106,0.414903056904124,0.9348511403931588,1
0.6805315835611827,0.07714044088089,0.8092055043537459,0.7270158267815194,0.49811168629282976,0.8490272393880993,0.8466039575677619,0
0.3256580922252261,0.7323869325042659,0.5904033637339601,0.37919717940040043,0.49566860373586086,0.4719541053644446,0.13834759930001084,0
0.4462812389004309,0.7057709699539593,0.4161866522183233,0.5074878958358018,0.46603863944845314,0.4175509276826447,0.31723902099348666,0
0.22544783477113517,0.08929796804829004,0.10565174507732822,0.8092522312773052,0.020336228853204963,0.2432534300651661,0.9056198658845908,0
0.5628390566601101,0.10920718465865398,0.8114372938464859,0.6510951534499821,0.12837695446753306,0.8279300170143881,0.2783713493015192,1
0.3583581431827797,0.8802822135572528,0.2417453611403536,0.8358760260701193,0.1410085887203717,0.6200635377891291,0.317658255261991,0
0.8755753174682218,0.20084744300296664,0.9131908575794676,0.08648624225123369,0.3517611015705041,0.43111780664891597,0.2174559853588658,1
0.5283629404564635,0.3036610712176726,0.7758379856680602,0.6080703776507655,0.5807878688978055,0.6623766534785472,0.05439405336382597,0
0.41173063770312934,0.6842801643937337,0.08093583784082226,0.6012043127044562,0.8778435272720354,0.8610119888920778,0.4784561275896635,0
0.7496197638732532,0.060723222589137205,0.6354931049670316,0.6070985344953499,0.22335618760704345,0.1978238356196943,0.7548530158055845,1
0.9051012904697651,0.9476565117582825,0.9206260032651093,0.5888102136927685,0.7712000578102077,0.39244206900031686,0.6599974087909344,0
0.8174190976257856,0.023009007095129985,0.8791682018403435,0.7238380569826933,0.2262078593622927,0.3803003925486613,0.027624972190729014,1
0.4949170951961588,0.8491425112657675,0.6133528792158198,0.8440363817176949,0.03261670129689753,0.07602185984940879,0.523382906365087,0
0.35644333703023146,0.3609060565579544,0.1719590138125976,0.2295979141478206,0.6498583319091581,0.3340682545769783,0.330289136194568,0
0.6621293431408594,0.15003992232733387,0.6802418233218624,0.10456382179683443,0.21463293077792445,0.7617930042126623,0.6417886858194919,1
0.8168680434911437,0.3774910790704159,0.666142058189772,0.07397534477922185,0.919655008340584,0.25334014009459294,0.40515982424475283,0
0.9786395773365032,0.9728415494855364,0.5887347182131331,0.15842795579217772,0.9334194137990794,0.8109150382401175,0.980530085299624,1
0.4572512359587363,0.5289777852781389,0.26574285314375157,0.6559527309732104,0.10503178801223467,0.955253564405487,0.8284501663357349,0
0.6682401436872429,0.05928018655546663,0.9002968228097971,0.4164983636896984,0.19471868012562754,0.22397045798853776,0.7003709126549854,0
0.29310325320969066,0.9415418655706292,0.5025769026162661,0.34948963701265656,0.21041360882134663,0.40966629452804937,0.5156670613199139,1
0.08746329645331308,0.1435615546325113,0.29711522462594353,0.909950975542311,0.9114385061704688,0.1313340382513425,0.591112878071226,0
0.25305772781531444,0.054687610400205644,0.2552220739441944,0.9001758790394554,0.07802380552595789,0.6921440821124715,0.4421355383257003,0
0.01449013419479217,0.04542590814757563,0.28101783065543173,0.5388915531432599,0.7511680373897952,0.4821999802956415,0.7946571708495477,0
0.5094275988867245,0.8263348977270208,0.4610941447440142,0.4585004537961308,0.2877046269885599,0.588711275601967,0.9082341371868959,0
0.37315611261192305,0.15301920939127223,0.230851496419339,0.2704407164769391,0.5824345614041,0.7786933398539819,0.9990951134240695,0
0.6782748098624484,0.17898289471867868,0.5174145651414516,0.45990204400008494,0.1772820579041705,0.7761791090034145,0.5988302984380433,0
0.6153140343174086,0.9441153505333783,0.19202348990268037,0.4109191636246049,0.8065296576573331,0.5159756380117302,0.6818854297359307,0
0.16786643444441685,0.6116111453942787,0.2709519427291883,0.006951838762945917,0.6707719409064725,0.8823208157660565,0.3998625121499564,1
0.6738215944817876,0.2854191612351441,0.11966545376805626,0.758576650728263,0.021146737883997235,0.9319312779276233,0.008473197246793962,0
0.1874002246540919,0.5864547447676264,0.3573946598461404,0.43857329035705894,0.23713255426886404,0.6307133075353534,0.7032367692400725,0
0.0059531442491664865,0.2430925185093672,0.40596967113783944,0.22284930240220557,0.4663502630004729,0.03840640187431621,0.9340354350671937,0
0.970192662959465,0.49426517790301727,0.4037175967361839,0.6662616773127952,0.5311754517496307,0.7759657080896254,0.8596245512657803,1
0.02698504704691862,0.3346224540833126,0.7248874993286175,0.4476683254661772,0.8272714796682578,0.8919172102415908,0.8786207730891578,0
0.34174907670648524,0.6226265370900831,0.4833611742315985,0.31373004328227605,0.3869645730756247,0.5566386358427747,0.4021259450735033,0
0.6375112409506102,0.7588086706686326,0.6930053063249982,0.23081074529414503,0.9268444063068336,0.7003578648859919,0.7135515303922504,0
0.3703745371585304,0.3485075186504685,0.03314010047040927,0.059141667218779115,0.1938854012996727,0.35604424004232205,0.6384299793312465,0
0.3812091547414139,0.1439130276382049,0.4365886483026923,0.5030221006475523,0.8577129827876891,0.5021044068728678,0.5409348060659558,0
0.7227275404552952,0.35574060516742023,0.08979779703937973,0.3754442452516571,0.9042995300255143,0.7981063836536784,0.15161982246673567,0
0.6021539344625301,0.7581548837985809,0.4621020043733697,0.04032918880836922,0.6266869668693824,0.8759611629161659,0.5754420573436739,1
0.5183774462765149,0.7870817206571942,0.6151995101121802,0.8124066301480277,0.9675238085125817,0.11521626636043725,0.29859092242465535,0
0.886316733883774,0.7855509572861232,0.7967393824527118,0.8082842637995395,0.41058729628282586,0.017185925392267154,0.703589169812442,1
0.10811364603720841,0.974572412767661,0.550219112844482,0.49002557185943196,0.69928316343344,0.37359188225548623,0.944852427972717,0
0.46976754211400695,0.8247828153858929,0.37950227338525744,0.8389004047234153,0.010097679588481512,0.3909176161195622,0.7276578026042125,1
0.23906674252183824,0.9685730305902309,0.2644624352253855,0.4810055327727215,0.27468045426109544,0.7733303754037117,0.2595289144711459,0
0.03680784816741056,0.6267923841493291,0.9574428232508723,0.16890276760547385,0.5663690063289538,0.008597228154158087,0.4652478405402879,0
0.9790337021822939,0.22934836855948137,0.19828546758736443,0.5175981774295886,0.8759337610379166,0.7640032503607427,0.5648657151153277,0
0.7340268272591296,0.6081962942447059,0.042416358586891856,0.31256695943302204,0.9529256725411923,0.5363264438004385,0.7261528309340542,0
0.2161855159913577,0.19783405566396473,0.12587939235622514,0.45236460846543536,0.5794333724588606,0.6978253888646258,0.1478475106234982,0
0.4024342551548834,0.08532625341785205,0.9975050992875394,0.9706698972449413,0.8558705332582608,0.5092585924258954,0.525592524081993,0
0.22602424375397934,0.3013245071569419,0.9061200297635517,0.35553087132340966,0.7992324090795168,0.7907249027428302,0.8601364880580511,0
0.6848552859838013,0.3627755558861716,0.32025787246995074,0.21588985075272382,0.7736739890950626,0.43706938889390445,0.027588052000675267,0
0.35044707143898335,0.7088879366364993,0.0038491771237151307,0.12855154633365684,0.11145869430160837,0.34584085955738064,0.7275803661277624,0
0.919862581866064,0.3630767112608465,0.7672060268675777,0.8839277032445828,0.4786389948397074,0.6365190517692084,0.8804364963645592,1
0.20755521915096586,0.0031484011959986846,0.300536257299585,0.014938397316403673,0.48625947300100947,0.44444495926131655,0.7957637065184864,0
0.3498261843253402,0.9169413006688895,0.022149333266808013,0.9074537250298716,0.7874582336376977,0.30342643702403094,0.9318391190356681,0
0.931814486043558,0.5894041908984641,0.45660459018404764,0.061772024204977405,0.586107512388882,0.9135464022315022,0.7827104879848178,1
0.8846807541020799,0.21075807540171998,0.42415595579212395,0.7526593581749482,0.8198526999712261,0.7232736057115836,0.5180231672341924,0
0.293170145983055,0.25228762552803685,0.36175858432019814,0.2936509507660885,0.9564505796207275,0.1968774405726742,0.47693428707908236,0
0.4830686776871693,0.1241402365974621,0.6533673977922597,0.2499074075098897,0.5546638539639083,0.7401059700504368,0.03183968017058614,0
0.8837049834530778,0.9065467482209276,0.7260143493621172,0.17993539313202644,0.7917110337948089,0.2523968148557104,0.01859936708065968,1
0.6706345606745977,0.2302085880453707,0.5591837717518198,0.13451516636787564,0.5605599864216361,0.4312733133949127,0.6394688851748314,0
0.6372796813332863,0.9406471355323915,0.013986773476310499,0.06623467475633982,0.6257026805036172,0.21742203920806968,0.27540251446294894,1
0.6605585700933898,0.26431135824251917,0.02241598606202988,0.15504459629470158,0.47600632721062097,0.11329784535821874,0.30709536276173355,0
0.9209811342229505,0.7992511964511854,0.8817437696669745,0.5884773192012508,0.9595953637686695,0.39906365580706016,0.8070656572334951,1
0.5171738407100935,0.010452152416624227,0.1864426495135213,0.5696786112846742,0.8175773082529524,0.5550813952444252,0.11127138914431478,0
0.18177986056178697,0.483273595217213,0.39806437130228534,0.28107469259467743,0.751941382025116,0.30212169735956196,0.2838346282521319,0
0.4727237538783359,0.36921453300492557,0.10352728911520392,0.6798818704678672,0.3295833252293262,0.07500299903086649,0.6850385736247737,0
0.7288883018084368,0.3345857589338799,0.22930097506400948,0.7696290236599684,0.4854149907555918,0.24963731093625008,0.0305662261169114,0
0.4921343140377996,0.9921562936902782,0.48535365874645164,0.9801749459515243,0.862908974726518,0.24565738391260095,0.5197892172528623,0
0.31326272435959013,0.7208667113706058,0.23554656840288446,0.43976931667873365,0.936383237105957,0.5907522093551902,0.085460922278071,0
0.6663299119538214,0.25577791910000813,0.6590826512183856,0.3745890644388147,0.9975500104548461,0.282148678847722,0.7616567818180858,0
0.4502297528395458,0.7524417548407702,0.36730840235716944,0.9731748598601498,0.734429239965416,0.5337758719094581,0.6345824456654288,0
0.9628202613223725,0.1295687722425496,0.7884667667400249,0.9421525470187782,0.730838552368924,0.4703396311376683,0.6085519464397285,0
0.35214055091794594,0.925928454140468,0.6019504524069967,0.9269478561429034,0.09387535058789742,0.2663577920500798,0.22128505568061763,0
0.7174869236288115,0.4263862246690936,0.2539650569373767,0.6087857505609557,0.7515408327341727,0.7412171754625083,0.724698699867491,0
0.5550719899198886,0.19066291195817375,0.8083829660583364,0.6177317865909275,0.3467413145506387,0.6675912207163829,0.3016791546303398,0
0.07756477339942391,0.2728204841505586,0.9320870702858935,0.927980194778971,0.8646235357988866,0.6802729631291498,0.570814786812443,0
0.4697579174852792,0.15514883990094408,0.12004429901609714,0.47981907274980484,0.011250779098934793,0.43358118651855215,0.09202974758742832,0
0.029163742165443485,0.9305579946459018,0.6696634799588961,0.2134752924051414,0.934385641909028,0.31659634571276185,0.09608651881807295,0
0.7898317031064264,0.3058936125313897,0.6307954899146341,0.9852587225971717,0.4838808404408427,0.5907409907029492,0.19399023011316707,0
0.7345300852272553,0.14285088717343564,0.6697127346510137,0.8420697281293604,0.12795575515371527,0.9590903366514864,0.2160050613673441,0
0.050511837939907545,0.8129007748623283,0.031185750496611653,0.05605379121745979,0.6009985838637976,0.4339601825235455,0.12643242343667038,0
0.4996947135958536,0.21325912167690297,0.02812586139317763,0.11246502653247226,0.6920358537778812,0.6652833708586291,0.11824844804107892,0
0.9615394625572534,0.09415035004094041,0.29481150005793033,0.8821175076099885,0.779798316743565,0.4423496688422721,0.8790310029063609,0
0.2846387802269219,0.6683949116493773,0.08023307560543835,0.30108667708673853,0.7018475227609069,0.9326016603399874,0.554633397414084,0
0.9043032973273998,0.007405684964307824,0.36607797755496496,0.6963857915347341,0.5533752941362293,0.26471668688007244,0.622177025389934,1
0.1510926597672163,0.8324205936752171,0.8724207008291891,0.11782188278625405,0.08194402526686617,0.4583999450912841,0.28782176451057484,0
0.0066024537794789895,0.5627095650114596,0.3544362812129146,0.17053367231849992,0.8628983754342697,0.4936522719986882,0.055487369327944736,0
0.5305213852260082,0.24681842157974476,0.3928462477421494,0.7473667086681287,0.9834044943568957,0.7286479814540282,0.9682737338557164,0
0.2392433079633277,0.47359375722434405,0.26752203422461285,0.979291687016325,0.7780069860682399,0.7213088799787698,0.054028141521615614,0
0.8792242020546888,0.262414950107154,0.421603210296831,0.5021988004066943,0.03474217541977298,0.7394418998846742,0.8226265404506604,1
0.6739220044652154,0.5328571214743194,0.797512131296931,0.042916131478336506,0.7556978754244337,0.7329402452605882,0.6650864317103624,1
0.6868903538084066,0.5716441212041515,0.8308913344266358,0.2343170216985898,0.26964103688609176,0.4697582656399978,0.40752101446107525,1
0.6732804027885735,0.7716821599304711,0.4210589667327871,0.21270095903496034,0.9621001848262907,0.15556449743278278,0.7465973038478437,0
0.6789576706353934,0.4660874200756173,0.3968605619618628,0.9352722049441108,0.06350756001430813,0.8704381108808287,0.7647323818546362,1
0.7471148564574474,0.7866378119413907,0.19506547107699468,0.4191499912262878,0.09225839282971338,0.324833204208515,0.8782917643507749,1
0.6698876533156504,0.06924366837725482,0.9756016489445888,0.947672803025135,0.18137033737434483,0.11031806876438133,0.5449253117434986,0
0.8342752755727286,0.9213429318089693,0.3109953178466536,0.859584610757451,0.7531581109511633,0.1287819705475397,0.21370721214898747,0
0.5581221370247121,0.1855087229926915,0.3426426375909799,0.4508064053934434,0.6514049622081317,0.49475877605475227,0.572578783759831,0
0.35068822386176957,0.8365773396064272,0.42985644488301844,0.0248600423104679,0.727236705498378,0.4259339663241827,0.09931508849905324,0
0.4668471716841809,0.4946317837248777,0.08043351019359923,0.972950519011735,0.35388424414210373,0.6635266442516616,0.37622898877751854,0
0.4402350320320447,0.1047174061945153,0.328537626827038,0.010071432496234545,0.8795757568449547,0.6118655255750748,0.6103665427010859,0
0.33250630482795207,0.3598024075888946,0.930584704369059,0.8561296716900385,0.4462560762160065,0.10741196061569935,0.2518871239967265,0
0.4154681225021828,0.9183306145094002,0.07443177664704637,0.41323183342904835,0.1341144420508762,0.2967487564949969,0.8650827488614679,0
0.38498675177937036,0.8347139553997652,0.24048525617886174,0.30130893488788857,0.7674740373334277,0.8962547981931245,0.976051845334896,0
0.1111402807196522,0.7223157808530244,0.2177510008855591,0.40830061006485785,0.5295383772148875,0.7666826426836945,0.07591007021362195,0
0.8305523010594501,0.3798458809867661,0.23506952790614322,0.35690943685461063,0.5934110104971742,0.8705412025943691,0.2058926762241634,1
0.7564657312317878,0.588790813506055,0.9546157695505205,0.6891192621089085,0.3851208122579346,0.02198762264360221,0.4730116036464498,0
0.3375387321311737,0.23212197093694753,0.7085554859689036,0.5727231348392804,0.7107195401195431,0.9120886956177368,0.03794142595858763,0
0.9451320390628379,0.6478435132972858,0.9197917433391197,0.2569048531286757,0.03556795421892667,0.8610780184858082,0.09292743183877339,1
0.949362540663467,0.260940325593234,0.8576105853743231,0.527501149633936,0.4911757657342978,0.45227712383692953,0.9006401236099272,1
0.8567197245192181,0.829006819526861,0.6247460929073976,0.40495008938110666,0.4271585769686582,0.673588037521129,0.045529844501438266,1
0.029372838860451722,0.7044982247978058,0.5598086507101759,0.9206462559217867,0.746478031646085,0.2719936131713513,0.24748425266600216,0
0.37121799417199164,0.3860896175103047,0.5090999030804217,0.8923780367810549,0.2658692094884929,0.6585882140500087,0.42363270680553744,0
0.45733656677190404,0.6594819317692229,0.6895331279877971,0.6173459102698032,0.23371143188602184,0.7987712592456803,0.02045921682624441,0
0.7187162824723679,0.3251361536866747,0.701824799380181,0.9653678096578695,0.31983227059134256,0.48355586960283303,0.8105938006018973,0
0.6348123344361918,0.15565294935928609,0.5994575027262152,0.37512704811018815,0.48054359060965357,0.028273503058036997,0.8300077680991133,0
0.678378613589376,0.23518394855297553,0.44894141413702815,0.08797027599382479,0.2098773989437428,0.4163453826897562,0.39467024034725295,1
0.7672134138015799,0.2716880340162283,0.6753635416335829,0.04765230386150865,0.6842070135584446,0.7249802479339604,0.20178395327092624,0
0.9484354290691109,0.2266166155444953,0.15668416892865222,0.8334452343920059,0.3316112603307205,0.7037561268313833,0.8923580362370653,0
0.551508367250052,0.6783560000952655,0.5515336859506076,0.38349062260755307,0.42152720654985454,0.48630348238028087,0.6785560852615155,0
0.9040424644901206,0.7396613587149837,0.5192998581380504,0.8602737888398567,0.5575934270864206,0.9857090754071995,0.52386178013543,1
0.8148188850736438,0.457139203675865,0.5346748582268582,0.4587351898885439,0.3768753343162067,0.11704586951647455,0.3923978077639506,0
0.3379242483124728,0.9877938852472142,0.5108187272082102,0.011173603200106963,0.7012270688647932,0.1582881854233742,0.5392768470866179,1
0.813670467189436,0.8910206052785414,0.750263356605312,0.5286484062691404,0.6561951981172588,0.2583273492341608,0.24951153933732817,1
0.11734527197305455,0.08705018501255413,0.7574928916557829,0.5945461873811996,0.7568348854931525,0.8035449249750857,0.44960007668827573,0
0.15875962390917175,0.4604506563081415,0.3295827544070429,0.45150887552853436,0.5230045777824729,0.7628182928971521,0.6858977223863066,0
0.9923784854930484,0.908476708530152,0.350752821851799,0.838034278705194,0.3674218545507728,0.7727618398394509,0.4113588648231572,1
0.4286886012262021,0.2202642083847447,0.016486039956395082,0.6440081587340292,0.20112771105284377,0.8796228491473754,0.6849545724663588,0
0.4606180240028186,0.3783960255323696,0.11329609997636036,0.36473923633451977,0.436886112565931,0.4429108066885379,0.7387255658551947,0
0.9510308676301225,0.9469474561344653,0.26232507648493786,0.7190023880369281,0.8730146783529794,0.3185729699426407,0.7537119144787656,1
0.3618397861633922,0.7760623746890287,0.7657103385619005,0.3196134369203022,0.12102609881243853,0.6003821037274231,0.5691779270650833,0
0.2369665973972025,0.832325000854712,0.7978893466487043,0.8385476353408735,0.21540175606290934,0.4098717338468879,0.18438797972503207,1
0.07782173743734844,0.8794837773982929,0.24801513245698603,0.2801037046715166,0.6652458086548234,0.5238406140648755,0.7005596936531125,0
0.5226198022042828,0.171175672412896,0.8697552605568449,0.6666110787636046,0.574951696501963,0.14021732123075836,0.8192810588683627,0
0.19968914303967145,0.6992740173160289,0.37569796906429787,0.4150920424672335,0.9161855261615514,0.3963825091093772,0.09428883842967029,0
0.0648060347177174,0.8028012901158306,0.7980519513439962,0.10118327594656584,0.02903327145540313,0.47263404255094643,0.8959659733259635,1
0.813069459451703,0.22647949836193493,0.46685376743489493,0.6297047642140985,0.8785162863972618,0.08744043447698746,0.9413006918195755,0
0.3285969163415975,0.04335985746601878,0.7126005583541398,0.3830538057844064,0.7254899192277945,0.9944952565853343,0.6682359397910362,0
0.5793901820284002,0.17835581427998304,0.3563130694073432,0.6342633980088629,0.7755166871290418,0.0377859258701172,0.1110648837095134,0
0.10464563978109753,0.7414028712082661,0.07060655889715595,0.5399035799116874,0.3786670792635153,0.9195156147363284,0.653690795411102,0
0.5055826330507975,0.6942906373070322,0.2540515360115351,0.041595124893779256,0.3073252235155529,0.08019816519507472,0.3560684086417323,0
0.6318401125291808,0.8917261478666751,0.6970890812787294,0.20497828334174084,0.014377833984408839,0.8592976442140563,0.303645567446446,1
0.44986361094419447,0.3169530213293188,0.9179569952625015,0.70042108267938,0.7874051644805554,0.5482417769495761,0.03676401048151445,0
0.3374818164162481,0.6217440612349193,0.6282915638587668,0.4676558366632191,0.1615532153864534,0.19633486804619205,0.7248340866032845,0
0.3109550343993315,0.026793405318112473,0.7689534971323594,0.46646941132342445,0.22612917493944718,0.23132838887627927,0.5666799315569369,0
0.10938375290446278,0.935084305233137,0.014123409145684884,0.0023986001913645083,0.27656144744680533,0.3516083624174461,0.450793097767491,0
0.11569120972852465,0.5544926061962594,0.7600630391053893,0.30279819729393687,0.8696743240191283,0.7940227239423482,0.38868840931760573,0
0.4956961629001121,0.7483853476983414,0.835537501454917,0.6694659632043591,0.28790039715512217,0.14714621509253045,0.4118522225909932,0
0.13882925388476586,0.283815952836197,0.41265125279557857,0.8869880889996629,0.42568323338090797,0.2422314242663396,0.45309465495083834,0
0.22345084197021048,0.08195437311826159,0.4938913440098792,0.5740070650405987,0.7473445232523489,0.6926779306234606,0.47748861300106604,0
0.1648176724249606,0.0628220587477255,0.05237308423837783,0.5406453082809564,0.8922710007733372,0.6139913224948899,0.09768060121670552,0
0.8024843613341839,0.8146603928328213,0.1746356563161473,0.4703147638490268,0.7911825270571453,0.42082457162067943,0.3803210051412208,1
0.449717067671902,0.15194595140692857,0.05647716231733002,0.678481123889816,0.5354138668561839,0.060536228785776136,0.06403668911253979,0
0.552589531399274,0.8240018514363057,0.7313683345618767,0.798131162056888,0.0021791983273001803,0.558498789259774,0.7759308992711487,0
0.5829581480673051,0.26526566433748167,0.7998640441187217,0.22068371741537218,0.15784227968384978,0.2292212637277553,0.5222394460744498,0
0.39638487281676504,0.5412720487467817,0.10866685238325924,0.7139764169307188,0.2536027692075433,0.6121003269598905,0.7995151866005379,0
0.2984310506433274,0.26191659283748325,0.9215960230170906,0.243854801255871,0.4137655539955445,0.2745159099938269,0.4293200014140588,0
0.38244550993775617,0.05008381361583791,0.8395266613690276,0.03179229969678765,0.3621896146249419,0.9803309620780761,0.15309837404971893,1
0.5348231974198256,0.5422789072321486,0.5762849726724409,0.07467988019100957,0.5144063432090471,0.5905939703120465,0.2995755452843136,0
0.3585772605732699,0.3671204106352953,0.9782881051012499,0.04654153059819277,0.4120275276349534,0.5713055467045615,0.23386065383466736,0
0.1366159243797309,0.4351099828188163,0.8824676416526259,0.2801735563093354,0.7260667042259646,0.8367683844159722,0.43990393550258855,0
0.9136869421436272,0.601558903975592,0.22264178334901974,0.12717330077582778,0.05223070860931511,0.9931647836212527,0.7889108527984579,1
0.7324062418938101,0.3136607073675174,0.9540356869412919,0.08520404596587605,0.9947281758729101,0.779171992778172,0.1166330525334982,0
0.06626986046523897,0.5638054327272889,0.44295940399648936,0.14758719081210547,0.8430588525372795,0.5938954959857716,0.4001001746446058,0
0.9056999501394369,0.6577731864301078,0.1548659119347221,0.038198302274020546,0.33496666723848245,0.8635247917627549,0.09179117671325565,0
0.1704651900184393,0.08954493393736629,0.20008975645313876,0.3435516543176349,0.39680210827191853,0.18120906404430148,0.3914560168416277,0
0.09773018349210427,0.3500965669528522,0.6841945279627867,0.8228160087989337,0.9637067093535552,0.7642293713073771,0.5825224383622252,0
0.17321689773558313,0.0899472981731192,0.9875584131524991,0.5537785834776362,0.9358042932210331,0.6798988739318119,0.06897477691104537,0
0.9330339056594967,0.006933587647463768,0.4452716944258749,0.06496661978273588,0.3931735655414771,0.563251080540544,0.06664183575272897,1
0.22129427740351915,0.05123015270506781,0.5731347318566926,0.3749232802059558,0.059615828773594504,0.8667561607244438,0.730510111550149,0
0.7869919257020046,0.5922147892006929,0.30023958887698643,0.42983468222601373,0.9879663667676609,0.7096571382991508,0.40749775837978297,1
0.6430382252087388,0.0843052705663746,0.8454575179349842,0.1724114368826134,0.6537533802963228,0.7167334605499457,0.3513822689640046,0
0.5182230783659546,0.8685015915147873,0.11515595634083098,0.37301187788603096,0.6930018104323753,0.9097414613091063,0.6863197320626995,0
0.3655936371634172,0.759444080384457,0.5822473531243265,0.3367550321837147,0.274595461081651,0.6994120621350592,0.08476335065983454,0
0.09293410589470852,0.008818270915637139,0.5862204843285147,0.49380835163675196,0.8187044697438044,0.25542391479630333,0.8597149640399357,0
0.710654777801551,0.5732451962534887,0.0011397380900641796,0.6972921568436483,0.5574818763578235,0.18362521562686362,0.7754260107578016,0
0.39478147482075676,0.010251912547130204,0.9405623868480634,0.47883695588556907,0.4702423338220346,0.5131968259579262,0.38964476284298855,0
0.5349861401692815,0.10919481357840499,0.9743423853769856,0.07395405114053433,0.7412019909396749,0.2349121569345224,0.468707439664965,0
0.051761815961741675,0.9882492765309739,0.4674734399377929,0.05522870589016149,0.3718994758719565,0.6996358328053092,0.39771555210631104,1
0.775937829848425,0.4570231942962514,0.7256415826431425,0.8879594310665924,0.4294048178686334,0.8427095847978184,0.7852302131065025,0
0.6922715128927612,0.027211201699569032,0.8487119416798113,0.6947640634116726,0.6523268280074226,0.2918160087345718,0.028993938782117534,0
0.5293003699133031,0.8503145185919957,0.11670498017449549,0.6571792571976823,0.6395864201274628,0.9134744109043786,0.6713886511051879,1
0.49630742790747906,0.9173448303740671,0.08461889821786117,0.9132012771869404,0.9711859670139776,0.7469036273115917,0.3025477526593182,0
0.3370307615794077,0.5483834398066267,0.6893098199109546,0.5415058641438435,0.5628513092678523,0.9881409117284955,0.7795471218325473,1
0.34240389540079397,0.7059421022301209,0.5594923122564306,0.07372331281340994,0.32098544928638073,0.1987043140317578,0.9839088371668706,1
0.06846591864615492,0.7801211368675888,0.6793936751994114,0.7143847214026764,0.28743887746973573,0.4615470669036096,0.27897823361712537,0
0.6867135937559309,0.7346717675756125,0.5719965077217661,0.16227227137325584,0.5340190064036873,0.6403079163734795,0.44585173995074,1
0.044972947623963866,0.4945221214435338,0.7263917726908736,0.6661945232517502,0.11955894180325266,0.7629175518759505,0.547590809999749,0
0.0014187793368453105,0.8326844392727085,0.1549092583248629,0.40070767785903694,0.5880989082420489,0.9119326868876935,0.5510490747514556,0
0.030981185725411087,0.5273285208134662,0.21561813909342475,0.028225809107588762,0.39025494078240774,0.8912700319290705,0.15657066781471674,0
0.20344747176706768,0.2595032671863613,0.2370231660305726,0.05552956186023339,0.3519970785172897,0.23612191648762404,0.5832461655235621,0
0.5701957148097216,0.00406711484858302,0.41652009869687867,0.39263389365669865,0.1924773540107777,0.42247111776710833,0.72391251347894,0
0.6811592009315631,0.3585899244789754,0.7595603388152817,0.5945431292563073,0.49541336243506595,0.7183048890549307,0.9440284840144259,0
0.4207383826161126,0.08258567143986839,0.8313968113450776,0.17089721227634425,0.037632941221180105,0.13231424315163076,0.7253801142831072,1
0.4086386990552422,0.06327641863522837,0.4012966048470542,0.10674988213579517,0.6071839258499193,0.9593652384366985,0.6033069480139638,0
0.5767858883648012,0.46922423150376713,0.6020497796920025,0.37623042208141977,0.28554908427731285,0.7469527663309546,0.2332507723531545,0
0.5968275679658468,0.9436744168460874,0.29517840046427146,0.8041807285299888,0.905070026622371,0.8288418838367411,0.09792015920195862,0
0.8449975836631244,0.10551442805421984,0.47577690543415874,0.7840055183467136,0.5263618948151989,0.9074443854508608,0.6343346313406067,1
0.8190881651328065,0.27374999999678584,0.9409105287560507,0.6841401293327246,0.7805872370179019,0.1779518666378278,0.6251827248283168,0
0.8235262045752879,0.8300781600665549,0.2692859065282436,0.42535681200845454,0.8511888625106322,0.4221309867925649,0.8393588474643942,1
0.8441727977402321,0.40182964635027807,0.7879436691548568,0.44193760041772734,0.8789831818210401,0.6516697814236887,0.44610207822121895,1
0.8798304870215985,0.7588037312372031,0.042194214762939275,0.22594386306736214,0.8706309899409386,0.8224611236529222,0.17204339751627995,0
0.5553167879399726,0.5423343307526284,0.34524295845856323,0.13714250093915026,0.2254687363816843,0.7380044085796028,0.22472675693387711,1
0.5951671639290778,0.6039313128475892,0.6587812726318705,0.015840790796956772,0.30331555067844085,0.12153109997286082,0.4763989044471234,1
0.7272259972085389,0.16114336374329985,0.7760009585845286,0.8601500411540478,0.7079381118989374,0.6456719566101466,0.31205266495199024,1
0.19900755561789074,0.35228220589712145,0.5921852121302548,0.4961846113114965,0.5376183874888641,0.29405368955852296,0.18026713530113836,0
0.36046103007031494,0.6217554402354892,0.8692221349258521,0.003042982624871793,0.6093322878257499,0.4064978094507574,0.10785127202214806,1
0.9126529806192737,0.02676819656876528,0.8207858258834425,0.5291734048329845,0.6777293149887107,0.9942298681414092,0.41235092083945624,0
0.5227624306198083,0.18832651474138418,0.6175050335811272,0.2583239025769649,0.11425261497651196,0.1570558114107209,0.33751829220576635,0
0.05178761792172304,0.3864946087276987,0.3481229982576739,0.42736264611426356,0.16830643924777455,0.10438053423171256,0.9652754700698242,0
0.40555978458723485,0.6745945887788571,0.36371051804894905,0.6724110600527531,0.6378362250496765,0.40914412701427116,0.8564127552359795,0
0.16078920323744827,0.509588786042361,0.6150969161203632,0.8097442254422943,0.6253713198638655,0.8641280514831386,0.18349140824506638,0
0.3562868618704754,0.7187321327409941,0.6565516946425834,0.7004817974020016,0.817431613228366,0.16220827211428612,0.7533533453125139,0
0.5449759602950425,0.7268620453712626,0.3945867624252902,0.8962986382104764,0.6937818392545928,0.07995282495521594,0.48019783527486304,0
0.5051364017567757,0.031054738394238113,0.3975173934164917,0.23474614121958715,0.2076766374135396,0.4188489342674864,0.9260986394988954,0
0.49046903017469945,0.9017124132641975,0.1767797226510628,0.6613851460624768,0.07007236702124242,0.6322980741966671,0.6082052041257807,0
0.018338947447570142,0.8242151521428454,0.00028752278650090446,0.8898312706569863,0.3910247725815206,0.15469250977940674,0.2039934278493094,0
0.4451048783314987,0.271068319340522,0.4614915229835509,0.30849991439745994,0.37127234786744634,0.8045888490247038,0.1959682734680248,0
0.0289637672930817,0.48452492019865245,0.8308412513470813,0.7994516049472776,0.767416034692171,0.8459158898665003,0.9672991800293202,0
0.4048607757558965,0.3081499515391888,0.7665412513652982,0.9402155699387424,0.6714833576228252,0.5225959258624907,0.9182764401629447,0
0.6469999109014543,0.9066421591399748,0.993940338090495,0.6438768807393204,0.8722024580999953,0.030463857454404608,0.4828591924250941,0
0.1259044582066886,0.3828189915396154,0.669405779355967,0.1642645618451548,0.504261779426816,0.5161022805203865,0.563940377064463,0
0.916772740724213,0.39605313278598187,0.2339129860388517,0.26086017109885073,0.288699079009644,0.21418224705505484,0.5470978488408742,0
0.6305114899593964,0.911912037480338,0.6773488018254894,0.6799802463775639,0.5042503745494304,0.44609700837238564,0.7634770602734177,1
0.21759863559089143,0.6006938946539718,0.8284787925969523,0.866175415044932,0.21550201255740853,0.7597372283665177,0.4744859242215709,0
0.3940876677803459,0.1378696162409404,0.6409970103480014,0.023756688269477966,0.06053060753336903,0.05441886050368194,0.12263015025688917,0
0.09690726330997268,0.6260168410946569,0.4817242206078777,0.3263313696697814,0.4996830512261162,0.00015202940505454343,0.32428343517988834,0
0.02206328766552912,0.7944477438412281,0.6185124778200065,0.2335699383724712,0.4136051140688345,0.1334490835133928,0.5682760392477803,0
0.9158614802431244,0.33784116694386457,0.02580261045716692,0.422061017477132,0.032229053315675604,0.04536932372943825,0.35107438849379924,0
0.6751840507234141,0.5270055483120212,0.2651125071643914,0.7684777848676511,0.7212737470356657,0.2604200777612833,0.8135484753723121,0
0.7796461014809238,0.6268415541366767,0.15773729504460587,0.5028055030582487,0.6443511240458693,0.40426805629311946,0.9479050031187747,1
0.6221728478399099,0.5104167150599562,0.4134154354667404,0.5182907279179014,0.07380217033062664,0.7797084806413465,0.2419981018286259,1
0.9067655276084274,0.9991245094693282,0.8930365385727946,0.6090259403981422,0.7100235765609922,0.030327228686117258,0.8891460991330488,1
0.895918820985667,0.5067928470727804,0.18794947564024733,0.5156737270849425,0.08282229535556163,0.3509901540727116,0.715706836098686,0
0.05815855250916613,0.6433729922360084,0.07098461021221925,0.6882613401295826,0.5176566330502248,0.9294440214377124,0.5869554995298498,0
0.18946998357820488,0.7935894365617971,0.7769219397291077,0.10703735355228738,0.6222468596171504,0.5763801670754372,0.13039061201259283,0
0.3957898942118945,0.13658318446675255,0.8679030196167493,0.02280115118570958,0.49898554954696817,0.826763435346015,0.4109502119095817,1
0.34108955461512447,0.04391031998029016,0.5313948190322442,0.8267899093225144,0.7474058621288985,0.4835140964003667,0.9953525048766297,0
0.5255725316232236,0.9729898587572691,0.37656657181913333,0.47890790391272176,0.3855666219401892,0.09724021781001191,0.6483514064756344,1
0.26653180171948354,0.7322591497514702,0.43053497209833624,0.29847379263254403,0.2129555707712557,0.1869391131394479,0.5916834003655664,0
0.7974591179566535,0.39328197552414124,0.6589917137562411,0.4543051591896341,0.4864079820317906,0.7580823344389266,0.035617225029563104,0
0.0074938481381248145,0.017668795744489096,0.8312514825330164,0.6500915723487172,0.3422369352338268,0.8641075251416925,0.3208883335954925,0
0.7915130824798414,0.16639970095773426,0.18944042945065565,0.12170289106024468,0.15127635000438033,0.46754181246050164,0.488155790019693,0
0.3933702765813071,0.009747792682962886,0.9022583360271142,0.5236115011853198,0.47108344815479086,0.49245662467103435,0.6416648320090699,0
0.0051350087497756824,0.39645726625640054,0.6573900760589273,0.11070814707459775,0.20143040248352728,0.4501222909953698,0.8571159383749902,1
0.8470642689407657,0.5548553350933204,0.7382905470899914,0.8595693603414871,0.4702962013596228,0.01836311261270085,0.45806849231973623,0
0.44675449713278914,0.16058320109492008,0.0869122680522677,0.5623839093805848,0.5925280219913311,0.09550984267396512,0.2744534576563574,0
0.7247266429690294,0.6398573097097787,0.9183446933032423,0.8108596195352823,0.7821976089329901,0.9918880759037373,0.28128211763816235,0
0.8784487245006501,0.9542412525261135,0.5281945871060196,0.7210054221900328,0.853165984471973,0.042013634449819204,0.13781091635603437,0
0.034312743123076084,0.9904504619826612,0.3621071117005621,0.8152556145352909,0.6681633079424325,0.34896905729571814,0.14553879604314834,0
0.2621620516958454,0.8331664314994469,0.39893734647073176,0.3418074031435775,0.8935421949955323,0.6906862395400871,0.30531869070705286,0
0.11889159027661145,0.4438839082910859,0.29303403107294934,0.1394625825924325,0.5577891901639889,0.4248309440620265,0.766584569080056,0
0.0980101603956004,0.5474093780729047,0.1629724265061241,0.8916048203913849,0.7104322564182695,0.9826638098526416,0.41322064117641344,0
0.9456410918009119,0.5033069763386947,0.034658882471783725,0.8846395661035633,0.7703626061825952,0.03273868963399551,0.8595668150883249,0
0.80556937926559,0.1556667254399493,0.264408165061339,0.883272851784043,0.8248459411890504,0.8745589597672513,0.9491531624721643,0
0.36472516000469757,0.8544141710253642,0.4966117089386962,0.9892717516063976,0.751851449945792,0.13474427066316275,0.07542014913187245,0
0.687293042803752,0.6757909369270462,0.6667606187461936,0.5961674995318862,0.9024141259300322,0.2048220908601074,0.7108228749677202,0
0.9194452737849663,0.6379356161889506,0.7333465042892064,0.5124965327104765,0.47285482260090217,0.5283037817907916,0.08526588675993407,1
0.2208134938737898,0.22033116833647892,0.5956040806988914,0.7973309730994749,0.9534821098344043,0.8714546742396002,0.07172816110251268,0
0.01415073757483587,0.15315929876804424,0.11606215666371189,0.11013451762064985,0.400286595230113,0.414081068387826,0.2757692515537248,0
0.8241083412069418,0.8730264770345492,0.4315485720400716,0.783047065508204,0.07019044822247211,0.29357387907478427,0.10160255826604869,1
0.7226983291280551,0.17941394862221482,0.6674056012669007,0.8122258258554272,0.1821154888779204,0.40167200591772445,0.6629718247466718,0
0.1602572754219892,0.073718467857253,0.7431756970907931,0.5771920058884484,0.5582658907532817,0.09434332609389806,0.7161195639894006,0
0.48964584548510237,0.6256052011296894,0.3245068283265764,0.38791980849303986,0.014587907740918338,0.8382343237165585,0.6392642722559219,1
0.16043388504493505,0.7043432573095241,0.9284413484690562,0.6562270650485096,0.15739414761331982,0.9152150989391706,0.5753568677713025,0
0.6026138618291498,0.11962241031134202,0.7953815333122741,0.915017684597958,0.37407734895918876,0.6757746719487076,0.7812391032915333,0
0.6475699453218741,0.20685940531898472,0.8517309308360282,0.15796434861242348,0.6242971135048265,0.44466962739889715,0.7725784091884652,1
0.27668270751400437,0.7887637950615393,0.6665449911701985,0.311102791148968,0.16555012090986798,0.6141507977388139,0.8702560242183787,1
0.7808371269171284,0.9295851997345205,0.41376047618514056,0.6714204510638754,0.5748641949517314,0.5518668073779501,0.693195802933642,0
0.4735963489241425,0.4764887170398201,0.9341685112192077,0.8332170956268292,0.6631456343985239,0.05155515248287745,0.35587436397066163,0
0.7063579112955095,0.7920049728524002,0.9014452041653026,0.6520690688190834,0.763659431574151,0.39442133285224246,0.5246805399571225,1
0.6398111814232847,0.31940011787908007,0.828475392974926,0.5908425062841929,0.6604787573218867,0.6568286828091608,0.49060002351708387,0
0.45075893211061435,0.7032339407340112,0.8911271286448085,0.08574119939100011,0.2500827703381948,0.8477990787291211,0.10786685564271514,1
0.2927172620775951,0.5572204594214688,0.9166108012311245,0.4337165794892839,0.9973602052289807,0.358972995611353,0.8117430929517397,0
0.20430440385557724,0.8432109135784925,0.7463572657266073,0.8901746987777253,0.8882486781443408,0.8192721114835667,0.9128538558292874,0
0.745944032427188,0.7759010958512353,0.20033619077785847,0.3616406528918126,0.37351896195257095,0.7569159561453049,0.9844088907381552,1
0.6419434770911144,0.28413588178575366,0.5385472721535135,0.3810055955349474,0.029189661908075593,0.9293101372302113,0.24796766019083327,0
0.2809419283531881,0.14945522094913777,0.615993968790109,0.3575574850485048,0.5287082247908043,0.9894308746987579,0.09564019470487306,0
0.967099172803488,0.8076567725743865,0.7733734529015678,0.36274853654971084,0.8651896809179466,0.0417322561719633,0.11104185173805814,1
0.8103389307173291,0.0327925709952136,0.49514722965159474,0.4047587795152926,0.8219432654437243,0.4374706983247614,0.804296973339073,0
0.12680226091725455,0.6790388124067489,0.5128711408814995,0.7733642222093176,0.8975570387290319,0.7735601922340698,0.6317416849572367,0
0.1625634133619498,0.47591424413713734,0.9955650140847869,0.45506275679589414,0.9695162570585896,0.82316656372244,0.7561201441448971,0
0.5440478108732032,0.07529930562682219,0.45220524244670945,0.6070856396349011,0.7130281410650974,0.08285422296363798,0.9051964034886817,0
0.10237955048288139,0.688561222173296,0.13000983989599457,0.4424203065922464,0.1623975419794521,0.6065905981880756,0.22626925889403493,0
0.9643380052000837,0.48287408679869037,0.7096838043210827,0.8738341047385708,0.03641313734353424,0.8984525662067743,0.3640853134746559,1
0.638023405115427,0.8601013302443462,0.3625416600379673,0.17874921782122688,0.15140728213113586,0.22705907123032865,0.792371096944494,0
0.06617403673047473,0.20863192911070427,0.2485389469638981,0.12290236657318077,0.20109987537543916,0.3473590722304434,0.25939189667190043,0
0.44348573036248906,0.002299571834834646,0.6284619672000752,0.4077260720888526,0.06139029930468387,0.39484795220468705,0.5060408568982818,0
0.22196847868461833,0.13048681786189886,0.954367672154945,0.9742876780708516,0.4534517248753346,0.3945377531290005,0.4434506733226903,0
0.49045073600350675,0.26961003282188556,0.3128088551159601,0.69979636877378,0.783877713265911,0.5617062692972211,0.5953051607603993,0
0.2470254997517497,0.6522443684153951,0.3722712470803773,0.6162698538161636,0.00425179540407683,0.06080642534728009,0.9882028696195297,0
0.831796154307461,0.3626432275157957,0.46549003753938367,0.39033456539778466,0.8036263173494688,0.7791897743523201,0.1037150064501765,1
0.7210992096417336,0.11824691330529435,0.6879944561600757,0.29515196851931025,0.9253073380308706,0.12287707946892867,0.4846423835078235,1
0.9065781517809924,0.9815734631696648,0.3959488525886402,0.9565780624348765,0.15198595701587314,0.8133159660231615,0.9589868121848948,1
0.19795761473971718,0.10822744521149752,0.4250897690471871,0.42691958941682584,0.021346158594311326,0.017094361318076956,0.3478768776280132,0
0.3853922373495161,0.3551203430333236,0.7009053978286979,0.7110849421065708,0.47936494373462646,0.7870259810672217,0.7405973109183801,0
0.8054665470172859,0.8766042564917256,0.9851350870746386,0.8104381441712937,0.8685302105770626,0.35526712008668093,0.9292704247540591,1
0.37384660065544706,0.6526153735851473,0.31650406953025556,0.6575229214809554,0.7368314216096084,0.6558582880659186,0.24060742331264606,0
0.37908838312146564,0.31979791184215256,0.5853274758164143,0.23260579173497997,0.034699091891014056,0.17917202340015914,0.08138025389551451,0
0.9860384433898894,0.9703467796437081,0.7944041885404219,0.2879836964942507,0.6732644146387168,0.5370096215866286,0.07569302871463068,1
0.7708631869101126,0.5010985543077334,0.21212793986396328,0.02298288879287802,0.8177449244532663,0.2991113627962917,0.0729936242021676,1
0.8608175117308633,0.008109895869524042,0.8183191442891841,0.969378560536396,0.2710496485738427,0.003924667653007474,0.3505208527739768,1
0.40697283611196233,0.006163336151336907,0.3549306317949811,0.8346529998741743,0.6534133522769922,0.725141014826536,0.12621463048615766,0
0.5859185229699635,0.9410093295867399,0.11102292990489704,0.40401153925894173,0.4939489595707598,0.13117588802257218,0.4050258330508706,1
0.45055357055172884,0.2811806304757877,0.024902740387344524,0.8924208185930598,0.20562906654759672,0.9397042163346365,0.7541275777442104,0
0.45029357990957064,0.8120649660360681,0.033086844888482125,0.1536803719984453,0.9015093993697685,0.5437245039664013,0.29822619746299284,1
0.12769913568677127,0.04356002188456731,0.797642381494782,0.042037750126365236,0.2230083648285095,0.0016743163778879522,0.47941818191978036,0
0.8421328514023074,0.146917109281256,0.6749386252993443,0.13529328949922115,0.8404754244924993,0.9449229903817213,0.12736879691031677,0
0.39054243367208974,0.8567795098398732,0.7934901275052283,0.8834193453075743,0.7016551958583933,0.1327836992090169,0.6982897119412751,1
0.5818243939645826,0.9940913168405321,0.7529478171902473,0.16049076033531307,0.22090901143284802,0.8339411804987431,0.3176747862433862,1
0.8570718461246233,0.05192293149027005,0.38097533698942476,0.0681262752424211,0.7113232348040226,0.32927783847059644,0.13522576532803054,0
0.7734772530167997,0.16763697336893701,0.9330185459069836,0.1855468782182117,0.026004918339222582,0.5680620304803031,0.9546705568484224,1
0.1982379770395527,0.7229118908018943,0.8779455767201464,0.4150625242364254,0.2362715794950726,0.8357252536523352,0.7696224519118392,0
0.618511365606847,0.5295029562834984,0.3483516302375095,0.4964311878082268,0.285405007342059,0.05015815997760431,0.6523277031439774,0
0.49573108927154796,0.40596604611454123,0.7729410103345417,0.2359171321962057,0.8891899362829718,0.680058006373419,0.7229996436769286,0
0.2601521515954949,0.19446753795214966,0.8196581841549295,0.8057167407562625,0.9153874895304811,0.14858235671165276,0.42549232019897,0
0.04085790351009644,0.9454353586211095,0.4884643944192615,0.9598444283748925,0.27099206485339966,0.7163959270953937,0.29833109906546684,0
0.6297913080226606,0.1722685524667683,0.12041891657122228,0.29083615830398435,0.4746585688666898,0.16070400824885567,0.4999866613568129,0
0.7798549148714806,0.2652495658052493,0.3340568197891497,0.931087605525937,0.9816234473748322,0.021943665774399768,0.825258016782839,0
0.9417184117032203,0.3242981242097368,0.9888112793002093,0.8179194784744426,0.6659775295366908,0.15543813356723546,0.9637926874297196,1
0.35498375874945964,0.13858319641897932,0.7159353752792312,0.8860202755826484,0.0697123962441284,0.6257377882096221,0.6052813042596228,0
0.39921715153549553,0.5362330562341852,0.7747108789539795,0.05969876765882198,0.39143200135910927,0.985726792115105,0.3763596309007029,1
0.16300563042489447,0.341325075726859,0.9119243115480631,0.8340419296703991,0.4214382695560993,0.9701219913802828,0.7182059914353669,0
0.9846160233328939,0.6078475005356222,0.20276287568730644,0.5859250902506716,0.30639666487778827,0.7456912554588746,0.6970677908060207,1
0.8495869963066425,0.3678580876850813,0.9684040307259744,0.03825858244083491,0.5199132038309795,0.8245804557073466,0.24746427210716104,1
0.9576037289729427,0.11642352902812092,0.5181420077583073,0.7536503951729974,0.7360207206565983,0.8739645295658137,0.43551402632145864,0
0.4953471381254463,0.8725973771308121,0.744678529301382,0.24171508854991286,0.6915006754811461,0.5283537634047373,0.13401361757412455,1
0.20978138418742553,0.5096520731322824,0.31821032798808624,0.797075713639639,0.35154816939668154,0.22860249072327343,0.40227833799943,0
0.5731845537302535,0.32185048998367116,0.3294069243642569,0.625989139333093,0.7366397338508417,0.6610957364354674,0.7627488048578895,0
0.37209191580887624,0.016364752274578676,0.3595997285367054,0.4923317709115681,0.5340739606241505,0.14159284954427664,0.3139027436111651,0
0.3478644308104034,0.5978464708832673,0.3480588797578572,0.023383495410180477,0.7695132165131477,0.8323606602911214,0.633032709280976,0
0.08236428402309692,0.7825043299791973,0.06250319670430182,0.8896747318008217,0.11388901265158324,0.4120910315199633,0.3276496746696176,0
0.07314921470201208,0.6500612502171276,0.3095743154041969,0.14756437704384295,0.4047600101283819,0.2664917758570977,0.14710367253862133,0
0.37879855298551024,0.7877193148325587,0.6473807211960465,0.8296948496496513,0.3946497397439813,0.8434580048468198,0.7413875552360039,1
0.9261985439813103,0.15498583791941956,0.9019729440862168,0.6881625191650717,0.3518028135478163,0.111192515706248,0.5893122437040242,0
0.7230237104792231,0.9717029786157642,0.041665338165192134,0.06957272820423421,0.6980338773094442,0.9748264081345088,0.8254576627326645,1
0.7605585801759555,0.21133328806258533,0.016628355411263063,0.5422150995726704,0.557128518907702,0.9504118174804869,0.6789541072750334,0
0.2342906764552779,0.26677959957343744,0.5923991148391684,0.9617537660159873,0.3858920526054609,0.6087880762014963,0.8171921553406362,0
0.73452961108271,0.5123295627487522,0.6996742944044905,0.9228088438290665,0.536302309010845,0.7121272911638017,0.15494807963450696,0
0.40631912639094736,0.005195526973684861,0.6082385377483513,0.14629836874914637,0.704392923225294,0.03714943387766845,0.6145836732002201,0
0.059390610473203265,0.44244848811851867,0.9730433434073134,0.1731834248897195,0.6751274473067135,0.4370830328778966,0.3673785899944696,0
0.3948135675183053,0.19572527521281968,0.22886826858211895,0.1536341087785169,0.7606741195867704,0.8846166206042426,0.7465064694317692,0
0.13125378743236893,0.7490181184202553,0.48124478237155455,0.7561744738911372,0.8514750882672575,0.011522154654476813,0.5800860450496786,0
0.8536994629314485,0.7577533841817142,0.9159019994604787,0.16075393928376014,0.7393918697493536,0.29061992749259713,0.054180098347804684,1
0.8402940644749076,0.6157348446404495,0.6174972760015612,0.06458147177160745,0.18013913515179658,0.3538406610715922,0.5335459762000035,1
0.28746892829992543,0.42168517532023675,0.5771219650453399,0.39033212468778067,0.846578880344703,0.6750796376622932,0.7442913339987256,0
0.6119223027755851,0.3102340169289104,0.9328416549468189,0.9668894231586056,0.33202323008653456,0.7048389807322624,0.2627883905311358,0
0.3637597183572606,0.8274619748490124,0.33890281071728023,0.3082598723574368,0.6659755285028237,0.06518961723349714,0.6545265068390898,1
0.15422617434361496,0.5070936192137301,0.1571758323546416,0.7242360428136924,0.9909697383540689,0.2175152931931581,0.8409257698780793,0
0.6494073114086196,0.4964667859458435,0.1292308897989668,0.143961078333109,0.29464205908103847,0.8254972997674195,0.06516754374335532,1
0.7601066433109224,0.11343288888265435,0.8218722949002575,0.621145871333021,0.27021093225689086,0.19181775031347137,0.5780223709971288,0
0.7747227410657531,0.21838304785591578,0.8569483895406794,0.5811659424370939,0.18216345183939664,0.2865338348781905,0.8876008978948684,1
0.14922058589316578,0.3604892919183251,0.23387834258319118,0.9041731726202222,0.9840779545536824,0.16224431937068418,0.12641988954934602,0
0.5125785184951382,0.6988528427838414,0.4570713448830379,0.716557196780965,0.4269355504422082,0.754316385174645,0.2692476749652408,1
0.023899357199450355,0.8452709911964088,0.5848517355264073,0.12078478812183269,0.7838654607180996,0.027106458297427416,0.6259240394533347,0
0.09016949762849769,0.9928602768299595,0.13903409928534727,0.4047999288079339,0.04923950381313291,0.3019130269473044,0.5851838901417317,0
0.0810511530853878,0.42743210145260147,0.8488106193311279,0.0005563657678340217,0.18042400117640034,0.5323151447777883,0.7933961221871138,0
0.05719079355050116,0.4532043472317735,0.4188782556235582,0.24099687002314096,0.06318443117151129,0.006020425298665644,0.6290528750922503,0
0.3337693490578346,0.7660605411220227,0.8634737539275426,0.9713260954146153,0.8156350283449295,0.9539861134620733,0.5758450153020541,0
0.35767960085317085,0.3212269764250153,0.7600766552032469,0.45574145668564947,0.106553496832262,0.8692891535267542,0.45185138692202453,1
0.6978703420702284,0.5405179760141204,0.2949542750244073,0.8675776382445213,0.9231615809772317,0.6473162318855455,0.07824928181824709,0
0.32987972136375243,0.6770173231360446,0.7165742163280036,0.023729029710513494,0.6637574636722094,0.43913083695150357,0.5910883108728138,0
0.14039580417774822,0.23624971070463285,0.7407050343885062,0.8800578400597763,0.9095379113639919,0.15530690846755135,0.15662583105047412,0
0.9468756309901694,0.2795899493853511,0.31126307635501727,0.8893960609265731,0.4088586485702246,0.5536393468138309,0.9958494909970061,0
0.875476403985699,0.35619063718906574,0.2537355900716983,0.6534326088092274,0.5256578463660146,0.23920797239059288,0.07850008205671699,0
0.12422575540377634,0.5776848350294439,0.8234277875544975,0.1162509051180467,0.027572282339871856,0.6380173624595816,0.07571630374287386,1
0.3627786999691487,0.27041545349622487,0.6779330406984332,0.8760160788968959,0.4659059105234902,0.145586092272332,0.787329432064701,0
0.1680846509849716,0.20816778250799373,0.7395732323373487,0.8998638977792531,0.5907169380143795,0.7171192521316858,0.10116525649018104,0
0.9591114274329677,0.1495082157728137,0.3130552534294675,0.20104669597234037,0.10059008035000472,0.32290515818684107,0.4050762787323793,1
0.35597759210456126,0.8093098978534378,0.7221940236928144,0.9401636679792469,0.9812352707518452,0.5019817229066817,0.9274990278513697,0
0.09811742691793435,0.8859714972638086,0.7143065696289596,0.8810415122486017,0.00439101434612188,0.16182560780568067,0.7878824678096347,0
0.7268439883298804,0.904721945730014,0.33327493129079344,0.20487644376282144,0.26745061084868493,0.2562768280786166,0.23284219539094353,1
0.7117175161853958,0.8216336706112504,0.27046005181927657,0.3938207220068948,0.6156215808838169,0.4502117603665531,0.2510298660422158,0
0.24103445572369164,0.13728922317612924,0.43139485320203286,0.33667879523476063,0.49763830296696776,0.4581812891417414,0.5922702548893328,0
0.3214618509201238,0.09775194130474407,0.7390922017481,0.498226392123734,0.239198684852569,0.9997777897962373,0.48643913902240543,0
0.41501889749172627,0.4991643292237482,0.193587476831514,0.8890002820395546,0.9867536765941677,0.33542145259557465,0.11674636115488701,0
0.26770000177164766,0.5214269530583316,0.8742624018355355,0.8743473563827973,0.18887740350530025,0.08437783259682663,0.15864734020030502,1
0.2888877081762501,0.7328231924600694,0.25527602208171163,0.1756727262891815,0.5683518971152187,0.5242186179358299,0.8028963318271438,0
0.8015903920186569,0.22288075365620907,0.8396337006370012,0.5511328322855326,0.11588407804309675,0.3218257382271008,0.34479076236913664,0
0.7518506052266137,0.9309496698578922,0.15580955929603135,0.5340341813698626,0.05613974816326417,0.8777766587891788,0.7990122518772892,1
0.6926292119704864,0.30992979299521684,0.7394406955469309,0.45039828520859637,0.48787176179550595,0.21029817489409708,0.18982729495232764,0
0.6867735568448488,0.577808950913478,0.5613949225385041,0.7147097973899385,0.8047000658511582,0.8556630813246628,0.5994325285508626,1
0.5218819306638737,0.8642136074217882,0.6614589874019016,0.6459697189782173,0.5313150285439987,0.6635772983295811,0.5051087280359994,0
0.350921277961059,0.5234481084872453,0.9741365961999734,0.2751075238300684,0.29363043552481627,0.18798945948104306,0.3263854767996137,1
0.7205449454774036,0.7535574448333373,0.05255787867009387,0.34817141981981603,0.016729693068413765,0.4052471608665983,0.6085770387122191,0
0.11636773753496898,0.7490262004073018,0.1491269730383471,0.8883682797153057,0.9405320980443552,0.49243252008004434,0.12453484269018322,0
0.14107050520669207,0.7900212465099353,0.07908480230224069,0.32577189717454436,0.21188459356537848,0.5217990570288087,0.8564684028710685,0
0.12626520794575957,0.8110482650469383,0.5196369593476883,0.4440853167561548,0.5745718555497495,0.39709491109176676,0.7433833453183712,0
0.7327180517503236,0.3924629473186566,0.8028072437503436,0.9728966619921255,0.01552625791714124,0.5846278114950768,0.2869733259609272,1
0.5915408843637119,0.36355624262621744,0.054824790967799575,0.8572808524537089,0.0972045644645837,0.716741315872853,0.5801517721812299,0
0.45016037936884756,0.8034981001651362,0.7794066825273879,0.6989629389688471,0.17016951459135443,0.5061838033415136,0.9021689043100211,1
0.47623134142880175,0.5797103928325482,0.4330558234194839,0.30402272121450435,0.11231386662431242,0.6024331068946918,0.4223047907423727,0
0.8275593271711471,0.6077132838344753,0.9414286529781364,0.6287499910022867,0.5307536711835092,0.8595953309018478,0.36334160995870246,1
0.1216797789663413,0.41191725079407016,0.3826961199025086,0.6420202279583219,0.3970534149808044,0.4977518091982679,0.7989471190579588,0
0.38324428034558056,0.20161465867350592,0.9845979482434264,0.41156214166453386,0.8012850169152201,0.4162992254519644,0.0011860208688685425,0
0.7601662055006726,0.4569305692563391,0.5565215457140424,0.0361184936115827,0.11620417265678529,0.247750890491384,0.6863732360937015,1
0.6578393705710703,0.969646465769069,0.9899931772389077,0.3665284759653953,0.43106801173412024,0.13136489755537695,0.2158060612160666,0
0.4351467214778807,0.2908668792479766,0.6318859518394659,0.5081334726024617,0.4282509272741384,0.2922570730351941,0.694246994279554,0
0.22434120963101267,0.2720082413741376,0.346335784091108,0.950142175409224,0.23081179997560108,0.4061636445140633,0.4379010044983589,0
0.9464412133049587,0.13078417568906742,0.8034086850625576,0.7274959949912837,0.09596148463910525,0.7642576925211392,0.02029522505088932,1
0.4079193628565091,0.48118044100982726,0.4869601276591068,0.10792665235842791,0.01066281316812523,0.2174287884889754,0.8742598508278199,1
0.8778350039035832,0.2885303958941571,0.30880799765479117,0.3014223036568373,0.018827886206110422,0.7021460709565385,0.5465397574016737,1
0.7778304800332757,0.6871237309964493,0.4783354039853307,0.5216838821607692,0.3986250324649939,0.07903390067543448,0.3136012429740792,0
0.8615300330102996,0.13512458166875208,0.8719125938796853,0.45111527553190733,0.05427728825743783,0.1583912326320629,0.7033796379201319,0
0.016921994238677573,0.2473124826955665,0.7323073856113583,0.005122693814753498,0.39455755854305186,0.3263285513543682,0.49594050163489056,0
0.47739142797999323,0.06185104947958997,0.17376881669458566,0.9351000021083623,0.4374095366962062,0.4698219635825849,0.03494859499311864,0
0.25943382681763894,0.041470904659773544,0.838597837180107,0.9040397882686667,0.4453859535183565,0.1809284070040751,0.6502564009774173,0
0.27402135522523396,0.8141434725023582,0.43141857407542594,0.9237445704391959,0.1916554713466676,0.11203093868171887,0.9695316149129121,0
0.2698403223244006,0.9058781046255252,0.08286849471391777,0.4285548497218471,0.49871529225230915,0.5658254632674838,0.22197943037613588,0
0.38931367184596566,0.7638888353687887,0.14717210553704996,0.8333755069284413,0.39231728241872044,0.4119879322274719,0.8629260945593032,0
0.41070461615316833,0.8651634702257972,0.0661637269812908,0.7085372708675332,0.9895269799644469,0.4158923294694048,0.6209949134896843,0
0.6340402481482471,0.0865961475370235,0.676587803532521,0.5117449426979662,0.04536901801962012,0.307946689442649,0.07789838599965637,0
0.3003645523480759,0.8981342811795512,0.2575647346058033,0.07713217875947476,0.053878507660848673,0.3712475339219875,0.7299749788915345,0
0.2727771461258405,0.4660398364707816,0.09634900272148461,0.16785199531466244,0.8245298834227043,0.18407459638331203,0.44149015438065575,0
0.36060820265249927,0.7686438229308491,0.36566965570893284,0.23823310705928458,0.2660190068338504,0.27058383566954836,0.7937339754963493,0
0.6865144929354994,0.6157572884175617,0.8669661307582678,0.8959106844563033,0.18378647456855246,0.5422729174299503,0.6357455613780776,1
0.0001711756244947571,0.3498698160781397,0.6287280563447788,0.6653682391243735,0.8744852614519587,0.5222918499207767,0.0027846646265414776,0
0.7469279572267308,0.2647990327195052,0.48622743931452483,0.9830309923541928,0.5327290983823462,0.9059274147293807,0.12629720646274611,0
0.3389687519924398,0.11813016229337125,0.7331946606750643,0.5664319810610908,0.6157896630825864,0.8325399186736215,0.35243962001385953,0
0.5762397732508459,0.41265110148103856,0.07589503937887121,0.08470470896089244,0.007960681262152436,0.0071014291144749775,0.48185431753401264,1
0.7615222922385597,0.49410271612954415,0.8827717088462782,0.4777631716562736,0.26075100431796394,0.229763914573474,0.932127287257451,1
0.5108351676332793,0.9831150942439373,0.17773619131741003,0.11178445308400498,0.25920297984581475,0.8876951918392282,0.821972207906366,1
0.647151248530974,0.03729047632872784,0.021381626485794003,0.9013632747600613,0.7608921974676777,0.3147532286992285,0.8016154582649122,0
0.9199407301330876,0.590149162219073,0.36236040329893415,0.27843432503141863,0.3855522514762717,0.47770564976503604,0.5395763950744356,0
0.029866272394770244,0.5249948219283703,0.0584473373940283,0.197269889617396,0.5774352817243305,0.674984926071048,0.09286370517334963,0
0.34952883617399033,0.022896190310455866,0.1670788068270076,0.5116316049980242,0.9319035835168367,0.5433571460472769,0.7458075116847572,0
0.9268541592993467,0.3297423310025197,0.7389986223395536,0.8070868250080442,0.9846771489512712,0.004867970757393425,0.08654832215943975,1
0.8374298297042314,0.42292742300415587,0.40473308137531716,0.5103480311335377,0.12732934217368952,0.2065634654577695,0.0914477148846079,0
0.6168279813515756,0.49426976173920834,0.006898837793591239,0.03821659467974137,0.5558671062250696,0.10043967341061433,0.2550859620282213,0
0.22930295139803325,0.23345608599045908,0.6437572406373498,0.7429555255751137,0.6991419433193389,0.1676452573516256,0.9225637350972175,0
0.33053303792794875,0.034100219897428063,0.7071111052214814,0.034071335956449955,0.7820527871913606,0.14736869285085208,0.7499187851421557,0
0.8579563762666257,0.2938431128598039,0.9019634827195265,0.6043783881926241,0.9201081939606885,0.6227788165949936,0.07665255121947945,0
0.698271457281969,0.8363618424335881,0.15460261030250688,0.6169334709274117,0.728337220699311,0.40656463281848776,0.918910454481374,0
0.2856502296610026,0.8078578762843839,0.8571657376911755,0.2085193936039691,0.6899351974200781,0.06655128227044216,0.7833751801080943,1
0.13224550180524286,0.180750774501666,0.7087079491519607,0.44657533595549115,0.05409767293730283,0.0822904257601288,0.6036427882749054,0
0.7807703341042288,0.6463001656576588,0.563622790382374,0.006191888566888237,0.5448191590141014,0.9503564005012547,0.12696202780345833,1
0.5762246797205511,0.9236473747736719,0.26176998341248525,0.2836793541084326,0.5987654267602055,0.15476196998877811,0.32012284855134154,1
0.963438189908024,0.17210769094851575,0.4578427329671001,0.6193512317113384,0.6964975966981825,0.25384010509308663,0.30068182371306273,0
0.4064911771303944,0.12867634020784646,0.19827053819282758,0.2841693733870023,0.5833632955063035,0.5742949262141733,0.6400471402944355,0
0.349026963756198,0.022146266756702948,0.7176944026380964,0.04763097771927571,0.4094501009066335,0.1871058436700237,0.5878696214556742,0
0.2907561429598794,0.17241146469623192,0.7035897992990516,0.6742641001630488,0.48745746933740586,0.19752939244031298,0.27724099377751,0
0.4818801371926721,0.8139525778255887,0.19152991060532354,0.7423951886134058,0.9673195895489756,0.07258765858552696,0.31109923989233945,0
0.32272964247161806,0.8139897401621036,0.2526166971418504,0.8629862761990557,0.32910384328167475,0.9808211468183533,0.5184417153224824,0
0.07319059978704145,0.5404520770290098,0.9011118297111295,0.8755459620675097,0.7844569658332865,0.6060505308552039,0.8454065969340913,0
0.3121290578928153,0.33356447693392854,0.4716848600071232,0.49631682021913104,0.6074401181956608,0.5297439679133291,0.12622503524059492,0
0.2188859333030625,0.8067804190019827,0.5511171926997704,0.40735908317313885,0.44383093662962814,0.8886705775540708,0.7257380713278834,1
0.8153849962785588,0.19501524345557364,0.9586253018281231,0.5858651855186972,0.41431850936661097,0.5944251646584606,0.9956742234799547,1
0.23559253312526796,0.1398539900980409,0.20702381113895518,0.7926690899941252,0.5372266272599597,0.26308326412689,0.74973288007119,0
0.45887157101893683,0.08921021793276085,0.6271302183482254,0.47533217686191176,0.7997925013388382,0.47225830201360264,0.4415711151322581,0
0.6727382423624793,0.8513259465224111,0.7740149550396004,0.9951667853874367,0.12215015428123488,0.47757867794362596,0.7316745697402229,1
0.14922687273244606,0.7148429802192883,0.319439671967803,0.6375156130061245,0.9106573800662462,0.3980795878848813,0.860686471409858,0
0.531282484435957,0.6245862838294202,0.30881680201758244,0.3081065634085898,0.7741468493198711,0.7536304905727093,0.7685000997344731,0
0.8471869516385989,0.7274674622108744,0.8968193088565712,0.7937091133990731,0.34902826711403023,0.10968279697940209,0.012757501956892514,1
0.5840807517660912,0.14347869220224763,0.0994059470240245,0.15076629703282596,0.010181579282028008,0.15921477397363903,0.13149351505446372,0
0.4823864389691985,0.38478908749119656,0.15735564730011642,0.9357871534686057,0.10522572507436234,0.372196266773028,0.10714261073818443,0
0.8388788947055122,0.8141152294141378,0.4109551913806099,0.340351927461247,0.14439534273578458,0.07117300467915455,0.031825945607647954,1
0.9472519273788725,0.9167655094810995,0.7983909668263897,0.6850476621647513,0.10358002767826868,0.9873955414795771,0.7145230014586309,1
0.8209853994034504,0.5130956339223413,0.454991600094264,0.6253081889647982,0.10277897949260617,0.4957944024148433,0.26737344510282923,0
0.40840944860075457,0.12206144608297864,0.2705659417110976,0.09587308781114423,0.9601451788624461,0.050106169345504936,0.7219566065664371,0
0.6116930886692934,0.9785173324126996,0.4202950360882325,0.7216197081560837,0.6584600174664322,0.6078961947026648,0.666098439679374,0
0.5266416950300847,0.39502854139075994,0.44546044198304613,0.31181867520255413,0.8206387266763784,0.781104577410681,0.523611154101697,1
0.30330862268411773,0.3189946640874284,0.7270252096575807,0.38118088934384786,0.5628137622803846,0.407716250279923,0.05971422357764078,0
0.4353201289591915,0.11999091571497722,0.8687500810501374,0.09652446208773513,0.6194846984907141,0.480532211830223,0.3053062226959652,0
0.8292667794441382,0.012629620994715096,0.32125106450889207,0.8100843395034236,0.8809983202038757,0.7006000025545202,0.027114749293491003,0
0.30047984286702967,0.6036733391519807,0.7085396089308055,0.8602720975598854,0.2619691972818897,0.23381778821050092,0.9100202412209905,0
0.8895570571156132,0.6124310186344193,0.7013883951648932,0.13426731946501613,0.6945246417906712,0.5976638869997256,0.30863361616582885,1
0.9914293192081454,0.23424113672206048,0.7669475554570128,0.81261229022332,0.89930897901159,0.6309453258756416,0.0949495532757112,0
0.3067672957354898,0.16198675614715707,0.5752606371254716,0.8979996048905454,0.9362922638523486,0.8046436641647865,0.0025181163521733607,0
0.12273805462617138,0.5280088004989336,0.014698498308677421,0.09729426895047466,0.4440482394595414,0.8910716402791254,0.6115126652128509,0
0.9571743488553465,0.43540685505861865,0.6558673357415497,0.9974279106353232,0.8567122070000063,0.9408881423381407,0.6209690496423085,0
0.17106515967605973,0.3036540380291989,0.6122975776449784,0.00455034186988168,0.5038595626310968,0.12632639149709157,0.9949252926436672,0
0.7714638089361773,0.21823286197422143,0.6115194562185345,0.8424056860952467,0.25788597906072463,0.8162675803104066,0.28860918757777543,0
0.039113478648201805,0.8593058582579766,0.28129857923914703,0.5582907053461259,0.2509590712550659,0.6754307752723682,0.04652519655545906,0
0.23556509847015417,0.9838279591054995,0.09788543220400592,0.9572835950518193,0.4517665148050335,0.37072812999120397,0.7793823551010405,0
0.2601553110299646,0.3555817323827236,0.18935258969070845,0.33809991823675256,0.25788852447056165,0.9228111729848605,0.3045819567528014,0
0.29723503205329516,0.6981307860981669,0.21620509254715803,0.360847958575493,0.02997864328436206,0.8601170154532343,0.33065904057827733,0
0.9193037603731687,0.8655472143287579,0.17360950758572136,0.8403778552620922,0.10554699285847102,0.774358853783522,0.9077343388319611,0
0.17530970920991185,0.02693678081546158,0.24453691519422693,0.7106859987905235,0.8492201356516091,0.05748432415792526,0.5753702769378235,0
0.17363896408860913,0.9080648804961846,0.06869167935308751,0.6005184179734752,0.8825087506327627,0.1770068292225333,0.4003496483740948,0
0.6916749367101237,0.4991489928697923,0.26932582154517204,0.6443846056750427,0.8730438550450812,0.9183291856078198,0.9505577079147378,0
0.9523171069997972,0.55674926040234,0.9978852268893312,0.6826381183697534,0.5537123422882924,0.9822364219526405,0.2652911614592224,1
0.3892843584315542,0.5398733196474994,0.5113812234450953,0.04784164602902141,0.9352173564044268,0.27730399378303394,0.02147791185907255,0
0.7731286561517726,0.24292719340894864,0.34442286049725157,0.11778336215644891,0.499092611881518,0.27738700445143916,0.2308752834258585,0
0.031035892505590468,0.7822414409907121,0.7204872228067996,0.18125681945372885,0.4625447173127071,0.6103048971685336,0.04412596573596439,0
0.8240637188070686,0.7323383725357016,0.46946045585202356,0.17678693414188718,0.4743821564773887,0.07618168642350209,0.4077473442990075,0
0.7233969011224191,0.095792349018333,0.029497962767882746,0.8429066820353853,0.2541119332448546,0.5953154699502338,0.8310665585603373,0
0.8966156518554624,0.5627915745015433,0.5473897111502191,0.3945098139815122,0.6135033689360965,0.9686890902199639,0.9751795736538413,1
0.6374542835383026,0.9570262017050907,0.30406657385538927,0.48942406823442774,0.44895113527946795,0.296952870842758,0.7003209199630149,0
0.9413366441604656,0.871157443426209,0.5711838994528508,0.08939670232222341,0.9746576668697711,0.7427450445140544,0.9261149092326136,1
0.3898574094947437,0.6259043713487447,0.17321801339741938,0.8705930729464572,0.17198139620382658,0.524900742669062,0.40853203110617886,0
0.7325314447207496,0.1986933437610674,0.48254985714343945,0.01026353500661803,0.07670425852090335,0.2873113315550937,0.3027094829185841,1
0.7255642082109406,0.34722313002670224,0.19364020206218324,0.08329610310830193,0.3511398194272549,0.4124787475680377,0.1542252285720972,0
0.26860786068493503,0.15035806946102248,0.2988154100338899,0.8121093724157546,0.21554991270419566,0.551081938487321,0.5008806993726558,0
0.9205795390951387,0.8219306149895984,0.6871647440037854,0.13059705423466594,0.991904584854563,0.7615908430547176,0.3269380556771876,1
0.7791767912046089,0.7786708312725127,0.22765275933238305,0.7933577388750694,0.5585782596618633,0.5407949943862344,0.10753769672115288,0
0.8663517835245634,0.9103583073356768,0.4171373754035276,0.3504175642485158,0.35971763022544445,0.925140286071245,0.9319150519604701,1
0.36259100079846707,0.0633955474709299,0.07313858241771676,0.7760979003606407,0.6427411370796463,0.11694870767134669,0.1237038061102167,0
0.8412547834955745,0.9647134816494922,0.6871622466654119,0.05035534245901152,0.4531115042103191,0.9576976763311863,0.7397394119989789,1
0.31497646062973417,0.9664273365822929,0.5389431872990481,0.34126201856570537,0.2088251392187046,0.5506514143367965,0.06807507135168556,0
0.9644010500004486,0.6744097935503623,0.8137904323232031,0.48127388681238525,0.39451930729457974,0.3918152480942889,0.5271164669865139,1
0.02394713636581347,0.8817482496400084,0.535075450485389,0.6257045109059722,0.2863543575057148,0.07605106423231234,0.6748025318596172,0
0.6191875473523993,0.4384378731826416,0.9942137586339971,0.8362200640425329,0.6375925778173993,0.2962482180956587,0.23453448162056323,1
0.11223951134664445,0.3134043010055729,0.24113187816856607,0.2444686699448334,0.8165686017896044,0.4379345220911519,0.0756496485600241,0
0.7187331733278222,0.1543684560048345,0.7421064822594045,0.6588884410122999,0.26257709810074437,0.9370667113616342,0.5933646034205271,0
0.36368830367403804,0.0315794699147538,0.4323266545594936,0.1517704364489717,0.6213266721881865,0.756425332391033,0.6029068967194756,0
0.8706405934280971,0.041997352724737036,0.37596451761395666,0.7951679709480691,0.7084798620413643,0.05904494274596528,0.31198249891201835,0
0.8727025109053593,0.6915667076040961,0.7315293251718841,0.9332212052837942,0.37001081624584053,0.32789345071531995,0.37619335019426725,0
0.3680898735038748,0.33657466551029114,0.9555570378196465,0.04727946415734263,0.4875356474264081,0.49143231704910006,0.045605765350892,0
0.8099817769615278,0.05406167455725386,0.7555768591611371,0.07985807639986531,0.35881667409305973,0.8500851722171872,0.2957885879711394,0
0.6811368771594715,0.1122023095861544,0.33012274856964474,0.7875408190639126,0.3729049682957375,0.77642748804424,0.8826024750451681,0
0.4265669286537124,0.6652837649640998,0.5098916506198075,0.8802300326942568,0.4462165419215778,0.2161377171142851,0.17129451004123342,0
0.3432364439538024,0.9386802153021415,0.21713998002641022,0.6482177596804094,0.2954229257201225,0.05045956374039218,0.4680518943946017,0
0.2103049314692208,0.4079781923179099,0.6202388106170815,0.4611871460997784,0.4883299664672681,0.13237539511535457,0.6768262211650198,0
0.06320845285650911,0.7776575674944989,0.4025871005325071,0.76906695946116,0.7522452222717028,0.5032896798604204,0.8028822582253597,0
0.5173593686025637,0.9735818101140806,0.2281330868650483,0.29970931257835143,0.3942977296841923,0.08987760556766677,0.08114916927680438,0
0.5400405370755103,0.7082992988942843,0.021092704200882162,0.9917542296049737,0.9454378014250099,0.24975776312021047,0.591836124095916,0
0.4440186584603416,0.7230064333345837,0.92532430894659,0.8479933571521636,0.2179955286709001,0.8213476998127742,0.6272901739593187,0
0.9505971797134382,0.61590079418172,0.07882083253450067,0.887133015339939,0.4495047487658813,0.401953100566823,0.19738135839651294,0
0.013690117263167267,0.9776765146884322,0.329309412544202,0.8548827185041726,0.6016850100000918,0.9961464945264302,0.03084851705793501,0
0.8503049599765884,0.2998060343556773,0.19045367128819923,0.9328860499311209,0.5432644214659205,0.7559827539589256,0.8443668984244065,1
0.8008214470330771,0.782988450960718,0.49412727611658425,0.06449469075396752,0.9469406698149567,0.26491826852635514,0.4400698320737513,1
0.758752394254019,0.4150780622121296,0.19494484540472723,0.9086277635883058,0.32432803611614025,0.007570342690037979,0.06077926822808155,0
0.5249153123806438,0.15541964209059578,0.7362110364035988,0.24860276475156673,0.3776322233400362,0.5272074751296921,0.5780287087253008,0
0.19035537820796056,0.7393723747314717,0.22481947290539295,0.3591729503984412,0.5956815695330507,0.7058557757065916,0.3769129604400334,0
0.8628793687734381,0.8294019147111499,0.1854566688280327,0.370570310307455,0.596366893655415,0.46968304578438214,0.08020131017371745,0
0.7445946545633017,0.8635991194450897,0.2168852177931737,0.23243385954240103,0.7874409724804895,0.9065046604808226,0.2871112323187289,1
0.8328212143804856,0.9218784949475824,0.29756331257048296,0.4384258477151618,0.7945157464926139,0.7679509270931563,0.32683112330821584,1
0.23578757327313637,0.74491159323167,0.6418313860133761,0.5055199663656041,0.01087095844232433,0.5202691227337203,0.5749049813290407,0
0.5543749931039361,0.5276185551407013,0.20962838177593313,0.14866414544821394,0.7641993817331556,0.018923913589773633,0.4033335380085077,0
0.41595923895505993,0.9386954263995053,0.6968502884239247,0.35951883514508365,0.717868674109023,0.33824690912188926,0.10699217783472859,0
0.6396714352382278,0.2095656761518101,0.4301708844122334,0.34814645953642276,0.5857701800405382,0.4944081366392158,0.6353354188434033,0
0.7526076935359698,0.07730976342441298,0.19700857807356376,0.6746703884186606,0.3169867511960389,0.25023434141198986,0.7287991882568118,0
0.17371536844498714,0.4316257203758649,0.24004451495104107,0.5807838148884541,0.9070560666400941,0.8376519214088094,0.5073029722473233,0
0.1740382321149514,0.5822185875454217,0.5273338162025535,0.7161091867175343,0.7382196262987627,0.42447115751858255,0.06335074338510449,0
0.043606875938773215,0.6799893849658314,0.37862888386022553,0.7839435227425647,0.2572874034925029,0.2038004976119393,0.1032247939573736,0
0.15718503833113262,0.8154219684790972,0.5137233406603301,0.6670061017465834,0.30522019993885485,0.7790993953586698,0.9446458792797889,1
0.2401732296296688,0.026756644956565045,0.8125795891506287,0.2412443267134995,0.7104557094294389,0.6082837812012715,0.18936535753814088,0
0.07251857909945669,0.8020463410107419,0.045831377102185655,0.5021195771361919,0.9176543187627672,0.19707844684327003,0.3074945565264511,0
0.35569095490512004,0.6001286794815758,0.39361063076419955,0.4665748893206568,0.4905411783569874,0.5327460481186428,0.687513715792956,0
0.6751662952455647,0.9529477004377453,0.4154427889583703,0.07405019413171587,0.8791996903436733,0.6945212374302653,0.7918356159790042,1
0.7930731277441504,0.3478974229703994,0.25091715954403093,0.8944816048407382,0.3821144899749417,0.4484333253706594,0.9110189202856108,0
0.34581626285830025,0.6169784594685992,0.4418792028899299,0.09143535663262148,0.39516374765662166,0.30238204525212165,0.39518575477593165,0
0.08382489796229442,0.7665484062839347,0.5666330897398639,0.9764425887658721,0.6859412017549972,0.6896686806811917,0.9922920041938073,0
0.7593723261584083,0.5163954207533141,0.5849582078472861,0.0317458565587424,0.050537684827703155,0.6872660855801912,0.10389053211088184,1
0.39118368836963113,0.15590757336955208,0.6698333210348278,0.7296788497500709,0.13892183081354426,0.016937428560812928,0.8265342560146973,0
0.25142759505407275,0.049799772019979316,0.07676886950678352,0.287574502553695,0.7284250103597804,0.23412530901467354,0.2721061528892921,0
0.4706909754473476,0.11140066133917204,0.46000755090567846,0.904716836916282,0.24208549205032792,0.6463160558587783,0.9370909214807118,0
0.9698642760741001,0.49490458234777757,0.757612564721148,0.8240319182863795,0.17507905869611884,0.2241447841593709,0.8691963097942869,1
0.37263983664795264,0.6396087735062922,0.45504532177626067,0.025010902982738337,0.08905272438837686,0.9626548517219389,0.7622706069297871,0
0.959453074386708,0.5705210658161808,0.6564860352341393,0.02195067247159843,0.22485447213791732,0.16279093664948685,0.6037474549941152,1
0.2531691596797929,0.7129161418423823,0.5904488650949304,0.6031910324399721,0.2504709088439717,0.7482160612671672,0.21445633879868997,0
0.10554476001890012,0.03899464357446514,0.4647189192855903,0.1495915861664785,0.34116130629234376,0.9983226268779684,0.4619253605327107,0
0.1571788030023924,0.1363407215290976,0.07892854524346038,0.01415863482391333,0.938329553500088,0.3465784668145948,0.03478582474717862,0
0.7737817398421739,0.7611401089485896,0.6332249923070632,0.9677620586651221,0.6446185067264216,0.6031273789567931,0.7094035737968369,0
0.5376131164488933,0.7811823684775578,0.5345130045241107,0.6328625278347594,0.6933135983051917,0.10571196979431507,0.11587926745320509,0
0.5819222503830604,0.7022938343177328,0.0056845748170029076,0.01083267302578561,0.1327483893700946,0.6218234908255517,0.2582882335468597,0
0.9677083968521879,0.7454300432652088,0.20685669452838884,0.490519778721512,0.19266668859200875,0.9875227799336301,0.24504959165181317,1
0.5048373705189647,0.9634400865023299,0.061399575994484756,0.15753682928938617,0.8986711004871039,0.9728591692970591,0.7879486558241905,1
0.11702088894450602,0.9442186737530308,0.5702342601290055,0.8051821253798714,0.634309126909644,0.4117781896969359,0.4006478101086971,0
0.718515234359992,0.6444818406506807,0.015147951119022451,0.02868210185044273,0.8096509953252782,0.8206204552293567,0.5345409775979186,1
0.207851364069643,0.3193345787375722,0.8424209510811689,0.37091601813825925,0.3574626326362542,0.8265997022268218,0.20861855614112967,0
0.5815380148024186,0.014109890875930176,0.9474539990031828,0.23802832252368356,0.5772068731797807,0.3272666222898484,0.33410211409035384,0
0.854378765461995,0.6316081209088826,0.9755789953540711,0.9808730371338358,0.5022076118640983,0.8227476362205827,0.5118989430735408,0
0.47708107543259803,0.4313038468370678,0.22658446056378934,0.07811161299265845,0.2054120101631851,0.162404581235442,0.1942038895024839,0
0.3142851009015948,0.1470274517982112,0.4951408554197183,0.7198891318070316,0.8247695110482386,0.9788791965199434,0.6898125014363373,0
0.5755465872070433,0.21525774800459374,0.8911687748642724,0.47802789864799233,0.3337562400165479,0.8641700706021397,0.44926737828853736,1
0.12695129128211402,0.9365293159099877,0.6873350235332057,0.8164898799006626,0.46688745507593454,0.5105932451215064,0.9836504167458601,1
0.30756405627775874,0.06622254065601241,0.29874605536695176,0.21424455739857373,0.13299309702327855,0.3853220569374617,0.2465303965749429,0
0.5041427868603767,0.7874707756128664,0.8339518839453779,0.8552951179479047,0.6383566956936244,0.9459486324070229,0.3960596001184975,1
0.25415116362123913,0.9020493311460753,0.5739361898808774,0.950367248108196,0.791135443659693,0.07112612545914321,0.9246628826854728,1
0.03925812152232944,0.6883475246782836,0.729984530729611,0.21310752507942932,0.41038830736477994,0.49838956840353354,0.8859973882887181,0
0.5851409794218585,0.06134164131560138,0.9694094266532481,0.2427448316571036,0.9781320100568011,0.4869469004426301,0.48416979732928744,0
0.4012473648112821,0.8458529228172101,0.9975093481037719,0.9636675760751219,0.2575839583325956,0.3813246978540936,0.12359356338836336,0
0.39061025943482974,0.653288941060912,0.5048217628612955,0.4341273702892766,0.8730805757666866,0.1126275792898539,0.4087813792321826,0
0.996812795897975,0.277032899371888,0.15661251912833762,0.8352431090868885,0.721215496877925,0.25138131683529397,0.5873306218026368,0
0.11178403188695996,0.6296553828560135,0.6195592025005572,0.8424295257785211,0.9272616263986071,0.9831182441654887,0.2542291376628695,0
0.1541756378062098,0.13654278496817895,0.6438534985047755,0.310852557890667,0.7406482134439236,0.8079513885249995,0.1911328781191779,0
0.8762618174844566,0.7076475529631616,0.5721448922651189,0.17878506778968972,0.49485227772414675,0.8382831570507472,0.531437662534854,1
0.13026165905404785,0.9029956181586364,0.4220488505389144,0.36653026454215454,0.41347046353110106,0.5095315951699286,0.1760239921113077,0
0.9176228320811173,0.5216812646183743,0.5815602400266328,0.5919028310395791,0.8293994867616422,0.661825431068817,0.8745347378287577,0
0.6719608612842088,0.9521059510441976,0.5340403032753512,0.49708574764455926,0.8403634727301444,0.505005930734575,0.07424087285775172,0
0.528162904923863,0.4380949678204281,0.944692629223587,0.7367969134783503,0.5889039177873506,0.6773594047780074,0.9874006754794394,0
0.2784006815294713,0.8575670317814545,0.8376004326936283,0.5488089993025741,0.7021243265849788,0.8634684243298999,0.5379430100127969,1
0.35947348207133867,0.7736484158772736,0.3936891209752038,0.8055148031130226,0.4628575361402323,0.24259470355583457,0.9835623205382057,0
0.8259545699134301,0.0884295143432815,0.5708665413056679,0.10393786239539304,0.21837130668169502,0.9508932713168251,0.7515160505997021,1
0.05750454825193074,0.912652577932754,0.5660528986752648,0.43909447292939285,0.04998047892624902,0.9136118167355519,0.1528980850860504,1
0.768548607006254,0.9104276538416133,0.5107181833211709,0.016062756315096016,0.6537053822676026,0.41929129421576483,0.22743752780249238,1
0.8278206853570748,0.3514158658957004,0.058065547566172104,0.12080711012958201,0.6692130326475307,0.976814215802197,0.10694690384769223,0
0.7059669088836537,0.7934388816752619,0.7125944961700623,0.331507286831234,0.6652635617088336,0.8825241479790874,0.7290852922066601,0
0.05450466474017679,0.22463744498542715,0.7312706092799738,0.9015130176720183,0.5624074655168053,0.04007739458030801,0.1686584728717455,0
0.7426549203646741,0.0303930859079643,0.4841848163846667,0.38015527049317654,0.34240086138780823,0.04211416689967007,0.7145796948678638,1
0.723163899106161,0.2079371311167001,0.901572966379542,0.2734667813657399,0.2420366407412604,0.7072845791801631,0.8594984906292134,1
0.01309387603292167,0.48398783914372034,0.9839221676063198,0.6707885892435078,0.06570482491539265,0.7836719682646048,0.4117144439300583,0
0.8922833652878921,0.05776750348369153,0.812912799207437,0.7034710071574506,0.14800873284012805,0.24868691971103507,0.6610375099010591,0
0.13219582532671925,0.16000618311140402,0.9278630630325649,0.4813286203599657,0.6282981843149567,0.49873664885759394,0.8951957817531911,0
0.960782172022048,0.9504379933815833,0.4875026786558111,0.2885187490169403,0.7680713455398002,0.5392484165253694,0.7531256100919933,1
0.07077058109418988,0.4938409111666614,0.9142412875275369,0.30181046120552324,0.9076228376361865,0.4455957606325628,0.13076061955117146,0
0.2380494288559516,0.8231005297814641,0.935026803022893,0.1855460849493311,0.08391676143942128,0.06912242918397082,0.2925122339376035,1
0.6902421913196527,0.20662274924258994,0.6235671027025814,0.3625893497124981,0.8140262380529626,0.21889610211066768,0.5356376166309499,0
0.13724131447688948,0.08852169309077762,0.15072112536501048,0.16825349711043003,0.5974197786393144,0.8145107391449705,0.26426913574522337,0
0.18496755698090106,0.7805480560107213,0.1523076747305837,0.6429227669535257,0.30131638657553506,0.07308688467534952,0.5059238034632734,0
0.011171643657057806,0.34883382859886913,0.4723058410618465,0.8946897619799122,0.7257927451235542,0.6221406521240891,0.9528307529421376,0
0.826480075803284,0.45980443535752236,0.7355805076060844,0.254253060788757,0.9893540330839331,0.6341581999648843,0.45316706612895374,1
0.03761730072921454,0.9921290254555735,0.5013942085798236,0.24221515616610145,0.3794176413683743,0.956490132683685,0.26166984913228897,0
0.6325730157274954,0.31653057592422296,0.799849822394181,0.8981526762949245,0.6274379099356626,0.9874512398145048,0.14657867877900765,0
0.5823073282289144,0.4731457922866573,0.769788431217136,0.5680331407902409,0.2608325994252849,0.9450425259416589,0.9010975030264898,1
0.5112402605537932,0.6348113317177618,0.20360812220981994,0.7297752351671395,0.20502807960629987,0.5413214352779907,0.2297931891012831,0
0.37515772483462484,0.08906878072810576,0.1327644735968312,0.8891344127402011,0.14913127691076655,0.041775722213280186,0.19362009841911842,0
0.29956256445540974,0.7164321030146041,0.7058345307266549,0.6649728041512909,0.03215360858666971,0.2773006119401238,0.5511372819706148,0
0.9569475247611086,0.45173102027503564,0.32038045067194154,0.7424588565899432,0.7238104618236193,0.47549554352080703,0.46171105189134565,0
0.7853582753981895,0.17501447753372745,0.9313968941522351,0.386946971406696,0.14595896390761898,0.039119842253617865,0.3856648914121309,0
0.9227325986658982,0.43054185970045233,0.8685077463989198,0.9381682568730177,0.6762729343621292,0.03709733230613255,0.5786516826314644,0
0.7338979527594727,0.46066784760151336,0.4512380517811425,0.7038999619217836,0.8696088748523045,0.3240230557241006,0.5694058866846756,0
0.8290089211880176,0.6407369749083215,0.5805058244571044,0.07169460411194406,0.8465996285009751,0.3873447240815874,0.06840251816600695,0
0.9641754218689419,0.9371338163865339,0.8471039438195709,0.595216579879133,0.29896503161329124,0.5808443712157535,0.4149186621504757,1
0.4536445566132734,0.7650655888620086,0.8713691962129325,0.0946567147817291,0.12440619631134753,0.932857649516768,0.7209866160477623,1
0.9068962734212147,0.3824500404103548,0.5569743324148823,0.5221190461138338,0.443064483223355,0.39117693257846375,0.38167914691701466,0
0.04307416268999342,0.969648215275726,0.9719131532446643,0.08848744462051306,0.18128920849316454,0.04809057838564712,0.9976593476324369,1
0.10787213524592076,0.7908311723232969,0.520968658238245,0.6272410838712659,0.37350789738398593,0.5400436233611018,0.2353850609709076,0
0.49037433514535433,0.0279518060726216,0.04110766116632614,0.456365827341243,0.5688213689679962,0.3579624477770895,0.49636428623469797,0
0.4539732505280023,0.11658641392009483,0.5626951665321993,0.5530791452508418,0.6443469609477989,0.9011035760675142,0.6739292805223791,0
0.4382130800392191,0.21801116204478366,0.7770069000246972,0.6489505578252055,0.21832375868876908,0.43149806894320963,0.547862685467851,0
0.5371916517753879,0.08350358300686589,0.9849351530006832,0.2503480674495254,0.22729611047193998,0.3217974205346785,0.03907312192589274,0
0.5383727928389844,0.48542721921698173,0.10536857774407338,0.3195210943816108,0.8659674312547044,0.723880256700617,0.5136661869979653,1
0.8705647383026276,0.3407180421921664,0.4405371966970435,0.4820680222553736,0.9448877541949562,0.49325294811405596,0.9664271691633401,1
0.34591281267867235,0.9729254637313584,0.586649876834704,0.5663114627846912,0.6424460784015062,0.5550990798278119,0.4066638831653392,1
0.3162409556935577,0.47273609725117294,0.8814635952967479,0.9236462234156793,0.5568232021975047,0.15206741544666502,0.1161788787195881,0
0.7018952392952498,0.21215486017573404,0.7158899845200836,0.3519030754936048,0.6580732549036719,0.3751927072871991,0.021258406665039975,0
0.648476937660066,0.9707308442411777,0.23124626711987362,0.5917303060745712,0.12862047397679943,0.04642406015361422,0.41226481905908063,0
0.829846984023332,0.5138817914240678,0.8593891841248673,0.9225451901418042,0.8970390413575838,0.7548787995750461,0.18529681861517155,0
0.30927812694474066,0.0730597713366602,0.664243287957294,0.7178266933413661,0.20859566916957972,0.24558166279924443,0.8346987466546977,0
0.006394216253686746,0.08087462101852438,0.8951569165830807,0.32834184607604233,0.6696806096094272,0.12051576085729543,0.9522574736197861,0
0.9440636840859176,0.675292681943378,0.8343738752092635,0.41470614760263125,0.22197066594229076,0.5895120307890962,0.9405300726720326,1
0.04422539373850798,0.49479588902751515,0.12926248249215977,0.878784126921918,0.7057915333312524,0.5794296547215414,0.3745295341350493,0
0.6800129433604662,0.6242308144488958,0.9604706370350286,0.43768657635108665,0.7534338143753104,0.3157975695009747,0.4547570608068896,0
0.3218319917857779,0.849660008192215,0.4542964249933614,0.2520437388645502,0.741045969248297,0.9623511779429232,0.3150797280486106,0
0.4235330553909131,0.6813836109762071,0.9825525014323321,0.5230705949240254,0.42869852453346635,0.6355213105780555,0.12905245659036924,1
0.8380327774092649,0.8617898580254786,0.1870071385875257,0.185998196986063,0.6070325214866498,0.9263938866405134,0.5590388023329278,1
0.4195794877385256,0.7426884899551497,0.7933180458135015,0.5820452179823066,0.5979886411473282,0.3005956833084742,0.18620525252626685,0
0.14437152810335563,0.6743997529939062,0.30489160075290056,0.9915016819259163,0.7203128538169913,0.5518030592775518,0.059408197546951924,0
0.7544350849353898,0.13469874135565296,0.044805303345060055,0.9692798458644726,0.49900086540853295,0.41352072886053903,0.8494333258146024,0
0.020211517060039652,0.48282761287493825,0.994040425209049,0.6137994606951616,0.5072937105556317,0.41328335179546294,0.7985159920852952,0
0.27473298843389526,0.4330926926671741,0.30353532043701503,0.886279479222161,0.6844084650826281,0.047767321958576026,0.9262824224757654,0
0.5380736118916079,0.5406953483018688,0.08051925475471422,0.8151527975296072,0.17015090815792,0.21963638769397054,0.32740576742886107,0
0.4377636955146402,0.3911428601649426,0.8604971862547511,0.9506689939243499,0.6524798309067454,0.8693254492248188,0.8707205453573744,0
0.6202283390131521,0.6204372484805617,0.43202029838061684,0.8730961753589053,0.14823096691699267,0.8498553013486807,0.3984519300239401,0
0.3813476927138095,0.39245587443623675,0.576452427539218,0.89983238055726,0.7248350161301865,0.10509800988543327,0.07277942765194712,0
0.3905847122961462,0.5576178859958519,0.9848436931486685,0.22954744907862168,0.3889131150354065,0.018148047693066993,0.45784110487063034,0
0.34865726010413156,0.39487530988285025,0.4807090730183575,0.15801872875272593,0.8395827142767545,0.10204576964107259,0.5537861530415527,0
0.8872704689328854,0.9017673533229758,0.06709851293443814,0.04397181639786918,0.08841187664357941,0.6388014005995408,0.43209251885962796,1
0.017296511094167966,0.37341568069981657,0.6911861289824858,0.6593059046539728,0.4605234584942962,0.23982290573469567,0.7854358662802758,0
0.9396419673418005,0.7309325077327312,0.7105994935564226,0.9335057783742648,0.16721744217375034,0.7626242120709735,0.3518277763604337,1
0.35822167520172743,0.6137351694390581,0.1942082362722911,0.993849984323699,0.868863194823873,0.005829144762904526,0.9210610167681825,0
0.36488275569030726,0.385523527941834,0.5454119185792047,0.852342552645994,0.12524801055455326,0.7157725852711321,0.07416337298797981,0
0.725892848049817,0.8076310684475324,0.3692209364831285,0.8310104759350805,0.48519527990971223,0.8863907746669859,0.7204073384860645,0
0.38827673872586066,0.9275671694086716,0.0499215837381668,0.5188827948669607,0.10525122873599524,0.04480647447643693,0.9289779793323514,0
0.6166448221012272,0.7604843319458843,0.3116024260922369,0.45195813731150203,0.7977124538936694,0.8673949385993158,0.5531622082205802,0
0.9036306790861411,0.9485880458844393,0.9095326069076414,0.640316491854919,0.28203957577506344,0.9178688113383175,0.878678296964503,1
0.8461980475259694,0.43630669186472637,0.30024734533505737,0.022707479350470905,0.5940591967110989,0.5358401500338991,0.6918311865247455,0
0.515366677609178,0.9137400566477883,0.22306313549190182,0.7943235837610552,0.17014369764945358,0.284528717522582,0.014529334785205572,0
0.7166521279125396,0.8762229709546547,0.9409128484192486,0.657483673091611,0.35160588041673435,0.5628141490733582,0.6712446444139886,1
0.3924347451053921,0.7623873153302388,0.38232682088893044,0.17004903104780522,0.11369717283847847,0.3105866776125117,0.6565616595264343,0
0.776044156830853,0.8352006951538296,0.9405590556107963,0.63569685717525,0.5508310529464725,0.9332099162264269,2.7464833659673893e-05,1
0.17018343674961434,0.7301336396102805,0.8802343665036654,0.5994694515126376,0.003453107075528261,0.5436317464754129,0.40916072770621514,0
0.04563178143557589,0.5123084622882501,0.47046450012467167,0.7879999482620333,0.9930714913245441,0.798704434371643,0.03879941706190748,0
0.5407326759187577,0.5524191511419402,0.38496166195792536,0.8374775005566916,0.4162788627241377,0.6099702054055944,0.2929987974973789,0
0.21533868480646745,0.4176867776640505,0.13771795297987266,0.25341946054802833,0.6294471970741926,0.28840724681661145,0.9865824789393582,0
0.7287259428631626,0.6642926884890671,0.1906164721524508,0.8144775957162116,0.28678100452448774,0.500129726434847,0.9402841832108733,1
0.10132350869529805,0.3247898777836076,0.23244318194135782,0.18209582761315168,0.2532481618532012,0.8798913313911636,0.6848592718425573,0
0.00849513816858416,0.7396594774609956,0.47035389385745896,0.3942127772862092,0.8461349351314608,0.3828729503655318,0.36685208653165,0
0.6757033497418591,0.5051153605654933,0.3721134374162889,0.4926466880321938,0.7581828878052922,0.34133183616316,0.3964519299883533,0
0.5007994379181666,0.3531879153058509,0.8003843249126156,0.8049312687704088,0.6432920277572272,0.9564304676618655,0.038214687320596075,1
0.9520154068301836,0.1472279182052757,0.29667596013507713,0.9010808049375839,0.752304907926042,0.33406097255583267,0.33828491818593953,0
0.24748560786359575,0.255525908997859,0.4245197006337347,0.017216633181512897,0.17531315297813876,0.8595010767154644,0.7843845313912499,0
0.12325611750061172,0.6402003629317262,0.12270742353754016,0.7372445000455273,0.934092247185924,0.17828072015554564,0.5193529536745303,0
0.023106181818359217,0.36984930555500317,0.27121997423788724,0.8775211240526585,0.454745490128616,0.791724962077415,0.47667777605888073,0
0.44424734894538775,0.033169126191821,0.783020138768217,0.9543053258456633,0.8687116678303866,0.6153016503442944,0.09109792065722688,0
0.10081688539591105,0.3297380297120216,0.7071004159420089,0.2678891913761755,0.7360569212676812,0.12019657873892531,0.9190004771393835,0
0.775643438329605,0.3663576989794609,0.40222036652313253,0.1729603869741807,0.2859212547720479,0.06394516559661934,0.2830732194045358,0
0.07198579438560071,0.23430088077020184,0.5774732030644171,0.4989448589463019,0.5693168991471703,0.2983072945181947,0.38290280985919656,0
0.9207548104503314,0.2863150287376135,0.4583336429130501,0.901003308798955,0.966645798272424,0.6574560108175462,0.3307098526955984,0
0.5408539232420617,0.7049274282288523,0.895220548726927,0.3156135646435154,0.037088138137460036,0.360113727051117,0.32873410250500945,1
0.6963719489435082,0.7462664538803488,0.3946907514236936,0.5050607041995936,0.42648172997891676,0.27115235733508347,0.5993239547510599,0
0.13091710580477467,0.958898965991929,0.7221144806034308,0.9955549706669289,0.6205395969149472,0.5818640300722865,0.6270323432537884,0
0.0895053257846481,0.11808826547039841,0.2185291433752239,0.4560322823975592,0.3398960604401995,0.9525547848764815,0.5985621055648228,0
0.3536837765172094,0.3117250043687788,0.434097117841732,0.6282505988068479,0.31791609764379836,0.12185273208982228,0.06849812703007507,0
0.5204345392711409,0.07704452598083533,0.5293314219542252,0.9955957049743739,0.7486916307744313,0.6445813117997437,0.9695374824410293,0
0.5755019513296279,0.613303733901718,0.10464679030048907,0.3672585565173627,0.9163268945162626,0.9124021544580698,0.7139876960657188,0
0.32978845828969516,0.016388293303805757,0.5874184757689007,0.2729299926927933,0.5376283320981873,0.541100459573246,0.8827286835758722,0
0.27266229518433827,0.2053563413434315,0.5746649893289495,0.28273954827816106,0.9482097366824804,0.964186280065267,0.15966932564368186,0
0.9814105423244995,0.5869800447109518,0.15875289201289566,0.6170132857086831,0.10127869750558183,0.5978945795272593,0.9321080701637954,1
0.27266191994398825,0.35873864735519223,0.9986495119147942,0.16270381322494476,0.22747037127400982,0.6726020404666879,0.7216806665306396,0
0.1379249082845807,0.5443762590907324,0.0924932883088283,0.16452008300576682,0.08771194464046861,0.7912800286047221,0.5007157364696412,0
0.3594596643866719,0.6402375084642357,0.8953034885142702,0.2601333365103602,0.4355342850246996,0.19972358187123274,0.023132512380655057,0
0.30387131438099657,0.8389400678583439,0.49151564666089265,0.5409353893548859,0.6267147193164229,0.5601921056963589,0.25318577007700516,0
0.4217352010057991,0.392875221317016,0.2227049611675025,0.8441758137843636,0.20047192055394258,0.6142634289034246,0.8387413683612424,0
0.6237137363728421,0.27889691463862,0.11279873186730294,0.5292707439663755,0.4485386819113535,0.12014766501367236,0.37918169967005855,0
0.603147933249306,0.5388051335117976,0.6994201130105262,0.7826414528334646,0.6843945950169571,0.45551179820821097,0.6782767273819127,0
0.6982898854151858,0.06968130767442893,0.7544504152521464,0.9575570982874424,0.639487275246714,0.7706783707657671,0.7307930299748063,0
0.156685070614082,0.04191422276170331,0.6734406826237429,0.7400015156698494,0.6292819482634693,0.04070623290278219,0.7756497079254584,0
0.045944363993978166,0.45223723500989854,0.41987087219699326,0.6427885364961268,0.6060322655693353,0.41349200726325475,0.38235228296694057,0
0.7908097997284536,0.2180787500332272,0.17257369903382636,0.008194406798036957,0.9866103211839369,0.14571764383126928,0.9098333782170352,0
0.21715263960762,0.007216575213368048,0.7895379029260965,0.4484113645147707,0.7139215028180697,0.17574859754736383,0.29219995908475027,0
0.3156650038896712,0.6793704605063835,0.8712304710634182,0.26804948676203,0.9076730004351181,0.5125745145950548,0.8360645983219457,1
0.45567971440913824,0.8161555367454293,0.39187090590637974,0.5124227985787211,0.9517302131140533,0.029481818845178198,0.42473307040451447,1
0.7163063683439718,0.1478785704559472,0.8412175584252379,0.9510844668082569,0.8596788238240854,0.42495672118777295,0.23422885292664564,0
0.16358443006600298,0.5639022742013978,0.635600235168094,0.3204474439461389,0.09516809128041259,0.02570516115571153,0.34344935151256606,0
0.9024022649842793,0.9839849528212787,0.526978317667806,0.16078207600904082,0.529244519518045,0.925560104106775,0.7995634388062371,1
0.32152733419153634,0.26875568339874034,0.6106052958502765,0.8258961945700174,0.38151248137759275,0.8829539671994929,0.6148705674420806,0
0.9826626928390676,0.7308147321200402,0.10775092048228296,0.990582985862436,0.09706845759717586,0.21163822634090057,0.13667870919772362,0
0.28541256298862483,0.16210257761345315,0.1253990188823103,0.7800710218561072,0.5642089623456058,0.06580436820374791,0.12396725973486167,0
0.7256530157515805,0.9320929815832295,0.7267038664356115,0.1383919930779861,0.21282452791836493,0.2506356558820614,0.6872008068056038,1
0.3766691120021691,0.00043358518572500504,0.9699470895037976,0.550694852255461,0.581737216006927,0.028391910406498022,0.2394922736621281,0
0.8365877358739194,0.29473018022940967,0.5078041414000879,0.40519025164616784,0.8173888891045674,0.7347887963823461,0.20865948491760344,0
0.4624065924235985,0.9764325184233377,0.054000704715915004,0.6334327418939202,0.3938380663790849,0.5738944301084834,0.7495017669227739,0
0.8705318859467905,0.6706902380016285,0.06807335571247575,0.6686120478323164,0.9498285723028114,0.5438395625105262,0.32265367289590374,0
0.7539386251715092,0.21184559939834036,0.46736469836668937,0.8070902089431538,0.7664685254205943,0.8519722187513374,0.0683052599281172,0
0.5860285958064008,0.7913655818164409,0.657664536001321,0.24008651694695982,0.8042820855584738,0.8093124587747507,0.42483487158365585,1
0.24998992965781064,0.8980855795603327,0.1548766564384314,0.9646785315545563,0.11229138855035103,0.4088815784679609,0.5691787042446779,0
0.2598677190609102,0.48727117073730564,0.033034893488120054,0.21468911918780087,0.9418730834043113,0.6103368920229567,0.6014891970061493,0
0.9914220915336776,0.15602365320764555,0.7294692830881829,0.12409801164216705,0.034529164845061966,0.4418079332434445,0.058505408108135204,0
0.9253879969665826,0.25859302223281,0.1461315151198571,0.8288712438275586,0.8438952038875002,0.6240096996902691,0.45355930965991464,0
0.13841838975706489,0.9431141172957404,0.43817998400890057,0.46324917646199626,0.02965066291980356,0.1515248546750937,0.35956199329080873,0
0.20406451607917353,0.1611027970456672,0.7341361560881792,0.49023027070004,0.1624574347946086,0.3000802362566677,0.44893475290042417,0
0.10681438624102724,0.31190683695193167,0.12529498253409754,0.3187354636635651,0.31534509439151315,0.25188359179575637,0.041697302457728624,0
0.20133779851874178,0.14553767462112954,0.4427531648596573,0.04641323196184621,0.7377605675051204,0.1674670139022144,0.2956069104989383,0
0.2902375782189588,0.10560591117053297,0.11145512760562382,0.1936010842964322,0.8994204160228155,0.4138380882091063,0.6434585387518903,0
0.8376269317752103,0.5220250585900587,0.34750808751233153,0.7616343127658677,0.6664987634099871,0.7264993976819009,0.1259163614526323,0
0.0951822509928637,0.39670929129445476,0.9124332954520726,0.22440631073054773,0.7277685510404809,0.3960566728427932,0.9592203888231016,0
0.8821205660026245,0.046168436824298054,0.6861332201197589,0.9926659170696396,0.28977282573208996,0.9826356393263647,0.9939107501084263,0
0.9719301314269501,0.1451948767064558,0.0230931425078319,0.786226770056089,0.9753765088242315,0.302090677631323,0.36044230020605517,0
0.28174006841313937,0.03765837958746032,0.13447680913629267,0.8485901476583518,0.40773421799632104,0.9481297820427548,0.6809554363264771,0
0.4562338457421009,0.024589949638026187,0.2938205683678061,0.8732806900893807,0.912913803624023,0.19355368537054274,0.6353435228672073,0
0.5293283736240338,0.17847009380712775,0.8955491984223145,0.7189044712030991,0.7792542748282462,0.3207745860906057,0.16716481565989394,0
0.20568933285733915,0.7436492923507081,0.7470863392197864,0.4661828037881982,0.36726655529112806,0.16408146898182174,0.388194109473854,0
0.7315763789367484,0.014769968209108253,0.6174929558885,0.9170123291909592,0.3431352587266102,0.2379101506383774,0.9806462925693095,0
0.5799987995889677,0.3044774248601587,0.1525947984063396,0.4265267751448275,0.6794810049163448,0.15711157042184454,0.12767426722714914,0
0.11217735500947823,0.5647880710378321,0.9288746871592157,0.09581907899260833,0.9404713000370656,0.6248273111850091,0.5751767718959588,0
0.8959823126310174,0.743703568435944,0.8081291468381168,0.5964428971628754,0.6723444626402385,0.2006151504894329,0.5991807441222877,0
0.3021926920893141,0.6778918989590543,0.23942568908090012,0.10556478627401811,0.8574270277633439,0.08513215209104508,0.1675254276309004,0
0.1562473167713777,0.9884244418006191,0.4043258897657175,0.6553883991258957,0.9662828163785177,0.2664207288276742,0.5352481463437031,0
0.9818544016404034,0.2756272624215781,0.4283837985673241,0.9975267576497334,0.33000262893778465,0.6784000682133879,0.9174620934774843,1
0.10290899701169731,0.0001387280025946236,0.5875063735589731,0.6752079828434349,0.5384915250436417,0.4286313015421902,0.1156562117766522,0
0.05969668463837041,0.038219275878738745,0.37481039142505534,0.21055210068651264,0.6091081376651386,0.1561580843912379,0.18974299449562815,0
0.23755300683015446,0.09751871042002502,0.21002652143236278,0.1378595122386469,0.21717665567503364,0.06345018895545795,0.2556285812395164,0
0.31926491739684937,0.9752376885840038,0.6669895195904998,0.35638619007547256,0.7975487671554334,0.7293547064325894,0.750979584600647,0
0.4338026661507016,0.5700482943017479,0.6775550404695272,0.1457651660920598,0.2617581044456442,0.7041096632007207,0.5772514178770745,0
0.6851702180545111,0.7993685339229281,0.44238553657958535,0.5696933032134284,0.7068746429591791,0.46152471311081067,0.5035470273142567,0
0.36571338422990374,0.9850790160008204,0.48665247917710475,0.7830984436454848,0.5238242066473495,0.5277489917124849,0.7920642102348427,0
0.5593336107029797,0.8442678848890774,0.050670176899507924,0.6581383466424418,0.8366710506673198,0.24049286051105156,0.9782671449305222,0
0.005811425630029565,0.4076158763654153,0.45609883908587157,0.6171985406308872,0.5115550615897286,0.4853368280887522,0.19595805134911926,0
0.3848996818521925,0.8758814355212206,0.8003982533783872,0.4356064829376115,0.5866673024398924,0.7286066143419342,0.8120504188283537,1
0.9449686754234813,0.43375091650641584,0.5914824873096686,0.17272921643675387,0.1810723339287017,0.7715326173584767,0.3700883707133811,1
0.774846705665017,0.1139680444733947,0.9206990289618819,0.6377796528704242,0.8081867607498511,0.3404948713805157,0.14599122375890994,0
0.7408005691165347,0.5481313509756724,0.7165133649548961,0.4193477662375523,0.4021243665026458,0.678850555848997,0.25652010092779676,1
0.30451597649602036,0.9157473407878685,0.7776370487606176,0.3054614770511347,0.579744478645932,0.48648442332772557,0.39929648309146926,1
0.48817617317435924,0.7845382996294069,0.45841567380724113,0.6592862720641881,0.846058766130517,0.7393358134106348,0.8991608921642679,1
0.8445235022880091,0.4019271683477418,0.17344939508777935,0.37853604748391734,0.47938915110509417,0.6907806523074379,0.4784095311960024,0
0.8801556697595049,0.8548662841706501,0.9121850863982297,0.16833035514254957,0.27446464428541306,0.7503566988951722,0.6143030626007719,1
0.7105430292911296,0.4641824947939853,0.6591964849983961,0.48351357267510975,0.2654074249773968,0.16488337601509362,0.03323446527274854,1
0.45654143106925793,0.6845747269179688,0.9094746124941653,0.28918274156079093,0.5663260069851919,0.32212207399047144,0.06400671171532202,0
0.07316504524493062,0.3331351687617752,0.6175224550669062,0.7334887278469845,0.2912040556225216,0.2649837441248837,0.9383326339560449,0
0.11935330855215065,0.19471400676124562,0.4544809405350898,0.047067142026986364,0.3385499244317567,0.4470688541127982,0.8383178128389648,0
0.00029292182491280627,0.3134704037866768,0.13473913145603833,0.8528439490791178,0.2348051622524724,0.46491245978860685,0.4896406506797496,0
0.35919976950293386,0.8751636314693179,0.3977047876401215,0.4613462648933552,0.44628683540267644,0.6673071985541632,0.20039825875437256,0
0.023383963499597038,0.9897709847863014,0.5975534899350206,0.01594383029588975,0.4660821913890082,0.5696071340143589,0.04017562116047413,0
0.43502179072678904,0.2639168304463918,0.930764268625362,0.1333624661430748,0.5259205117168932,0.5798748730025354,0.9753488518740228,1
0.5975416232174418,0.165363412862919,0.8293075853983004,0.9454404872165283,0.5928546001010504,0.6329848399730194,0.005672287880468807,0
0.5958801403782715,0.0710827290246051,0.51314166838398,0.5370066673845142,0.587904996707863,0.27288970574861937,0.23764778532885655,0
0.5552975182009486,0.7538195562388602,0.4479909073978878,0.768545335529428,0.3672518907174329,0.2261316197897062,0.6839029729042115,0
0.22617086082240712,0.5280002554619799,0.03327337784848994,0.8827772139312652,0.9006790585431399,0.21518855411281002,0.937898256210071,0
0.5191889016889812,0.5561002009372876,0.35118841029378933,0.32030537010763394,0.5116565260050223,0.7794482385586976,0.11705930915112495,1
0.9798359304170464,0.0452063864429737,0.9813177694239794,0.5469170205130082,0.8321161298577701,0.09726170930198341,0.7738909989687388,0
0.44461778702574495,0.08105699149151435,0.7410253591056357,0.6503239618804886,0.5573786907726446,0.3160927058376565,0.3317681307847691,0
0.8744916863450265,0.9146229896435628,0.5247490544102091,0.8415850985980077,0.3706131969108629,0.28027297337273904,0.6797184264798182,1
0.3814054411619432,0.5767308244638719,0.8622995762856244,0.42008938636548643,0.7386480354423849,0.5919257539778845,0.0966332303980848,0
0.6230444378147061,0.21920668123390463,0.02305583260948363,0.9517527795055014,0.17696008246852402,0.9241915845531127,0.8648168268977217,0
0.4818389065795099,0.20746129652810597,0.9576242210153021,0.6071206831209011,0.969680320136072,0.8785946504436563,0.7072239339604005,1
0.688622476361669,0.24090318614628137,0.69966873026931,0.8738723096747443,0.5723025607914948,0.10538732145233576,0.9556018394526306,0
0.8973778396089142,0.06375789095238693,0.013314147269006815,0.08335803367151062,0.10416566924371484,0.5402102278406471,0.5024191575607241,0
0.44090074920657774,0.04976325162657047,0.7055318086990701,0.46334233684482695,0.42135826490543904,0.037197390023720245,0.8876913302177539,0
0.757399458259638,0.719985349626125,0.08312784936912199,0.17916946447588533,0.7125382496978053,0.7924061734480113,0.5403986272974277,1
0.8825396498687832,0.26375681444820354,0.6395972693547711,0.9118831287409629,0.06810971748650829,0.37471820730515426,0.5127891859193724,1
0.7895445462099001,0.38446499526865496,0.3008856396687867,0.2349873193534081,0.261380462049589,0.21486478605822834,0.09461042121593477,0
0.024555998875792517,0.5373629251869994,0.21209223981637237,0.712980133714441,0.9243741660119829,0.4841019213914195,0.8141694769851137,0
0.00018965351824429266,0.32006409442988015,0.628081477037436,0.06286938445587809,0.3562029811291706,0.43510332280165165,0.41220251882876524,0
0.8829596766482407,0.47878641324817217,0.4340407734325046,0.2008446408894926,0.15916262837254436,0.9431283521553239,0.6000250443402845,1
0.7293134123517789,0.8650106541951963,0.06452301833069973,0.3198524805110414,0.0983826958534817,0.03318671278961116,0.6506916287488145,1
0.9581320321704097,0.24409948145485616,0.8223428748671908,0.7818733228364572,0.6190626540748281,0.9499841541966557,0.7748113021731773,0
0.29248239403496934,0.7912596731223783,0.2661227367291039,0.25116677508367624,0.5581331310115202,0.234371243837171,0.5753443128565303,0
0.7879682527151248,0.26394865473266294,0.6182102631607969,0.8168843929582152,0.6477416297800572,0.1450321614097312,0.6199105482309952,1
0.8015220771176368,0.186947607837614,0.6093606526496096,0.7886107640696763,0.958036758367139,0.7418238075664384,0.5207546646004206,0
0.857326489747688,0.07265874940076755,0.05616115669595523,0.9922033456510803,0.060118263644867165,0.5225769292667015,0.613951722996516,0
0.692027913701495,0.6842015212410669,0.9973165502364121,0.6771404896227414,0.19767101818116828,0.8956474076625377,0.44422901334093245,0
0.13830799241727165,0.4116338078041555,0.4476605428863214,0.6374376255622595,0.2338243241363388,0.5426371005265009,0.7764115149914489,0
0.6809427395242603,0.7704269139193984,0.20535663902435797,0.6015359189566184,0.4270888694282494,0.5054676114321435,0.8105072479568572,0
0.6044836948377419,0.13267113103306527,0.43674768842337075,0.10961913819727986,0.12102633991142608,0.2061618785868481,0.517107573718847,0
0.3336720925154043,0.6033505532601481,0.6030619463638701,0.5132221406002868,0.40986992230916497,0.9497737873711638,0.14662803930809742,0
0.20861349173396515,0.012987044725052854,0.0030397805836501757,0.8514828861336198,0.8161946287224513,0.6644902183375012,0.37349797241662863,0
0.885099944313532,0.23382998467908878,0.3001335581347805,0.020856800474586046,0.1636578274172812,0.6015687213678658,0.8399386696479172,0
0.14194649496018974,0.609647202996444,0.5363302509574752,0.12665511903358362,0.9165804663767516,0.7900557483384061,0.9167490021598936,0
0.42219789669395735,0.05603867682052033,0.694476980024267,0.6005492625854052,0.9112534150643675,0.10127098690364511,0.2670530017376632,0
0.622798522705721,0.377228748462206,0.3133059605119536,0.8470158537946455,0.5129872305959169,0.8664134464678407,0.9411026002545265,0
0.9717964314155138,0.5616628200266705,0.40390965311928484,0.30733176188323463,0.8601575580695752,0.5004827108321135,0.27671324274587616,0
0.6709763524111558,0.7275865639626088,0.22122842920593022,0.8714782415395697,0.7115008148906169,0.8022130587667884,0.9188768427465391,0
0.3048781989215237,0.705656054968411,0.2930403259685036,0.3375266222862875,0.3567384549439474,0.7126308203179267,0.935435526037511,1
0.060661934332657874,0.14818059991052224,0.687357427306985,0.4654583775761383,0.5617514983899563,0.4512599101129131,0.5048319088182472,0
0.3177031228467254,0.07517035320015009,0.3372618581421847,0.9530306671347786,0.11661655552394523,0.7697098238798941,0.9505521542389218,0
0.29278655931364483,0.37635839979980057,0.27961961737601615,0.41759208732901953,0.49576237269881474,0.7206911408919305,0.5492723658641315,0
0.8190794818137422,0.2408060405101824,0.29855992512521634,0.599481256039293,0.8299790532199683,0.0037218828656436775,0.3788902880280586,0
0.37658455451850203,0.3056913948168857,0.6126430420180711,0.9354657043658854,0.5852399976925216,0.7092474381968816,0.8101595052526882,0
0.09844833288382937,0.34248464886353414,0.5608167934848379,0.2643821741076354,0.38203061366687974,0.5087886985712659,0.1085221015119876,0
0.8699774626924047,0.39717780730076147,0.4069013914449163,0.09193593006670397,0.6635596409365446,0.8394708552829814,0.21665506834932613,1
0.018054266783106843,0.5186004163984054,0.6323162940562744,0.9580298718370801,0.9768554437214121,0.8096444611301552,0.2132501055258128,0
0.0030093955283441165,0.00930373372757376,0.6427942879917079,0.5598296029228762,0.06748152928812556,0.17064851402005432,0.62207352857774,0
0.4747532434816172,0.298002364448984,0.013109563726653284,0.9658405376432017,0.3303643224147128,0.02175866762838763,0.7088728251627254,0
0.0692202899909814,0.2643671398695735,0.33905951301659876,0.8667446230440903,0.1559392614427354,0.19632542826127386,0.8374254135273428,0
0.17710189602354365,0.23622303255817945,0.24428887849789238,0.5946265058060779,0.9569475174727049,0.7411252711995522,0.8998619645963163,0
0.985284582121861,0.7886191978793299,0.8291215853386713,0.4713406738293764,0.5459018676398442,0.8713513888277652,0.8750475164854444,1
0.8443650029928225,0.251297996652308,0.27543609290192117,0.4802502276242122,0.1296691340806959,0.7005740162643568,0.6819945969146564,1
0.7640376759317266,0.15096464105565988,0.31729609188435715,0.16601649552148212,0.6121700584847303,0.820587695260441,0.9148266774600968,1
0.6707930531972014,0.8518260061370102,0.5377874479064747,0.45356201778233984,0.5004201899723943,0.5872408763647866,0.27554454167601294,0
0.04781544901944135,0.38294149643248565,0.5473992989457265,0.8217319490404172,0.05932046928912438,0.506520676739974,0.7252759262272815,0
0.8359087118270672,0.18403399716848579,0.8109735085268452,0.9887882154081938,0.8645146638853929,0.9703640236057997,0.07666743171473012,0
0.47118832944677413,0.7512078556593581,0.3879282803786398,0.9603420638912599,0.7091962623789059,0.08059015850826978,0.12522842473991602,0
0.09831997389501568,0.6571743284719858,0.28116424212612534,0.9621785904982478,0.0052387953282624355,0.42135426832000655,0.22612214405297304,0
0.30075101115001845,0.9452997670186444,0.6082433220995705,0.01901088800422812,0.959672251936908,0.2780572327088645,0.10267674237688373,0
0.5019681197845453,0.8777955795690846,0.7282810410468923,0.5157720574237096,0.15926813629184222,0.1220509743197693,0.9656658466053425,0
0.013694597421178623,0.6943153619457966,0.9925975075648727,0.20013111559974062,0.00026200708106038917,0.6055769975981716,0.4662442294673884,0
0.252419473051384,0.16099112552377604,0.6182988196630356,0.6152842264658873,0.4272715545981087,0.2632503770235989,0.9067043604777993,0
0.33592362873676584,0.4831812384381131,0.49073357458287226,0.94583690845028,0.14078246538937256,0.4629645461871552,0.4766319479754181,0
0.46379133953459695,0.11878869021031357,0.13306801114937616,0.8766510604703004,0.5701479289856207,0.13658860818782437,0.6996761889017341,0
0.0019816055738378635,0.5493982806223324,0.9869230848149078,0.8665824767771618,0.3114296151931363,0.3899865110597138,0.32171479594053287,0
0.5654426201812867,0.916783556946423,0.684991815146954,0.3657184077579889,0.18517808655426093,0.20025484428509854,0.9506654529042675,0
0.19763371086877213,0.00382294705711661,0.16501743617948728,0.5011713040456313,0.9853449734618728,0.8969370826070563,0.03489446179518274,0
0.5972505307485759,0.8760147962646554,0.4596772905875325,0.28194430932079184,0.3327290161698869,0.5223961592740896,0.6974045812209717,1
0.23915030711850638,0.5393180742588684,0.5603023355897843,0.5538543308897793,0.41473326472463545,0.7995435850654402,0.9503799929883825,0
0.40271844158082903,0.15124951989151325,0.21687730702224595,0.3033878586720983,0.29424013877304667,0.48572633233707596,0.7881486297603499,0
0.6236301992462796,0.8558657416785351,0.7324814329898947,0.8087312844913861,0.8369869811246505,0.04238431094827899,0.8275962790413184,1
0.6565726064408199,0.5368963476251111,0.6503375562897966,0.46441932404626474,0.1967840777352029,0.694553559774293,0.29916301996036676,1
0.030595693118689482,0.44816570211600115,0.23374735441192296,0.7003987893346143,0.1276575279510559,0.047823432056727344,0.45184799011553944,0
0.5350745480792225,0.4997181691907383,0.9897563706854468,0.8726672066825917,0.881457759290056,0.3950404285906909,0.13618093038673185,0
0.8166416693258136,0.14737157569866544,0.9486685209720411,0.2997490910323214,0.18335976647510865,0.5469393546589715,0.37640556537766456,1
0.20642304555443935,0.11273817505876704,0.2655211096323137,0.6220915125832774,0.8579380084155428,0.7798283154915543,0.008435268131620877,0
0.5319886377455273,0.661556462713785,0.4418121546099266,0.8458131920319159,0.5781777611563352,0.8985997666054488,0.7787696057350504,1
0.44761464238686544,0.8804118690452387,0.894787941580865,0.9507325982953424,0.8233717072578337,0.2048137810604368,0.9530123472523272,0
0.8499349079066201,0.6944587111102236,0.4062958432605246,0.1630666260579431,0.07015807007385566,0.663572148545963,0.7008493507103244,1
0.4387630746394202,0.8407851899402022,0.954820516907971,0.681420223821716,0.9636209095074119,0.4702287235607653,0.8102975936529436,0
0.9438405104606474,0.8447716401964757,0.2004075363753528,0.4352188102727925,0.29976270814818684,0.7675157086734011,0.5134697254752956,0
0.6524284310412831,0.032040573793701066,0.7240222856300405,0.28552309660316955,0.05862694699616133,0.9398437523305537,0.1916684702994481,0
0.5613832213806547,0.7709548990052254,0.5995060671175652,0.15772950815231945,0.7648857933964357,0.5329671141259,0.720815461608853,1
0.291919540977177,0.7720925705254983,0.3461849365311612,0.5853806345695451,0.17845373980957902,0.28677101486041434,0.29928380489573025,0
0.5965256144833156,0.34997696600517103,0.7177925534869799,0.33408782433560336,0.3511118747407509,0.7985091972593257,0.45952500475180835,0
0.13124642246805762,0.40984901000663543,0.02421050951704007,0.6679436875374184,0.5946562610977899,0.5267358805253436,0.900667844705391,0
0.41624409546568253,0.7454900001256669,0.23086984934879706,0.28099682254193037,0.06861639265998065,0.8822783952578681,0.37293713248602933,0
0.2844279457847536,0.986554740870456,0.26129552855620297,0.0005915181714019058,0.2019335548662432,0.56607313943606,0.289369517656597,0
0.6702765034711514,0.9878251614399698,0.11747040668925735,0.7672277833605256,0.4890722330222299,0.9371229536058292,0.03169450373647975,0
0.7639959815292534,0.4738428614125316,0.033961104436453504,0.16132717995801749,0.42190297037894176,0.01753661880234314,0.7014568734086619,0
0.9286288547852143,0.7895507404539913,0.3529475069797985,0.25250336010177743,0.5575733891057245,0.7389588292709591,0.21521991891323755,1
0.2221007707810242,0.4660614926306722,0.21827465998832363,0.23535420679020336,0.7286328552467729,0.3465379583420106,0.6394166312732141,0
0.8847506982673647,0.8659591484053698,0.13286694955046197,0.34224101596496603,0.3529922724830743,0.6686203741181019,0.3666041739010273,1
0.8459514851892143,0.6497276610185961,0.15731074437314463,0.48534192115551755,0.40440569444394536,0.9423467686739211,0.7876756846396264,1
0.8624315749528633,0.9366403909244767,0.826266468960828,0.8124522029971162,0.2723813617480326,0.6539111771619658,0.889894480862972,0
0.740475861534706,0.997240161350175,0.09490287151940058,0.6502199724762416,0.339697005425612,0.7449853759787763,0.2357032385743677,1
0.26772144357724914,0.3301876603428757,0.7248552262285245,0.14599829675852316,0.05102917301173393,0.15805045063621392,0.7923111006098921,0
0.8778721750125321,0.9793238133121233,0.0539544201882578,0.18367605002148646,0.5801241326393898,0.17051804685769856,0.15281378734042517,1
0.5995484620529203,0.6925129668307063,0.040632011513158206,0.8470626492496828,0.17277872540603312,0.5734263864465399,0.14092734534652918,0
0.7406117038427333,0.2380862002290326,0.44224303369743556,0.24985545815035448,0.716286737785434,0.43060447322814577,0.42844565244935195,0
0.20525735599302897,0.003111949919827439,0.3818530146685556,0.2186831121862065,0.04219346623796849,0.11115054397689095,0.32450950136836854,0
0.15741053551402484,0.6838384923536699,0.5457485186513287,0.0035701209735915507,0.05987593904989075,0.7283353495056485,0.9871577710234988,0
0.2768516350747249,0.22237968056033175,0.7026430761868,0.7740757290553824,0.28468943255270884,0.6989566066520444,0.8039789838860062,0
0.5113707767757049,0.2313786210465959,0.30981071611619326,0.7384518252696542,0.43840424509648235,0.09157577976188902,0.8902368862819408,0
0.41662509611972653,0.552168064852006,0.19440734886640487,0.3476141492180762,0.6936083521208147,0.04865678698342779,0.1359976568651774,0
0.8876080360386804,0.030925921693535696,0.8221168111524632,0.007314849296909398,0.6921834053926572,0.37881332202355567,0.7139609567603044,1
0.013018503152552041,0.4163692551902046,0.16530693650700246,0.7855753379129845,0.9733790846042816,0.6329341915393509,0.6042843059037903,0
0.08004839294594834,0.799373472150736,0.7984527374119089,0.0993652122978782,0.35164448661889014,0.8935675180448024,0.09923925086559804,0
0.3254098602976827,0.027260238808788362,0.587146875675551,0.4604679356383715,0.05935096671884266,0.43450557311749793,0.7936635941824046,0
0.16773223244617985,0.623941579046508,0.28936998328589325,0.8401476169872188,0.8612643910736462,0.08410298712626307,0.85378180101701,0
0.40675061619013986,0.15837965828177603,0.31425906401358317,0.24428211573132608,0.7306376680055284,0.8404660548178111,0.9140929961043727,0
0.7175931004851483,0.8628393743840532,0.3706294612747195,0.3796686971528247,0.06812192649915438,0.12489985534479553,0.9398205363562263,0
0.9934178718010545,0.3906869289010715,0.5910797277972025,0.6608562562592996,0.08333843891839088,0.6373912902599024,0.10781056914004028,1
0.2020747472246257,0.8121223290174998,0.9796267807841487,0.6731627540016956,0.47663597462949525,0.4134533935880158,0.8821722879561253,0
0.2659746345804469,0.7238202640188586,0.318273019017697,0.4627063768986863,0.34164495046020293,0.9095701335786014,0.945360019172417,0
0.7687386495488497,0.8778351259579933,0.941867911708212,0.43375260958326245,0.5963720469160367,0.7049109107077214,0.6907941950191558,1
0.2720497073002688,0.5168598948837766,0.20514685229945506,0.41950920589651763,0.21916091443398666,0.00014259604881772248,0.18385133592792435,0
0.7037499727375743,0.48611300517817,0.11295811733640126,0.48603270519391895,0.9593391246147589,0.3727619386105401,0.40083767118487545,0
0.5834890482823806,0.037430532365628766,0.5321137819814239,0.3466450175209488,0.5121350497750379,0.1803090778263602,0.09011024478861285,0
0.8548940988307128,0.5338140877098506,0.976480870708742,0.2564144511986438,0.7507188349101885,0.2835315015802299,0.004246445479610728,1
0.03333677489631337,0.5219763674773982,0.4848637948320228,0.3160513831200443,0.125784476277626,0.39895576172330227,0.920062084482463,0
0.9797469599620067,0.6063947825526801,0.7999150601879059,0.47776728272936675,0.6169250416325575,0.5413851011981128,0.9723384095715685,1
0.9642506695710107,0.13102163873133688,0.4725463320167541,0.382140874921301,0.865179790449541,0.7983816847047679,0.9192928904461264,1
0.022387794678925266,0.5399679096949411,0.8500018130415229,0.5855380120413186,0.02299063234406795,0.08642823504739694,0.2539625830034066,0
0.49950942167803514,0.45403230474006373,0.8127407597219971,0.6311411996083692,0.5399861953611764,0.44110336737647227,0.6211109304998842,0
0.4014261049691771,0.5959759912465697,0.686192499825874,0.996143713461215,0.24676162386957357,0.8507182183831897,0.4996976250393098,0
0.2541631512036776,0.6605500830729557,0.6154105959438239,0.6151694670516873,0.4783887976448332,0.4321802367474805,0.4960475715810756,0
0.9778259211693259,0.3614234088316629,0.5181428271504883,0.7346331792515947,0.8159951295516771,0.5192950055843631,0.4283338219310062,0
0.17460046681255625,0.5040530644167328,0.9567589050915395,0.0980317896601538,0.6900706992738619,0.7786059627648165,0.9411804556188852,1
0.26355449230132455,0.39509781930056775,0.55737984149486,0.7604488108142661,0.7544991297998991,0.7128944235274386,0.7908893958323794,0
0.008222973610550799,0.7654899334533378,0.33713806173809546,0.5089034848852182,0.21168285195764647,0.509997739279503,0.8468685674027843,0
0.5802231281307506,0.796423698444393,0.8822170863049728,0.8665580882250679,0.8325199291748445,0.9670930713904468,0.03461067543291796,1
0.8607986389333181,0.29294139708999223,0.6600348706293037,0.9709087595759406,0.6139921161163147,0.03621355145988214,0.41195016711788457,0
0.6219129356534807,0.2595459382411477,0.5581730053126772,0.23036560965688313,0.0693021173606676,0.05451025804354759,0.5979782650528206,1
0.6516072259936908,0.6783231061404587,0.6821705753849511,0.9286751119163795,0.8627093488844175,0.42736248524917875,0.6587215105352687,0
0.06632036957431142,0.7740162053173198,0.3488721156763428,0.671640876923481,0.055755240444415044,0.15784931760293985,0.8948797720858866,0
0.7148072191107216,0.010865491578183728,0.4208529892748438,0.7391136519303584,0.02877061880178511,0.21650835290690296,0.16700292094969182,0
0.40900441879346405,0.42743598147222606,0.1955947599588026,0.47236106651397547,0.8337471775451735,0.150082534193827,0.09003671366676957,0
0.4737124628727981,0.3077308784134295,0.8550208107335959,0.3547935820418444,0.013023706559394221,0.6923689464473933,0.8931988642486959,0
0.5850155694072274,0.7665204539256014,0.6655920737031236,0.8000340269816462,0.08843409430613525,0.4212685075173994,0.5066192418149894,0
0.9753643638403078,0.14354072462083467,0.8242617353835444,0.021971793253519944,0.01695300169559999,0.834174733195335,0.5392155631276356,1
0.7481832557174423,0.7782465030007936,0.31739056898575935,0.5405957282041112,0.880278742520822,0.2503842881127172,0.8900006586805523,0
0.6839270898345627,0.6614066169514576,0.9954373098679022,0.07382977437921001,0.044695488471333644,0.6234264005665889,0.7498099723067936,1
0.4318930347853165,0.8429295737248922,0.35721017413306655,0.25463483275157817,0.3726798144841057,0.2134418285791132,0.7307544892322132,0
0.03445051652885889,0.9902433474069507,0.353713027632807,0.7251991180058772,0.21699236993688775,0.014484178878052645,0.18602846119580319,0
0.5386846723655084,0.4765551200502234,0.960635459457832,0.7547386119638835,0.34166101283795314,0.6889183817702281,0.6214102925764209,1
0.6608812303767315,0.6994114947252903,0.6550648821908748,0.8890433337986079,0.2905926144659744,0.14551993145066888,0.4500712270667696,0
0.7041896847082146,0.7099609384605934,0.933442328402579,0.7154372344555181,0.8878717257907719,0.6938106553068392,0.611041498724646,0
0.6078810832752484,0.8445732493547894,0.6231418862998845,0.6747459760952066,0.7687055556533724,0.69067143272546,0.5756771776387793,0
0.3003670251020025,0.5181251818607537,0.2464748056633136,0.945117297392915,0.8850168758955735,0.6681440142349153,0.026279974910153103,0
0.22103140168414226,0.10764774056803905,0.3907365076251169,0.5374096027310878,0.7200426155098358,0.591959767806524,0.3438754054706076,0
0.09009402169816882,0.9793629550894887,0.8589123742071899,0.6538816489482675,0.3303480902107726,0.8849222742930335,0.45780320706325817,0
0.7028313728845099,0.056837344573871906,0.4894619292397977,0.8680628541751318,0.18584511955630278,0.07563666157079929,0.5002219216296195,0
0.9707859412435538,0.9623745068707039,0.708979622931023,0.7636951461829251,0.5297794803939858,0.9318190021440429,0.09946926964376668,1
0.5250224648115507,0.2553582256852941,0.1665287659825283,0.7699255489708143,0.3566683541670994,0.06596935361291312,0.8985389013627374,0
0.6731826653667136,0.49248392101280924,0.39976860810000003,0.5367557968719341,0.6434129978790544,0.4953233628047701,0.3343156927050648,0
0.6926025025622045,0.9506615037437863,0.8394571840140744,0.527844806886623,0.038932592110688335,0.9232329805122292,0.48942197541377064,1
0.16144210582278706,0.6766605401314598,0.9410103377188257,0.6487066906063781,0.7129820288422992,0.268929281192013,0.6637274143366922,1
0.19180141885502877,0.5855613452051699,0.3243006642619931,0.7005463903973217,0.2995591769977971,0.8379045617097142,0.719081636083751,0
0.20817723037019475,0.32589285888347186,0.17257281836573923,0.5461018410266669,0.4622405047020114,0.5931891411101856,0.37802751557290837,0
0.9328415337106806,0.29240604462438224,0.02342083872613021,0.18546694221503668,0.9786139557672914,0.8611857431216952,0.12911282629705967,0
0.015580060556299902,0.032777664092586645,0.1273844557339736,0.24841163743845585,0.2155754446105128,0.04856736762739444,0.20731766923322714,0
0.5411687730095114,0.5863322269513203,0.8356678949467102,0.4930751119025948,0.11765558272989551,0.5559413500296732,0.1650518574396247,0
0.37717762235021324,0.43010126558129513,0.45568395167219133,0.20406486343399155,0.2098138608357324,0.18865107172885853,0.24413780451961764,1
0.6593503361634528,0.2243011969506068,0.2916214770095745,0.42348738116254936,0.351503525653289,0.01806854566059335,0.6036463313327989,0
0.2204921647691237,0.3842141243871755,0.7756600616233514,0.14714102119290606,0.5362352894713219,0.6889543417313908,0.5357588204609784,0
0.9611708197245804,0.9409422081210556,0.793445920925925,0.1462324331324074,0.9802262357101551,0.7496839969587599,0.16863044782484216,1
0.3312153341398977,0.8484001184433684,0.36216046323178996,0.843215173012148,0.8698833829051061,0.7362961774371019,0.6815165043825611,0
0.9259267816165729,0.4304072990521598,0.9013676440564005,0.5422499952614902,0.714956445426563,0.7269753151757526,0.06370469926476219,1
0.5892003569677889,0.979953026568873,0.4631123331442202,0.7804348872725513,0.7205295448688908,0.7999418267825459,0.9096070218175075,0
0.4144610989715055,0.46211777296585543,0.26123118092596964,0.011539374689921056,0.2837833964260619,0.4695897634066253,0.5661908317796172,1
0.7338855232683492,0.34914187821509834,0.8997558913540183,0.2856309668305461,0.9279691405742815,0.34757591017289224,0.5904173248773297,0
0.5530646742657671,0.38792060954874763,0.15295147784890106,0.017680638198120935,0.5395521608177156,0.7709631173544854,0.2858938414164107,0
0.1385825259713208,0.8746166865107186,0.9959435192739458,0.00338214545638138,0.16252061871435852,0.666460578307248,0.5116370030198576,1
0.704489199667612,0.2677547505909814,0.6132522264631803,0.03201640442780895,0.9503025160361454,0.20000636627154356,0.42625729070805796,0
0.5794939123063052,0.22210276295737696,0.9153474644025679,0.5215242577869234,0.5065259154805393,0.43529319333224126,0.950746446085436,0
0.5656449856647973,0.9605473241530351,0.1788358074144636,0.09082205531855758,0.15551214631035637,0.1821726597684309,0.07622145740839725,1
0.7381457803655938,0.7342689079997271,0.3891112645429474,0.7983739891585299,0.735232166294298,0.7789033764440102,0.45873563564133535,0
0.6534801875829378,0.7637808147661346,0.873250932634735,0.5161876269357375,0.23379010650932364,0.24713094822075055,0.7915173504786017,1
0.36624256347456485,0.7402903988544101,0.8371008839004821,0.24535306134952983,0.18766693911037102,0.6226956113544438,0.5445770908442562,0
0.31848876965323103,0.6829073628786609,0.8718511498407222,0.838657143992037,0.26759147585953635,0.7353673702178001,0.5652179617637452,0
0.2508188562140681,0.09124796757439291,0.2804591499537469,0.5096376643035991,0.578276448121984,0.9916040189185912,0.911215614656741,0
0.5751454304439302,0.7536788472226202,0.6176180249138793,0.3507990382682259,0.2925894596025962,0.43314255266158364,0.3756927847929775,0
0.2998877591397002,0.2489219001359202,0.3895985276576277,0.5679506468454286,0.040813473760079266,0.8724605134511318,0.002064355530918105,0
0.12041829179843544,0.1324052642086082,0.3207744034612915,0.6726087331306332,0.38749705458809736,0.6643539276248616,0.9256714136513439,0
0.78269749216079,0.9830029918158094,0.520127603271882,0.5588036984958827,0.23438760239670586,0.008448381515933634,0.03305974830599212,1
0.20913224218232718,0.02786378340893514,0.7150529474613573,0.9327852853683918,0.5114473419546984,0.3912790898693519,0.7974041239070854,0
0.164876991844487,0.03163609357351849,0.5185178307956108,0.3539737294800708,0.4595616036748834,0.3941181080161291,0.13959421843226738,0
0.8490009728258548,0.3099125324420834,0.2304979079914532,0.4099494104951159,0.07808307491299904,0.11962515003750063,0.020684187742165294,0
0.7021280086617606,0.8442020632264503,0.8074926336255411,0.8588544520764875,0.24531404740660234,0.43708996176274617,0.3546702372922743,1
0.7661569657109282,0.9779441213316742,0.9777886794600827,0.637487548116816,0.281484278408375,0.11645961209869327,0.8640564267559583,1
0.35036054611826406,0.11852772288246882,0.36287862247297276,0.9662667493187741,0.48473663218773466,0.8353844891108739,0.03693786906855068,0
0.6174362077221056,0.39543983384694903,0.8492528189584928,0.7921646580202154,0.8222188327381954,0.36189721171738454,0.2626801074654841,0
0.932194250218836,0.7343018285197698,0.8638627717744891,0.5129282787794592,0.21860269859710835,0.183121732557594,0.2790492281189,1
0.2826972624442917,0.6455282477987199,0.26052124057145676,0.6347183167001348,0.1581866718185554,0.6018229030100603,0.0948069325102896,0
0.06896209559443534,0.2333766789158649,0.7053071277872386,0.40608440921640965,0.001021577517613781,0.8575821227903988,0.09255804354271446,0
0.170878059092471,0.32920594007691606,0.9384172017113024,0.12764561923988083,0.60650318917313,0.9349275571071792,0.9081806151559505,0
0.897466282344057,0.5943746518599061,0.7398559413344642,0.4071105414016494,0.3256398560058338,0.8942857194252295,0.6952956549707265,1
0.28153108219350886,0.035406557114343484,0.03002176358656461,0.2814857803760388,0.6701553525144845,0.8820526104219818,0.31113753522372334,0
0.49125290678116407,0.7582289773548482,0.6045192319021863,0.6780798611452568,0.6901423944245859,0.3480514891295866,0.23832078145990365,0
0.5345689340665274,0.27540491927491295,0.778451417150494,0.6691972207438595,0.04470352436649028,0.5054214377767896,0.0428812128867333,0
0.9600136250176743,0.8283461843227041,0.6181365822222287,0.9373678935402809,0.4184116971550834,0.37130879871934164,0.3587872312297772,1
0.3014790153046677,0.683668841820787,0.028739844581413654,0.07945744048285752,0.9679826973607484,0.9222616339871261,0.30113456617549517,0
0.5213912909900332,0.6454145208666119,0.12016908344224153,0.46756845545295656,0.27514379708076,0.09282617536659732,0.9170798085778178,0
0.9581243285611397,0.7673611209441333,0.8016222875906581,0.39863918427062717,0.5295504347304534,0.5543196746533962,0.22050856511729455,1
0.20134482006278098,0.07513452161677225,0.48805336095298646,0.5274383829867388,0.5378135706371125,0.24690578156468967,0.40514724422175186,0
0.5978853018073489,0.2599707318808908,0.9579768754376011,0.1195630796751398,0.2605512573894202,0.850374247553776,0.6820140861231125,1
0.0636067560359509,0.5217374676407273,0.41498158925836526,0.49142654006075503,0.7792563689106838,0.3392183289622066,0.3211803748213544,0
0.2629751786580675,0.7771563336528845,0.8217082647918055,0.6570110036964695,0.0036828634488618173,0.8636842221931,0.7817859598902779,0
0.06921493958411762,0.8490557526582134,0.03549254083069553,0.31378630379620354,0.2267905068358469,0.9280429132716796,0.7262564249050744,0
0.3301527476617453,0.38210365473542385,0.8410147302395798,0.6504421613267243,0.5925272735967901,0.1719676471829512,0.03546895004201622,0
0.2064338077965261,0.7936476511084367,0.8590577076779845,0.265671686444384,0.917293666704228,0.7542526868494697,0.8558306278106035,0
0.7984157228222212,0.22027411013681553,0.36207582921296266,0.36930540753217966,0.009531153123940261,0.3499782594528251,0.36390007169360716,1
0.46339544911621067,0.08243524317407691,0.3094520414632751,0.907288300317923,0.6008678616936128,0.4032761705562512,0.09585574308717981,0
0.40500021375450224,0.2465834250672072,0.9099087775168736,0.025058390654852047,0.003366713024695267,0.27438127676120005,0.6983455985824785,1
0.6923231274883913,0.9031481624238658,0.7777047243344744,0.27282343391549047,0.6228174586925861,0.6166666554426752,0.7471466483644981,1
0.9471993152506984,0.5440364205885528,0.597948729013385,0.9357256181583061,0.4115954108978379,0.3431671271629636,0.07100969784965672,0
0.30154339296228017,0.4813491100950078,0.43634493138596386,0.147042818475986,0.4344542985291705,0.7406158375617217,0.35392065522777494,0
0.06675104734521742,0.7433346899442594,0.9120866183548543,0.39740781407095827,0.9675096240061011,0.7784920263437733,0.8954804885767367,0
0.1097801672542037,0.010092931495056412,0.7472220978789559,0.454095667501604,0.6822463436546903,0.39513228094018205,0.6694379693550747,0
0.8572150238206755,0.11830311869717058,0.4168359104793228,0.6526473373171763,0.19641463268256598,0.004744029144360451,0.5339216995478577,0
0.8458549912526343,0.09960272576137175,0.49672013303474305,0.6117732904909876,0.9973372148340607,0.06608132483176332,0.5041129883476959,1
0.4753654069136508,0.12166711107490247,0.09843165534649656,0.6267623437551363,0.2566777318653548,0.2738122248388569,0.6084163325758952,0
0.14764296330593618,0.4534503646988125,0.8107449990456652,0.9404107513724751,0.6859068226598829,0.9538731767171462,0.653020935213741,0
0.5264893765901808,0.28068291456475414,0.8417022751223733,0.39278493879718257,0.6802949954461416,0.39380933053028533,0.06883657877266491,0
0.6684218901797919,0.7857250077929303,0.3556422409520932,0.48981283359634487,0.8497250173882489,0.744235278044123,0.3341482900114333,0
0.3322364901276095,0.8390391177573958,0.309653733918527,0.9639741639079046,0.3988668752400705,0.9360779193464595,0.5266519522169419,0
0.08251802882082793,0.9249393472133345,0.25223415428126306,0.1281524998061987,0.6959645131253709,0.3416787600431267,0.730341473016099,0
0.321941641728144,0.1960623992005993,0.1734587185527916,0.9482117239159947,0.625941073879665,0.561289952125674,0.7427747266908376,0
0.6905739666041697,0.5028516843912108,0.9477851172875768,0.9482804119030929,0.43641995103512987,0.8523206409458789,0.6055093322140428,0
0.9783676888228467,0.048697819142508925,0.7590334870442501,0.953474956557802,0.9159574224045834,0.6147978816760364,0.5865248306567811,0
0.19009014594317153,0.23990812513420667,0.4334055009368878,0.06702907266187697,0.2519295933542445,0.11222060852345583,0.36775085182893663,0
0.91455574762821,0.6150773705257762,0.11017050912102067,0.5775663314924924,0.22427357633274358,0.7695769246910883,0.834700066520687,1
0.4566229117509354,0.42239231531785304,0.1394370883599031,0.8381718489686236,0.6303882552050641,0.9040925515183841,0.9164002297616528,0
0.6632181254508265,0.690699247139789,0.7097884170243026,0.3137015168652314,0.19026663827837054,0.7687758055886459,0.8463174107732996,1
0.8636989316402157,0.8392273805540734,0.20308103951965972,0.5905615289073692,0.8299948068065568,0.7525387781208366,0.8719209938655703,0
0.5574604133140033,0.05953510888428348,0.347873965877291,0.25644519731437976,0.3396752561183899,0.7556963216004112,0.9088100784006296,0
0.06146138402971735,0.938612968342059,0.9570091264607886,0.12961344787822981,0.4210994751816878,0.6125388773245524,0.20206363550762274,0
0.265778672120042,0.04240332866629681,0.5811979037065192,0.8522563748691508,0.6823158575917723,0.24780993151837105,0.5138765716830801,0
0.8029057274132437,0.9816687225554825,0.8083472758356645,0.9812203766039462,0.8851016930006729,0.9108387465769688,0.5345402977329957,1
0.5528918359019133,0.6376317250921195,0.10388133860516036,0.069746410686083,0.6899674808236965,0.12890729147139446,0.48542490410647243,0
0.3290742607284325,0.04330001928727878,0.33038619232773825,0.12132089310810423,0.09420522497161099,0.8272957463923128,0.8484885195691889,0
0.5833017257546889,0.3936288181756814,0.8956070526746388,0.5886069038698406,0.33806098751251934,0.3593742853287859,0.3250389332370539,0
0.26857010614304133,0.2582084572174017,0.8104630842591234,0.08631127400877281,0.7500629157335212,0.6738200902731379,0.16131370628582187,0
0.24101029983460986,0.7985723476171556,0.7234499840222514,0.6311653616475672,0.9077506423605726,0.8050971109278391,0.27430061349969304,0
0.8283930240709148,0.22545516929159548,0.5874048685553932,0.7194857437550591,0.633827118027082,0.798589025708532,0.14312765068013045,1
0.4000676062694897,0.8262125134530928,0.26894006383986413,0.41462943577016753,0.5961550293797749,0.16114261139989972,0.4047900450822213,0
0.2739889467315695,0.31234140043644554,0.5854805522271637,0.7562431667624613,0.3792195578101073,0.6109180827077572,0.11681109994679495,0
0.4091764320684411,0.9891436712385716,0.050759958546056416,0.1136290211287806,0.47805165971509334,0.21456264853659412,0.08757576331875006,0
0.9206333289613842,0.2704091070853931,0.20229419379053937,0.30123641276450797,0.43222754673698527,0.11210428344897239,0.4510052495122113,0
0.18078869041224188,0.6849608032252303,0.5182652605894089,0.8076388976022332,0.05517647655295532,0.5135613107741966,0.6011407482453511,1
0.18522934785044787,0.800193756804849,0.001977331014858419,0.088347937197784,0.021852886903339197,0.9875270511345401,0.6076418791793079,1
0.3537648662251375,0.21645941491131848,0.23222683524705579,0.28508550330050175,0.6174038342364849,0.9816639350590523,0.0922866532512342,0
0.060438784978159354,0.07575574498717452,0.152248028675382,0.6211628061700002,0.5098387837552275,0.5734011814356403,0.9715749504346589,0
0.07492122602622142,0.5512474815693811,0.34551278086248305,0.24739197337860952,0.24489080376863304,0.7721741639116136,0.1217462886972942,0
0.010978584074084141,0.6770790630404502,0.8583532110131505,0.48087607535245425,0.892750963066915,0.249677966536886,0.6604634642633531,0
0.1461870829007358,0.8172761839193364,0.9474191007977811,0.8371915316249002,0.20659490003258196,0.2243621853935024,0.8886404967965899,0
0.6403873792637772,0.2727639462146858,0.16505840997939425,0.26966638175593216,0.70049882548795,0.7065231425961704,0.8847660420942403,1
0.19642613561786082,0.8722858923578851,0.2310746113619494,0.43585084635929106,0.7883629109854435,0.7859995401243737,0.5121289662261421,0
0.37778996449564606,0.9157666489053418,0.8468772633847105,0.018252361224961766,0.8402269752712259,0.7418371238095108,0.2774528012746681,0
0.7055853363077216,0.7791869778978157,0.1726761940085182,0.7083694771711668,0.8395299385397039,0.10450755319273608,0.8278694791646746,0
0.03182316176397493,0.007596849792897986,0.7413164441104536,0.3550592084244998,0.7941817554979856,0.3562725529187206,0.6125897962082961,0
0.20905891488019424,0.08721639792057734,0.08547845868213244,0.8600536017578794,0.4578001731969722,0.04418016593435825,0.7910465946476063,0
0.9958882134889805,0.9977373538155191,0.6483051007679832,0.08856155088258788,0.6239115599639901,0.7861622645380679,0.39999203383260185,1
0.5969618007530727,0.7339486943151828,0.26570012255798425,0.7822303514243765,0.8577113789533646,0.3117463645439569,0.913428660099046,0
0.6599796501646341,0.6267916368944986,0.749561234619054,0.8137949356707911,0.42028938320117026,0.42973481472685815,0.9295926691217502,1
0.516048008004837,0.9013620081101504,0.5193732298684026,0.7760688787110549,0.6708549752865717,0.5788883442561598,0.7373470957115458,0
0.9658924625897868,0.03964146524136969,0.17889501892311144,0.734379468142933,0.15953633095638875,0.0005525096436814758,0.9425668310653887,0
0.14429702033927572,0.7573778624120505,0.4022290474096387,0.23778929920668923,0.5646926115546486,0.354120210114085,0.4534982075620727,0
0.0673727910257873,0.6546775699193005,0.5143528359229987,0.41673248980244115,0.14104590327217892,0.7272831111660681,0.1944636200894252,0
0.8161661674624935,0.8482208314449231,0.9959767688157165,0.3859523483573657,0.6602909930759451,0.28606528465192727,0.65590404661313,1
0.004096369527886612,0.7779042336323558,0.48036239442944384,0.2410380822631789,0.3768309532393487,0.5704774342138945,0.6533650894424057,0
0.5615618048538342,0.48493085571613326,0.1512396807516294,0.49169044612853297,0.22784293434168912,0.9771713707512691,0.4913220256803341,0
0.0014123871371518604,0.07096845289530951,0.5552277910527768,0.6975330359699108,0.36074324751774955,0.1181562903914547,0.2606185618623361,0
0.34824464521443244,0.9094015404729765,0.22021256673703793,0.47872677600010094,0.7014171225840012,0.268240957886664,0.6243429527282085,0
0.6508864692271905,0.7635022459081404,0.8795656225266552,0.9744643899553774,0.9080334240923946,0.683966516338098,0.18077973873018305,0
0.5473263673052565,0.35639606474498686,0.8340681668873968,0.7087584418421753,0.011280948695762683,0.5983775165647924,0.7532989534346831,0
0.5598623020116922,0.9839282472345142,0.12864712129265865,0.4426991026969712,0.16784794688345817,0.9780033831575194,0.9068120325759873,0
0.15734619539810168,0.3111082202025981,0.5883752971221734,0.40395753910803045,0.7057333402691236,0.034602657445821694,0.1666212058603187,0
0.2947327020987469,0.3705606122611059,0.696507232396131,0.5836066244731155,0.568734861735542,0.8779941376805641,0.8202713053582606,1
0.7100291134008222,0.9746756988819483,0.25166448462793667,0.4317640034647734,0.31918304746138515,0.4885450535543058,0.19847201702519168,0
0.023297163207568916,0.6681110770595343,0.6263751335895554,0.22193829985770608,0.6517632530701277,0.22689900320882528,0.5004242856884645,0
0.5952833013972547,0.8791949062361782,0.46268860609023965,0.5210459693907529,0.8671875626364508,0.5033642716363806,0.9292461169841566,0
0.517065611863466,0.887754146735003,0.48207869534837766,0.6727146050704571,0.2579786725312,0.41219620118217304,0.08271071756373538,0
0.34395721514212485,0.5364483359198425,0.5512905529368164,0.35844494539814065,0.48567217730749235,0.17933476653430946,0.08976672005448583,0
0.3347753096321845,0.2669668195787559,0.5701374491400635,0.28332372116336724,0.020767341297064368,0.21939573536911416,0.9587234835417241,0
0.7989472177970985,0.8474458606055016,0.7097980588888771,0.21739260172318187,0.9459959795442031,0.2881415794808031,0.15884935537951206,1
0.3819968627553464,0.5018875670846746,0.45242786142518565,0.36282179656487257,0.801643732725707,0.5521988470097192,0.34204762872912875,1
0.07985968987632575,0.5643510367332167,0.7226356087846357,0.24436755612605354,0.5050905368380026,0.08309936158027897,0.45899400020773784,0
0.9620394389605901,0.5413679633828892,0.4859355695802471,0.7630987230690964,0.9919979909349492,0.08884544487158552,0.006695979139281771,0
0.13036926231691826,0.009588060409415067,0.6628164173285038,0.6387142393637784,0.2202186294839381,0.3317461552381744,0.1880803920017715,0
0.7974538300685902,0.045869104913883074,0.2631099115815059,0.2869322313447674,0.7439705489859431,0.7072908901724053,0.828405420456323,0
0.013943333694790394,0.6163843259242697,0.5417014048225337,0.9918312768547951,0.7695065654298433,0.9783051138577917,0.5188538394343034,0
0.3643984217978734,0.7944373586942252,0.4679957522407221,0.6456721346153488,0.8308558121759483,0.012003279730553817,0.39389799014898674,0
0.5151805466495556,0.45703858415392373,0.30219629284925886,0.14247293197290833,0.6850963035834999,0.9723406442673668,0.6819696777288288,1
0.02978248410902362,0.19040829768287237,0.062312000183673444,0.8293372946682617,0.1905906024912969,0.6860415220263874,0.3247691642465538,0
0.7340866273984559,0.4066354062008132,0.5101913972786861,0.7537020948301125,0.09133411951104786,0.9009858465612008,0.4385384472029831,1
0.260581491202986,0.7683235517333937,0.009755061208099436,0.5000286455656764,0.18035720786275955,0.5363383579118911,0.9937263525174195,0
0.5411684550207068,0.10862138724468551,0.38983025347787215,0.23346352436491058,0.8583185223156768,0.4629392979949507,0.7742861495045885,0
0.7923276323818026,0.5601988865883407,0.3706549026588255,0.8108762535435894,0.4019951032772131,0.7851596885670361,0.5539733051373236,0
0.5911138179479495,0.7022127964011297,0.6337532521334028,0.12451821736932667,0.546166088899504,0.5511108848080505,0.5267454602163455,1
0.4556132747309932,0.41583294172827723,0.9874289361408004,0.4180352617913493,0.025372995069434023,0.8973654952792367,0.8442719589977304,1
0.3361123620149046,0.6012621197021003,0.858001198865108,0.8173225945479923,0.49142852894840106,0.8930632189495301,0.6008669493730574,0
0.04510522892188629,0.8834769458206605,0.9750838112108599,0.8014407971183445,0.40926926833324917,0.5304554806582157,0.3392786547413722,0
0.9130210027673475,0.21281323170730426,0.9509370843353451,0.6298922368952905,0.5345602440124139,0.5737646412217488,0.41779170646593145,1
0.5919314621049798,0.13508315655412284,0.0741127417580596,0.007742252500385183,0.3752734351189848,0.4562753721090571,0.18338969518599924,0
0.6315355531787729,0.06084830118114004,0.2819473841193917,0.3331223098073285,0.07544220129501211,0.6894061998777703,0.9595205801575413,0
0.440512477695958,0.7262130734193518,0.29698758068996,0.8531979193322081,0.04396031941730083,0.6823561130554439,0.6522063110905242,0
0.3727121559922296,0.9005308324405463,0.07102054547443637,0.7213658418452595,0.9497969712069458,0.6505932015983801,0.39857042075805715,0
0.046654740798792615,0.6903936263070738,0.8466505764833102,0.8105953097691289,0.6038186567706196,0.06234991489426156,0.35988792111357804,0
0.168991628355324,0.9764528691372665,0.8953293361763911,0.06298125111841235,0.6433962719479499,0.9635827266688368,0.9069923141150363,1
0.42554850509479036,0.7081107361279034,0.6049739986704868,0.9407694456674522,0.9154187991661551,0.3356022480360791,0.36031555367379386,0
0.2417046373975179,0.28849476979236144,0.8909909269440446,0.22904988928519276,0.550861504579782,0.24621659353271375,0.7563647944526696,0
0.04444201624881117,0.255589378866523,0.7143691638578681,0.3322930093845702,0.615552836978253,0.21104941791206955,0.8354263242119623,0
0.5460140404092502,0.6666693671189167,0.44055394314568497,0.8405830236823744,0.5230385863675658,0.06928360408867762,0.909800339154851,0
0.4641137044050413,0.6758116771738572,0.14986439595249323,0.4062191632018828,0.17597446074966827,0.45703935313105737,0.373051854348993,0
0.42137300530878696,0.5238123316210395,0.9584966655537959,0.6430767000758738,0.31151090752526034,0.04156663142664896,0.765326903305932,0
0.7842294173976898,0.5268890820409903,0.6922787005306501,0.5523635733932903,0.8843399115892775,0.16090451305956677,0.3268817668359971,0
0.5995278454053822,0.416641432723466,0.35418390896125507,0.8660763034260965,0.44386432981145063,0.005275168134005193,0.9440191253307537,0
0.0014151483292579314,0.34992102930160673,0.12860026583166484,0.1561235356675903,0.2041495352725503,0.17468130283637484,0.011160161684554692,0
0.7619098985810853,0.6340525117054004,0.7989697640055898,0.09779117386989611,0.828040394824245,0.9952454882491502,0.570190449532882,1
0.4825875703895701,0.7475172960417429,0.8020149776932999,0.6323537484481017,0.0873048880023557,0.5414537252881247,0.5099519368939293,0
0.5168139733562548,0.8134057336063875,0.5430091821782244,0.8446417063933267,0.639530286042393,0.06714859231369985,0.8776224774919423,0
0.8895727667856264,0.3078368198392957,0.9999570912800906,0.9231016226885045,0.7001244808996823,0.5641467509703664,0.21631225194536974,0
0.10921965314960724,0.8577342362850313,0.3864203046243545,0.39992564184118773,0.30376829992684395,0.6007912968573301,0.08728790128757491,0
0.5994038461780721,0.30274221095424014,0.9420649496551834,0.7348566011862875,0.16688479284517888,0.547726849904338,0.8464395625348557,0
0.2821597309724988,0.3048782155830566,0.6302620684545267,0.3907865002682799,0.4482927663989881,0.3359879900898882,0.35010189542398984,0
0.03671131095108182,0.8060022956236832,0.736422387335558,0.3188753371098568,0.7550323047555771,0.6572412284905497,0.3249192475325976,0
0.43738161972271916,0.9693754345623756,0.9170770510772469,0.024212251742724122,0.8866915579274806,0.1426091931486494,0.10531046746459372,1
0.2836130309605148,0.9322256949632785,0.8311513765468427,0.2501105356203528,0.8153368984663247,0.21956294155368816,0.9200589123353682,0
0.0014929608283451579,0.1110793326706061,0.28866790207571513,0.1701722658349475,0.10952919804656092,0.994720613339067,0.632957829607823,0
0.4929449916388078,0.28847661435732375,0.8672347287199513,0.2686126184501866,0.22277658488318075,0.41558783648886344,0.6921837765192858,0
0.31112341920750264,0.7598965258611439,0.5397087443844882,0.28872712705511083,0.6169857350779162,0.14779184751329844,0.8979379980303789,1
0.43412327985087285,0.8062435958425767,0.04482885136021786,0.8589094709383204,0.7099101111301214,0.21702541121311536,0.8438545270527719,0
0.011731145277404598,0.5042665290472177,0.6738179446059633,0.20337610943008744,0.008738236922341103,0.7241321016400267,0.4518138707919822,0
0.4017820065842225,0.016102778040514076,0.4996976474209748,0.8192987445857962,0.14257372888375552,0.11625018313978597,0.15977204154063507,0
0.4704045359329162,0.5018475733175067,0.5366237902784025,0.8593423836049162,0.0940169079708637,0.35397933430262785,0.672313902652216,1
0.4660211472188853,0.03114692306915967,0.4115253388716643,0.46377625018382806,0.3411092443975692,0.3283965237730869,0.650715230868677,0
0.7169261934291616,0.28139544479454803,0.0640852235314312,0.7245155664464582,0.6808023051916597,0.22798113419286492,0.047079585032858584,0
0.9912865754858641,0.656860050364482,0.1802133514710682,0.31860762627977457,0.9431941647646304,0.47683797668314365,0.8994013458171588,1
0.02786235173624363,0.13460239965824372,0.756454601282506,0.017770931753899877,0.08952330879104287,0.1101279401244426,0.3352392414826968,0
0.3960265504627697,0.7124895437154156,0.2342287663320447,0.7096515228635915,0.5060913439420335,0.45656714289038514,0.4287797474920294,0
0.8567174335699062,0.621386236362313,0.6277266930870937,0.6064128100963871,0.37246659589582,0.03262034295216387,0.5137813955414087,1
0.6256967612153246,0.42969421859630463,0.5418602633856673,0.4613636355848185,0.39832155762928645,0.9703419187184831,0.91201923640852,1
0.9836014904166547,0.3721550517773343,0.22139849297332892,0.8986900288979844,0.0680463183583333,0.6048738189300451,0.17048987056315623,0
0.7134159437120147,0.9146664001708346,0.2805713034335766,0.7272578393390537,0.2883208897218831,0.0750701635066886,0.36868979429489723,0
0.7242473232911479,0.5531706619092713,0.3835676174936897,0.4255812146681299,0.25245599605671865,0.19072503388851436,0.5013405061694296,1
0.07608453130909854,0.8888995430759763,0.88018639382344,0.05337884116528746,0.7182986448167552,0.7364495962651996,0.9918987264530285,0
0.27525475025233237,0.41244225341304097,0.9413061836193687,0.876085735038417,0.6418583322320481,0.7316716340767265,0.4397510471240602,0
0.5838097091509704,0.5946401803677884,0.3867554813737789,0.9846428068082055,0.6363104471609469,0.3649834029580067,0.3985378121829727,0
0.522392677263302,0.9546087018301889,0.04615096611878455,0.6345210390918565,0.5192582529400293,0.14843726073359564,0.9350268106136651,0
0.7625914264196227,0.12408599705780776,0.6008983681797949,0.7682006058929555,0.3420851879676563,0.5359272815922365,0.6614948612931775,0
0.993657692382484,0.26278066571452374,0.4175758039536822,0.5060248395635348,0.24379204873043636,0.2763972604192295,0.1635742615854262,1
0.20680426451421963,0.916693943156945,0.492315298129534,0.2366428347082229,0.01128379903508403,0.0968085700810064,0.17580186154420363,0
0.428399121995521,0.4220044122113378,0.44195042469888446,0.9120674909765896,0.14792804494715528,0.3459985420547941,0.644452685783485,0
0.8668399754391689,0.27203538835925634,0.6545735565496681,0.6883506280378556,0.21988154071699495,0.7510125764435616,0.4670553461500734,0
0.8381492116687896,0.9973397115702796,0.30444011786696734,0.5485630602117738,0.9755635330232957,0.35414005987595965,0.00896805672347989,0
0.817193432160845,0.10220930809770346,0.8926313867474621,0.6820843527958647,0.9704516563628176,0.04078019725343984,0.44859208101024906,0
0.6203936191148308,0.6115430106071197,0.4212493461572048,0.5118613958022991,0.7676661608994398,0.12039728513740589,0.9396953103328828,1
0.9931934981584679,0.788074536099843,0.34166142001504385,0.05838449414117142,0.6103260238044967,0.5963460501013234,0.747378885380207,1
0.3579034492472264,0.7867389979777789,0.9229449856698585,0.660441144008915,0.6688084042983705,0.5221528094831641,0.5586025091364271,1
0.11629484413570945,0.44184201924110766,0.35814290796697756,0.005216885144952332,0.6005490533862388,0.6748627095231857,0.19519611543825233,0
0.13255990816180785,0.043961034204567984,0.08307299899540077,0.22034579123490305,0.6468301430778415,0.5717503071136336,0.3356400611075072,0
0.43569192590376615,0.8410270905397582,0.155336063473134,0.15597926729327416,0.2192369085628575,0.4972287631691522,0.9966392831370743,0
0.804949984798683,0.8027374742555551,0.7142949960099793,0.3401222554129717,0.9767019166390936,0.475120160448133,0.659053663055349,1
0.45284624909084337,0.23738075235109102,0.5623255129054233,0.9083156396019179,0.7566385194499538,0.9615377218815997,0.27628757706442786,0
0.6113831827073043,0.3405274236924535,0.534617140596427,0.07970162314788276,0.2342437280396813,0.8622901970327307,0.7379908372744368,1
0.3580216104041051,0.5125923311150785,0.08199110385329789,0.35740625441285623,0.5136479396162419,0.38287851652613314,0.09136487132046722,0
0.7148312041774193,0.11414370766345994,0.1640762053479683,0.7595619509948321,0.7892173103140652,0.6534712891931458,0.370582372053357,0
0.15314165959616088,0.8205645270994849,0.39621446014844297,0.8630916188979564,0.9111601074888462,0.020432804918571246,0.2291308216582908,0
0.5201156183619984,0.9220999711072428,0.4480056865993126,0.7361291370313283,0.3838444995816185,0.020950784931630606,0.896008084833574,0
0.18512952703716112,0.3081943313895369,0.37658216617755524,0.9652116312573981,0.48373028180799105,0.3185721847687749,0.735145513862915,0
0.4685921367045919,0.9240294653358455,0.5027442494044414,0.6959174256099484,0.30988269242260325,0.754767002314133,0.49749986230226817,0
0.4304940243759253,0.8008695121758835,0.7335483696717353,0.7448008743169945,0.3765793538894646,0.9254585685654455,0.40780011990407394,1
0.6045621400317791,0.7278254440036562,0.63570433551897,0.4220677354017517,0.22770934904833928,0.6829758681307833,0.8585871985454987,1
0.5095452359860633,0.9691537140065996,0.6112854417771726,0.30205327857215014,0.02991170515742092,0.7063894608565284,0.19543169061558308,1
0.9757411287029353,0.32465016168307415,0.5577788172611614,0.46187532718197133,0.416330797462678,0.03211837343806123,0.074762805817981,0
0.9003115951320871,0.915642797183969,0.20092826557349308,0.7679169834759826,0.470578593435372,0.9301593329681391,0.8517707823887117,1
0.29407798793285733,0.09840359760892248,0.6046364911287886,0.6502630574758479,0.779896912551871,0.08679343179062982,0.8564961194720502,0
0.12117680592618196,0.4780141503152684,0.1584560818984473,0.7718989799505122,0.5226215627945969,0.9469081572723697,0.24307643134820411,0
0.06475175070008776,0.5520112595462449,0.7129148600631223,0.6275865856268602,0.32639722434766016,0.14170629844226357,0.19528382616704842,0
0.19799379879587375,0.1228106170655,0.45228751621329666,0.7331013477366896,0.46324282737068,0.033384516273728515,0.7213071725608893,0
0.22210740929669104,0.7373540060650355,0.5814606152841834,0.15566907322197254,0.7961328059793692,0.5636099503283345,0.14338517197147937,0
0.8886813691559544,0.4751789638320718,0.8627945905150776,0.3236585332734351,0.4809509503904449,0.11364832703964822,0.6219509970008522,1
0.9248408798444948,0.4555404395086995,0.3730972919515906,0.561191767034815,0.5551830108921666,0.02881514621122727,0.7012346149217484,0
0.23047029267024477,0.5814396658429407,0.09976246962267932,0.0165474135183602,0.17299894451765851,0.6678274256329186,0.6219799513333417,0
0.7587311006521065,0.1347116804224585,0.8913970061319592,0.9122972269856637,0.0076352839731466116,0.7382576337633693,0.4269283736753322,0
0.8357639585706751,0.20002516030194084,0.36498378770761863,0.23948982793160334,0.9296766453455513,0.29294173093175735,0.8161777173929663,0
0.37751058186332775,0.18068442682217212,0.40652352228436983,0.08850219784518365,0.2679648732792529,0.5335082234249166,0.9299834694812044,1
0.8715941073811406,0.9519325974575742,0.2960234709793972,0.66425021291794,0.34757500998846413,0.5860451657600089,0.7057086816602385,1
0.9886522750049885,0.7731898828157815,0.4201694908706278,0.19373904709522194,0.11484656707737673,0.16084747035127078,0.4189512529226149,1
0.9677951848840384,0.5291969753295249,0.5209707619153708,0.5619347132023299,0.5129979715384598,0.440063271498208,0.9957013177184731,1
0.7419068287671423,0.6594551313728957,0.8433112888998225,0.24897667340678442,0.7370988464683104,0.6369689330234216,0.4494158406261677,0
0.37166277098593303,0.649978106140259,0.7201602856236312,0.1659415177987973,0.6860670851189061,0.8856924488702859,0.11626342567409031,0
0.22700548717731217,0.2623450101125019,0.5132809115940699,0.7349960839325432,0.8556021147933809,0.4188619613690936,0.18258222623896003,0
0.9928700683340543,0.08660783691377405,0.7638468108090827,0.3883727960206588,0.28657009325826954,0.6993334722668484,0.3479444371035586,1
0.2761745279621717,0.5549387618201262,0.8477915194290558,0.5744382135421813,0.314663280239053,0.5016807424559446,0.17111666560502514,0
0.43838269674914865,0.2630424893136215,0.05814858635524345,0.2161244676455154,0.9655735429707785,0.7070851695826336,0.778292438602144,0
0.26412453663562085,0.8734716488121264,0.5922288399539734,0.552414553406946,0.4565997979505614,0.788985154608707,0.014105698826435753,1
0.4961188595085966,0.23605304420682516,0.04326815354751079,0.4212304348811168,0.8345137176256915,0.5305514686183325,0.4058833002920509,0
0.11038105466536896,0.572861475195293,0.3081155012519088,0.0512244450546423,0.6115020400073219,0.061102970180295424,0.8782070966414514,0
0.8090565438889324,0.4200929018990486,0.7624162691729435,0.7266918162980436,0.18086480065344346,0.8754040384449634,0.11773673478214808,1
0.5051071209277691,0.7429028269611739,0.7912853309833372,0.552364336393527,0.9574381476670119,0.6009937720369655,0.5760838187553216,0
0.41950234381821283,0.9507462172533307,0.8838272110722752,0.9273398540017285,0.32444279058544123,0.6006428383382756,0.9338489843744603,0
0.3631446000537998,0.4115710696455467,0.49823792346479,0.8079499660296948,0.6417915197630012,0.5094649969325086,0.07159632342573619,0
0.5797843141951229,0.04435452750183977,0.08413751754970045,0.5711192120176916,0.25451564825688444,0.17397118704423853,0.34972575943615614,0
0.7798880602861596,0.6614313911355981,0.12678522794134206,0.043059601450399,0.5756681103295621,0.48617434000010085,0.037661766667371754,1
0.9025609653993583,0.12918487328245176,0.2443094740718087,0.75191860539919,0.5411145627207345,0.536823499232899,0.6821943249348869,0
0.8415183354406309,0.1045015042259485,0.37218271109124634,0.5490442004823349,0.2610382253042087,0.38376545937288264,0.4174993138872688,0
0.44551316471944247,0.661558136326906,0.526560825605715,0.8350315217288465,0.988770884361972,0.14910296916572618,0.9473213849455798,0
0.8339920631457309,0.10281233547285917,0.645937361744546,0.5777450191210315,0.1406835197791806,0.7622369098733979,0.6912899347922083,0
0.5286153939252489,0.12877713175742633,0.16250350644720646,0.0020274794806225405,0.44301254226243825,0.45658947369053804,0.6019405725718521,0
0.6381781581462926,0.43908073032044226,0.18896854974193156,0.8149121113391221,0.03137748821559094,0.7006618996972422,0.9103223230657057,0
0.6745604034429207,0.45232608623398585,0.17298980915184636,0.7992738520274703,0.6827225777580423,0.04698000663891011,0.12966227708502231,0
0.39968183404865787,0.9137143059334504,0.7549370520245037,0.09940265823563077,0.46210359060292916,0.5043782855084127,0.7834449794834217,1
0.48605312524161415,0.2761342129953286,0.30208784780209585,0.6838234656247824,0.5600925591937154,0.07377941299087487,0.7298047281167795,0
0.6925889959498249,0.4009351077259018,0.16671141566622805,0.5261006518371427,0.6985072001387215,0.7335382561900364,0.6732509663172851,0
0.3079282449403743,0.7075210263570451,0.4313757216692301,0.5899170939658976,0.7640087411071894,0.5809611445208185,0.6380767792628962,0
0.7469132917135421,0.8270199362141915,0.24751640144017018,0.8893532611742494,0.9658276912082645,0.45139110646092895,0.12437299995883022,0
0.3541031432401148,0.3491203678457041,0.3692990665687811,0.24956853060818718,0.8639961151588385,0.9728422773222499,0.8140433746930501,1
0.5854894812852751,0.6310774200180806,0.824014022189522,0.013159893493029262,0.32380469573785653,0.3260165957085158,0.6351540649271672,0
0.8376227179053318,0.6241858873273239,0.3338966512743162,0.2085621165937196,0.7272647332220413,0.4228896323226178,0.7714729790200889,0
0.02320491959745319,0.30320762225743014,0.17485939698566122,0.9151260352398508,0.0759644231574288,0.7375300567940697,0.8760900871277575,0
0.24034004518407315,0.11862119489529122,0.23245267455199836,0.21142315491151742,0.13620685733804982,0.5250512985556336,0.5424259842294892,0
0.5611676732101654,0.6825170839000282,0.03435728396859972,0.6745105980433997,0.459612617143204,0.6585211299487123,0.9568852369177623,0
0.106102440146567,0.2680680678906401,0.901129329632614,0.7896856848214125,0.4596245441211886,0.976279901275458,0.10920138040203409,0
0.20560173439196638,0.3182823628516024,0.6969676809816546,0.8132102734522607,0.5057506528568225,0.6956768525633443,0.004037865401085194,0
0.7490894634834957,0.5723551737346675,0.46336099439001366,0.010437063304376548,0.4751970085473113,0.15070870915185341,0.32994361413805817,0
0.025823044982275722,0.16080893928153295,0.5608648221490262,0.00940241120304286,0.6413786791897825,0.2093471716386005,0.21655009478001175,0
0.610036759677747,0.24149829872631623,0.2540909810456713,0.9890101065035216,0.954345447298581,0.8698564141027502,0.553609889274472,0
0.034157054452887525,0.4460788169462073,0.40368806122401635,0.5274268002608454,0.17268913051388868,0.04797408471209896,0.28029539642866097,0
0.1159236969742371,0.8784832790836963,0.319835617543496,0.06370335359514578,0.35746246090782796,0.5091765758873441,0.6881376363781524,0
0.3903407893342904,0.7722561246618935,0.8245433887925177,0.02680888042730989,0.07426547659333105,0.905955542115481,0.9453285044697713,1
0.9647686910289316,0.3175968536303836,0.7434253663436717,0.8107712285183476,0.19998319442575607,0.7762278055225726,0.7692564643273457,1
0.5458475497464288,0.3020688867224338,0.2838804905572204,0.9049551215214183,0.9873050996960482,0.11566709267857433,0.42025185163258905,0
0.3122241724667797,0.9873449120923882,0.76224782791131,0.524492498392763,0.039556716195993546,0.7404650202548597,0.9855029377705966,1
0.41132635621703806,0.65338427338532,0.09393361589960247,0.3717140686719693,0.2136778231345765,0.3820684470575636,0.7711823857667645,0
0.5687722057071578,0.6855340324326067,0.2025695833366442,0.7023565902432797,0.4265043187318468,0.9012848057710634,0.810881582233876,0
0.6194165199013111,0.05512432538740897,0.10637929094645693,0.022388346867203368,0.2926693472724574,0.5727955918078526,0.20474904648709003,0
0.2679032880888512,0.1049725337323012,0.23824632691182812,0.8989157691419847,0.5452231973102915,0.5487727787046411,0.6868994658414427,0
0.19729443795677548,0.2944536350036897,0.22619387496464427,0.2560905009723602,0.9904465806711134,0.008711386565680823,0.07063537251589724,0
0.49530932336121436,0.8420111223426924,0.9005545415569337,0.1909087563933719,0.7039332777474558,0.24965615072794534,0.23530941344510892,0
0.6448512502304369,0.9106693296237088,0.3273895382839249,0.31079235809414907,0.4058603447795872,0.41275428098562383,0.016437795616545903,1
0.8165799936138263,0.19102934594751886,0.3552179736191422,0.06372763572670614,0.6829367389502776,0.7239181693388901,0.7052361427229704,0
0.5927953160268027,0.714196767225693,0.0997506252420588,0.3895604077003664,0.8722566186588712,0.5200496728909488,0.020946221869733828,0
0.6924340843100015,0.8741376311291535,0.06598244628182415,0.7147478460578519,0.22900280537857487,0.8525389373500678,0.44917677628681074,0
0.4839792611144671,0.8789009044809007,0.21938755328115078,0.49820636127845364,0.7169294553928993,0.03435025645952694,0.6488673535107302,0
0.5667192577926576,0.45880726497283064,0.13454613852323472,0.6679790329889732,0.6139503318657284,0.32288918687658763,0.30499555552796165,0
0.6354475657462461,0.25877848873044174,0.3446099766476196,0.21377195643117264,0.7338202928773228,0.5975895923836139,0.3672804432759673,0
0.23633124409658046,0.956283949622865,0.1860443629605939,0.39789044605461765,0.08416015248875752,0.6587559969079366,0.8681590088385968,0
0.9340741563299506,0.27658313845245064,0.17817132596784235,0.5194813824939327,0.7329416078373059,0.5024092405206465,0.9014130417435596,0
0.34533888976140403,0.2526950610972404,0.6475366827977042,0.572558471714541,0.7880257777719675,0.39885255166007727,0.8587000580271618,0
0.60468813531336,0.2056828806037001,0.942105932371825,0.18639648396220032,0.68723218242216,0.07155592868685978,0.7499344311656666,0
0.5609542087543681,0.532535460612394,0.012481678219650738,0.8076691351469191,0.1972405269451072,0.6962424293232821,0.2775293525656535,0
0.8533454749345925,0.10718435136517745,0.705556079909102,0.09021622089778203,0.16134442454901676,0.9037262483240258,0.07467713618690297,1
0.11360437507032795,0.5706876698761577,0.6591976722018307,0.09828725082923373,0.7383766557905131,0.8088380376907298,0.48869537814784125,0
0.8842310168468375,0.9436892906475732,0.5850544543209474,0.24970072392873932,0.6477084027047659,0.7012299963904969,0.9243929552437573,1
0.13701505073459375,0.5049692170862546,0.6922981298108345,0.6542739637083039,0.9836354807652765,0.6341608916842121,0.22337364310528218,0
0.14453037718088801,0.9653475836613592,0.5086994941913139,0.07708716281578543,0.4547453181314153,0.772040722498378,0.20954938977017878,0
0.8622548329571308,0.9057034458084037,0.9269177334214961,0.007725597115764371,0.22931646529298688,0.7767316697554564,0.7796488024322739,1
0.25710190639517017,0.7923016666715632,0.15822489280015994,0.47218157558808227,0.7697220760542661,0.006940436990507393,0.5919881864692716,0
0.611786471057059,0.6080572492024464,0.47355146005086846,0.34665706362442616,0.7485252906404741,0.35784843053262194,0.4042998762787634,0
0.46361073795634644,0.8806778678416936,0.6530383829195918,0.15674631421231178,0.5227031162272149,0.8680536287247327,0.8626702752697869,1
0.9342662525412713,0.5549837921807014,0.9086987495230623,0.6559238707255363,0.7460491552696371,0.8507835658824611,0.5825282636757277,1
0.7820839880740762,0.2072013135989822,0.48743555686451545,0.6414314146322678,0.3105924201173943,0.7099554247058829,0.9202675506722844,0
0.3349937777872831,0.9251794748478357,0.9769962533877247,0.12189286248064835,0.21572032799443763,0.309070458149041,0.3681502460642916,0
0.8134407465762558,0.502189880007898,0.6564828666503022,0.22980133810519832,0.12609534016136037,0.7979124231891934,0.44407550219063296,1
0.22578848903517035,0.9077480744126508,0.6992125382825293,0.36497931858036325,0.2904779148642509,0.23155473823854256,0.07430351131920176,0
0.6155713517595137,0.39314586629239134,0.8182072220702992,0.9900399037621718,0.6545665365863872,0.22409905255465246,0.3676894221467363,0
0.7515837717246078,0.33572431562477945,0.7339183040661152,0.7685905639884056,0.25843016021575393,0.5357335775536682,0.179714271193406,1
0.7031584767130354,0.7659913236269021,0.5226269218028433,0.3371653368079712,0.8834389173228514,0.5713409802120147,0.03283210684968474,0
0.6566820030635723,0.6344454573533458,0.7726170718795716,0.9654378220855814,0.24976311911528204,0.3513281881053528,0.25576190601838533,0
0.8299688306809562,0.43972493497760445,0.03573295240225416,0.45493210932661365,0.6844477655375251,0.6037752031369611,0.49062663913914784,0
0.5562084426562461,0.8785890741959793,0.9327672904145493,0.3803319411186189,0.5275646858980672,0.7091122145182488,0.2473577594757833,1
0.928347906009722,0.5165766134975696,0.8231498645152371,0.9442857859054279,0.21154710830308165,0.18021785295039672,0.10908860575039525,1
0.1448097716419372,0.012791127667716506,0.6376611751524021,0.7361754817069976,0.5561970269765127,0.2886152139581557,0.45153403763594135,0
0.35570859338772187,0.6932038567302682,0.06875447203143858,0.547844262653223,0.9547331142535047,0.6998381179612646,0.14784732087700236,0
0.782992011782424,0.06315667139728098,0.2949238483057658,0.6006965578790154,0.9441775325677821,0.9272511736436702,0.0859932126314975,0
0.30805570783652825,0.4811022909548692,0.2536281877061305,0.9728105171627747,0.2915940519186039,0.8844420799441607,0.960182655307655,0
0.4429491072811339,0.1920795278927626,0.2570249823252527,0.1529015499645131,0.536488547579049,0.1296471594036107,0.47595627143838326,0
0.7728795577272927,0.2419834984966378,0.6721023379507536,0.3471254736857703,0.15085591341116533,0.5697253543386156,0.8023273444083352,1
0.5385698527871324,0.9798151998883223,0.8761383738924413,0.42101637104481227,0.4690356530041997,0.8001755353878356,0.17078405786732165,1
0.18761758620585933,0.1134793129553534,0.6816302485708399,0.9846993829516348,0.32149491215322235,0.2373265526225431,0.4615498830884923,0
0.1748385339573103,0.7577072048279465,0.3887597353568326,0.08419409026345293,0.9294831423858271,0.6431906851980128,0.08992462518950461,0
0.30123229381555017,0.6374451269024473,0.9692364210291764,0.11165112708258496,0.632681630427665,0.4276379687037649,0.411800739936948,1
0.30301257057941444,0.195042698281931,0.8625823565461832,0.4353703413140745,0.184927431678502,0.6627313606283617,0.8263997736632587,0
0.13667454608113405,0.9353379322657462,0.6854184093700362,0.169243654684748,0.9923390466889646,0.03210627705268965,0.8927476281043933,0
0.834660662211488,0.2014164511576022,0.3974656488918935,0.6848301606412988,0.6941754651027001,0.31295298754855216,0.5190060969933854,0
0.28262662786805015,0.5155847015392278,0.6838274411528535,0.36067753231570254,0.13467543749694355,0.30732759718652214,0.28640228019799263,0
0.8022465025940588,0.7905219401936723,0.40799511305202474,0.8462074645612848,0.7995516928300584,0.4186731879444606,0.7334691972134514,1
0.9734501820994512,0.7635711514555577,0.15518700466484248,0.7486105492831542,0.5575583893329864,0.11453799389247432,0.6389283836685041,0
0.3319614062056262,0.31970800522111764,0.6188347045911311,0.4708067945986484,0.40026126297757636,0.4366189496722648,0.47047654438119424,0
0.9702309937985982,0.8392723664020781,0.6981022852307595,0.8449793915603385,0.1963172186610509,0.5414982487679131,0.4753635363598713,1
0.19120079903470577,0.9620966200143712,0.3493037258719712,0.10081884498155602,0.27792769882082646,0.026658889980550327,0.49321419772434805,0
0.6474533076906853,0.4740198244529378,0.9293078173401694,0.5810990045952281,0.1672577001596086,0.30091508283602064,0.33924227075771507,0
0.991180149152863,0.6523152996429152,0.8542595613618366,0.6051329668098131,0.8033549956660283,0.1772911960267669,0.5189707885136845,1
0.8083719145370235,0.3645140775436341,0.5828525423770101,0.2460211138297973,0.27297498860667857,0.9721626672628119,0.05737390741882298,1
0.2297007867526646,0.3540828310372919,0.06023576065947911,0.04962132649027873,0.46996187195744465,0.13021621463054678,0.5701838247964224,0
0.2573326520811001,0.4697158658196886,0.0172158373242568,0.535198962463447,0.9679143087448028,0.6274154415704354,0.49620460701569646,0
0.2624306066709562,0.19713309580584515,0.6398862823291416,0.5136770495598508,0.9945572104654138,0.4018530288168026,0.42056266012320886,0
0.9429926375799738,0.6894015217700954,0.813805880130889,0.6536117593504925,0.7912681199189128,0.28733126961331634,0.3239936757491816,1
0.24541156962791844,0.16557504475152263,0.5003528334511221,0.2129287409270345,0.7989106305725292,0.8540756416172741,0.6217803408041763,0
0.5096153141001376,0.005181002108857746,0.023487928169422467,0.17964336175640183,0.9448469058055224,0.6640871796430152,0.48497529821554686,0
0.34988929506343414,0.4394761037898839,0.14482888171412933,0.9779158893556854,0.7968229118125845,0.6203019733680948,0.10083962388090728,0
0.3612694002545167,0.07642028131303347,0.2112449258672615,0.11368849528457503,0.4509513179242288,0.09365758301953309,0.3744526881907727,0
0.40821787479575267,0.5624387633355069,0.6277557337178707,0.9994085860213123,0.060310906322710744,0.2589693005001422,0.07650539174293114,0
0.3450449442073561,0.5203690536440904,0.48605952593335233,0.7199767741524205,0.2083699032574321,0.2764922397495452,0.37916941300484885,0
0.5999275589038128,0.1372643978414596,0.10220679259885768,0.6293222383102637,0.44454926795827543,0.43437975148999697,0.5328318989319184,0
0.42547159307674154,0.24599688801778818,0.5016744045509585,0.3397834954859773,0.26541016499427206,0.9214681140506003,0.39102896318088576,0
0.4410115660035959,0.024452218406073256,0.8694928233577937,0.8678031028851877,0.32918264419202636,0.4036526972509532,0.34163002079221194,0
0.5059939788196481,0.5939531029652596,0.4391150065497018,0.9100616122902088,0.05893076777688788,0.32802101166674813,0.28114929209242,0
0.3561785238434557,0.2928661946477715,0.14976239924459755,0.7218839999938028,0.5521287893390326,0.07093685944401151,0.38177250344268243,0
0.7545595824862468,0.7129846892242139,0.5780078944568322,0.709888579177671,0.351579974509577,0.38495788346769555,0.06931069925381195,0
0.5034823546334729,0.629825879658409,0.9293859448982847,0.4931546328414529,0.25884030710842254,0.05235756763634902,0.99390075264368,0
0.5092111319558982,0.3735875905833751,0.11591044425588615,0.07783486536056072,0.6103731116380492,0.3652044597760947,0.5553391368612007,0
0.2098451432313987,0.02172317453095307,0.1564077482091144,0.9990290440445977,0.2767771965945568,0.9677843931219579,0.6361757501627441,0
0.030836757312407537,0.3201644383265517,0.5668427112344434,0.015555381228009368,0.4762632220438928,0.5560607533061848,0.18314065225509268,0
0.8092751160851089,0.32486377535531064,0.33999671804658893,0.4953973993856732,0.24640217132563302,0.20887052066412515,0.9234047616689484,0
0.8554818472056638,0.33270507415575634,0.8955606112616594,0.3671343126878598,0.680514161353602,0.29921982044833506,0.5711640308959676,1
0.2412467966546572,0.953443437956126,0.7127638968908626,0.776132358690223,0.8541529294887945,0.5710999814447006,0.4143739427843326,0
0.36003230149926646,0.1645596301541039,0.14708780618086337,0.735780363808613,0.08171059311287387,0.019285444923395345,0.7132140271899058,0
0.35801791688284257,0.27005958755586457,0.8707183867127182,0.6280497074703888,0.8198503055499297,0.8995711696602523,0.3043503883397405,0
0.6842123352322806,0.8323989527345078,0.642292041769435,0.0747385426223729,0.8516981643977064,0.5781381109821754,0.9346406879550316,1
0.1872359205532531,0.9251575241756143,0.49363433845728777,0.23684944774097727,0.9649277915623323,0.49228395903707745,0.1693141244179316,0
0.9787133823565266,0.46828560317844425,0.2565464424346906,0.09415842983140399,0.8278379179911554,0.7162338425065535,0.8331105097340967,1
0.061861475228289664,0.5400487856301889,0.6497106079132287,0.9789763617159523,0.5523908269510275,0.20026110777423245,0.9666083158664607,0
0.9737674939855436,0.05285838356619388,0.8984858340112217,0.12778289578864277,0.07025408308455705,0.02164342250903195,0.49174259061036873,0
0.06878208792625984,0.808038429083958,0.03847625729613391,0.9671927243174235,0.07444874772262577,0.6152218162448827,0.876659899493739,0
0.31751402612123336,0.5945603696152435,0.37515000421206524,0.1127121724430784,0.19670076935212044,0.16000241039923802,0.07156284378602928,0
0.2506932504323004,0.47901005937188934,0.9356595121872973,0.86223034412311,0.44709971708238194,0.012239958692540243,0.6205889158814184,0
0.2596342804217676,0.3025755820842898,0.38290944584367104,0.5746301747778094,0.9554396381568633,0.9289167260860577,0.3562326318630544,0
0.9946694866268767,0.4437709850671021,0.035870301694266415,0.831725658603067,0.17535365086235588,0.7884187928886609,0.3643113745680795,0
0.4583517518089629,0.7353120318804314,0.10144412392664826,0.634033958232348,0.5387973248387319,0.11420109028343406,0.4503633272950788,0
0.11951056486319467,0.08077414830606322,0.6907600345794234,0.7688371671051085,0.9980708849098326,0.8963508665004243,0.5967763771913823,0
0.9822799649658689,0.5068141949647286,0.7001205101459526,0.7308116004642436,0.013777914187126927,0.06757391773168187,0.6160135060099534,1
0.24266557331876748,0.0346380649813135,0.11504503859068349,0.26018697688922476,0.04698223771438437,0.8029897720240362,0.2782726200235375,0
0.0725470418922265,0.772252945107343,0.21921601053551587,0.9350482925037096,0.26991239825779045,0.4144715737346031,0.3839459617493597,0
0.024180629557684408,0.21101788869162252,0.5638729386748196,0.6436461042246576,0.2251482366738159,0.5181810521299112,0.24952625578015697,0
0.46323076182390965,0.9033876868035525,0.6865329847841087,0.20208411857530173,0.4986014229711304,0.6683286246330312,0.6325402975696508,1
0.9183323681992661,0.476094578007359,0.15679024564762056,0.3060420302873389,0.4204520024253633,0.0987615638804683,0.10203483338927155,0
0.016960474267899706,0.4572637264336423,0.4563823418410149,0.5330510071855157,0.5836433859131249,0.9077564675649658,0.4235744822586238,0
0.7251764310290247,0.3603519524543869,0.5620351984781254,0.8818267344941542,0.14707741800243124,0.1436408747411737,0.9784873772009204,0
0.2604218317506005,0.5163609007122397,0.0497035340176224,0.7967531199960444,0.6858426790382994,0.9415842185788011,0.9887783192211242,0
0.21906046551825065,0.33802790654458514,0.22375649099720107,0.30204800671000087,0.21469370865937198,0.09148284420593134,0.5179632534160343,0
0.7037897853697369,0.3599246300932353,0.9188957375530391,0.6884863122740802,0.45199188322062656,0.17200836936765584,0.24746000976933347,1
0.7478732645134701,0.19561273470345575,0.8799815531315147,0.001656830075574267,0.03335012844050911,0.057555701767406875,0.5834959317524904,1
0.5590152551981733,0.34521444975846616,0.3224831164056037,0.3326410474909488,0.7978605737861728,0.3977849357679477,0.4884607856374945,0
0.2022554350002772,0.8117150993249407,0.8679770804948465,0.8395952241668233,0.6271070109094282,0.5908661292707003,0.042486710556746576,0
0.0063081413001708775,0.24569083116680734,0.6325519989141065,0.1512011979058151,0.208772708036981,0.6250746822476343,0.9890946934323674,0
0.7372777929785301,0.8212681147979705,0.98162217348456,0.35339526382156206,0.6017515486674797,0.8285189559825124,0.32716725068930175,1
0.5996144943924173,0.8613127202908276,0.9662189468838475,0.001043317070859695,0.4370074058901662,0.5283798338119311,0.39927963725822635,0
0.4225462341378371,0.6663343952078563,0.6169377996806558,0.023132726206297027,0.8262677528310264,0.5101116238782399,0.513561027269504,0
0.21358195179302653,0.0306839248011741,0.4678394313142671,0.14601899100266524,0.9837204560284988,0.32614591937029735,0.8803699476721791,0
0.7619343944384238,0.5610335066040344,0.14228080243870678,0.10186305529855477,0.12452044900683878,0.6511055118835569,0.7991195964579685,1
0.07089526970814164,0.8331489027880266,0.530350699890907,0.4897293437319945,0.4901066112966389,0.9085289216160125,0.20555014616259726,0
0.6427024052117767,0.3657833429271067,0.398298675929454,0.9000043660908812,0.25802299009086316,0.3553002971671887,0.7164463082037104,0
0.6883984172295096,0.28282229291254735,0.6456068905754083,0.08464170640283919,0.7496821695936271,0.3563547091543158,0.8745647113776261,0
0.22325728988141447,0.32137680496239573,0.0894908763731117,0.869836869516342,0.03446332745781144,0.3433245611855458,0.7142639160704183,0
0.48332491326795535,0.4230763971999173,0.8349177603407857,0.6681578383234967,0.5445750693693379,0.22741326491326053,0.13918432361060395,0
0.5201993693995044,0.0701691754423982,0.9671144916190084,0.16889487542835746,0.8570952379299885,0.566710576488484,0.5388985026149105,0
0.5912819235905797,0.23768509930407056,0.20936272041257975,0.2897364942035021,0.38928633590304107,0.10557511638267814,0.8385579349920798,0
0.9011879677118485,0.6469350515548318,0.6327836469032324,0.19418348255588735,0.8378969362530831,0.8347971210662077,0.195617082024379,1
0.5464151000102786,0.4724842419871794,0.8019384321624392,0.7892984567555943,0.14689041646598588,0.13775277168337763,0.5385372941853952,0
0.06731845905410516,0.24734134250098705,0.5544092857895081,0.7251003562718127,0.918325667367013,0.17392988862966152,0.6695504884602029,0
0.34497190516826615,0.9308791575475424,0.9354369015368734,0.30440934632766703,0.7914524361975587,0.06857423877272895,0.6353699812074439,1
0.6283268468539964,0.2955423852795279,0.5118665808037361,0.05433432959455675,0.3910984832596258,0.3813471713810148,0.106604038583617,0
0.33314073742876227,0.12931787285945096,0.27054739180037723,0.16874075997246774,0.1306277706362402,0.7576453018622785,0.2774558206350156,1
0.7679402281164508,0.19934836620888885,0.4716001930809426,0.6298763613261843,0.5204226865241564,0.9100941331735596,0.5521328600067168,0
0.18990540609427464,0.2965848066126413,0.4878662551312126,0.09037280641180334,0.6704262815715206,0.43428078107024093,0.20876320275635785,0
0.14300511442033914,0.5225590717901583,0.25371146591063387,0.5364655008424107,0.12892654074700227,0.23513653278017177,0.33371205006083626,0
0.23103266972598735,0.06632067996373603,0.7869527912731887,0.6129290121755426,0.9331743326822102,0.7256546434512556,0.41507634490106204,0
0.8760850052978677,0.8549420755036845,0.6177466155148025,0.6877536084678801,0.7627017365155929,0.6881438464507984,0.013624001302289468,0
0.6809347010550586,0.8774766443642193,0.37036845770523386,0.12535574501558233,0.9516313425823428,0.6816447487492034,0.510422947647645,1
0.5200486515187293,0.31835059205988825,0.4216562280151427,0.4597058808597849,0.2992433688410997,0.44342335821596923,0.9947565631785659,0
0.30033728554659,0.7753124251834567,0.3717011185883937,0.4633966219229737,0.43343025835025295,0.5652982615088615,0.4082678414954002,0
0.9185908399435397,0.5996927323839032,0.44789853768843546,0.8352825969680435,0.240109254251765,0.06196689281437451,0.27429839163034253,0
0.8887764033224418,0.8454440077616995,0.5280945604610086,0.4687170097023414,0.2737834895130494,0.25001267256759696,0.2529953866924298,1
0.3994004546674359,0.2769662999518582,0.33092697216356004,0.40679576040996257,0.14528669578096265,0.9269451124570058,0.5151744312631681,0
0.7527238376707559,0.610235740575386,0.8181567744020936,0.12346044905060405,0.12523598299633676,0.0417797154760805,0.4560104381839808,0
0.9135639157934013,0.0726948074816004,0.9283671281734139,0.6944643511208031,0.670784439249159,0.3015999886913915,0.861985151055561,0
0.3133534105711233,0.009452053005786554,0.5228002994620783,0.6197894813465856,0.15694332796747457,0.22664431179596622,0.6392447418472675,0
0.3287183436271973,0.8746978852411239,0.7113627939039896,0.7169498503808445,0.13343512085798914,0.13023892745477328,0.3986521502578392,0
0.5458062927547156,0.2945477803563217,0.9305391806766832,0.6562832549671817,0.5345857250057177,0.9243517870516944,0.38574686659049473,0
0.40836658887510124,0.44541075889635096,0.19193951809232845,0.8752838277168612,0.703998077279837,0.12589605677695648,0.5471905906718322,0
0.7614795757026174,0.23177938411220356,0.18972253852469656,0.877346106273028,0.7780384635750056,0.48937133474227457,0.2533680635626009,0
0.5369302668364189,0.8768074562481272,0.07261102994632507,0.3076832576878654,0.5802390384708787,0.8395094868131568,0.42284560672978844,0
0.21185545862035216,0.38453419697233726,0.4421029924697406,0.18241205908695113,0.20156141510962855,0.0038720106346674665,0.2850401090952581,0
0.35638726718071756,0.17911875441009073,0.33114746358809577,0.9264775012975566,0.5732301088573304,0.10852767846559541,0.5154662027485144,0
0.6712390524231734,0.6079928857267841,0.5605340524585767,0.713039905582938,0.6257973370253453,0.34189420162773043,0.5466023738989064,0
0.05343424382053652,0.20546332608321016,0.45106869397318916,0.9709774002148238,0.25809742809195324,0.14751500365978987,0.846809260405801,0
0.342167175144628,0.2606898862442868,0.1901939078088296,0.4969557036007429,0.14448530482415078,0.18265959941174748,0.2511771582433885,0
0.016096111593682072,0.6727950545809568,0.39118031486741034,0.9622433565929096,0.9256507025515404,0.5911558133103346,0.9047249305912055,0
0.8208669563210867,0.959219447278048,0.028896835426995948,0.1227187939033837,0.09594716421048288,0.1706312089580121,0.535268347312451,1
0.1171899317479439,0.754809868093306,0.537384756228717,0.5903645620131676,0.27718140776428035,0.6388472314501009,0.7268334812219761,0
0.0772047208513752,0.12414238013414569,0.271060148085871,0.49673530546622824,0.2314482970580971,0.9155185147542602,0.6116715784881673,0
0.7865930166662759,0.3125572115826878,0.11235883461712504,0.0026449214853327963,0.8919843158376436,0.229428695976292,0.8290388639245956,0
0.08950686260889251,0.7963649508131403,0.06585686395020329,0.1928987146789487,0.5019593392187417,0.2122850048391477,0.6631396755433536,0
0.6842625427409482,0.27514736040588283,0.7144489073433468,0.15347215122333457,0.9565794660829162,0.01139359110667404,0.01107353185786164,0
0.37986357575934315,0.7400695535638233,0.24734051739873386,0.06080928846155387,0.8282192330621446,0.014666393303226388,0.3902752901698554,0
0.8216994589189405,0.471792441602625,0.658796976173205,0.9481490755780425,0.754871140244383,0.3966265609577533,0.9383642265379184,0
0.1828512544863391,0.884408527460753,0.8155085148840786,0.9653671847711581,0.17677949017815597,0.48904207996330296,0.4514525961430934,1
0.08441707355754091,0.3591490955618347,0.4999857492141657,0.8917499966067187,0.3443537643333706,0.18281078860107702,0.828384639718301,0
0.22840745224411652,0.9345714566760439,0.13305265477622774,0.988880871473918,0.8202703836894263,0.32298796895895565,0.8689598012714413,0
0.9321350348103118,0.407434681103894,0.614547867548563,0.8306642173676764,0.9835307820663255,0.1403099512673115,0.3325779605642123,0
0.829120973164317,0.7262357109929343,0.07160751415110234,0.9321810701016938,0.8779207917776842,0.6812471479143701,0.8577247090353899,0
0.2857873074335716,0.19519455742009384,0.8171435317647585,0.19763112953357265,0.948412165714135,0.3929392526312263,0.3774349956428016,0
0.20611414119132643,0.5307894505284864,0.7615402139262141,0.25688385934068036,0.641849777030773,0.7343341112048101,0.025360429009973817,0
0.15684188787778874,0.3101350143818189,0.40208338825807055,0.8620660991971364,0.4828172643379871,0.5503130594834456,0.6944074812433981,0
0.22120340602906086,0.01272654945062468,0.26909525699829784,0.47946372896260714,0.5147215314117426,0.3772991410782762,0.8202892817239914,0
0.20504394342329946,0.43727375543429536,0.7095544537614668,0.7169724272834446,0.4584918037915884,0.626366682278595,0.45160751553396306,0
0.8881878684931093,0.17249641122067605,0.5672098089357668,0.5619090919649234,0.15487036807474142,0.007169102860627885,0.17340936239339855,0
0.019985908364165916,0.9585852468062038,0.14509216242931466,0.3056387401023828,0.30576208459033516,0.6903644518542994,0.6152847821956042,0
0.8801225096104984,0.8085887682699429,0.7591870733363765,0.28483484779205726,0.09037408938445479,0.3710484662501431,0.7382568038897587,1
0.041424708337054694,0.7395251255214805,0.333975171894313,0.7481796015940986,0.08856016207044592,0.5135763214146551,0.6548169522915708,0
0.8268348305134768,0.4533320316961895,0.8938474925790577,0.5320951130292901,0.3118344947084515,0.5234097805533209,0.35579264012817213,1
0.4257472364415864,0.2591048241708155,0.8294683650414261,0.35938568062279885,0.6661258500317012,0.5584123648169519,0.36832939911083007,0
0.07720555461747425,0.3243630502988839,0.27581318010003686,0.6170396985239665,0.6137100670180159,0.7023865133826966,0.5490974238793476,0
0.7990052071924634,0.204364163504412,0.255253738869175,0.41993758459039243,0.5594630625950143,0.11064612886588987,0.19339367542904595,0
0.25643970859855936,0.5518886606391803,0.3978895074150999,0.4750748432474201,0.7489322759777903,0.48897776009310867,0.8461764529413538,0
0.878028052620899,0.8112763995686094,0.8044831674376302,0.6779097013480755,0.42269159864475725,0.08315300796292935,0.10231904574196349,0
0.7522576542076449,0.18741087703295356,0.13065406315845896,0.4579652019706495,0.44210188274232354,0.2341532741541713,0.4865496794901697,0
0.9817704729672964,0.004547449535732939,0.3160510411939831,0.9499406128577493,0.5180184061720747,0.18926451289641888,0.8594390244594677,0
0.8318728906309021,0.1256065166771715,0.6591079439165239,0.48519263331218954,0.06659054029962286,0.5987093424252554,0.5294179970330978,1
0.24096140344693717,0.46093214932303683,0.03349055631157771,0.9618228205224454,0.5816921236185387,0.6060974866761201,0.760949453996544,0
0.40921520036027315,0.01859603159246037,0.055900154593489515,0.847688154677447,0.7502393678858368,0.8308994264353734,0.23957753960735118,0
0.6966303015013859,0.4032678775486196,0.7621710976427073,0.8909273618173369,0.26364237909595856,0.5218371741308783,0.44551247027358487,0
0.31606495627451114,0.11115807415925383,0.5223428814620047,0.7632753297704018,0.8548138785614044,0.7446785157590224,0.7130601169162104,0
0.5465036186486468,0.10776641889455651,0.5576023259469378,0.6045256409640548,0.26621636453858666,0.8890779804608523,0.8883302288322229,0
0.23764711882154632,0.7126110168640718,0.2488639693971575,0.5326676608744666,0.5132135003636132,0.13353641184799803,0.643045623306515,0
0.6629508610866272,0.9994972093565507,0.5317835491806736,0.551655120934923,0.8744743313180636,0.7209693399653053,0.24276650505324016,0
0.34213398127241934,0.19448161871182545,0.5450056839714045,0.20145474127643004,0.7381285668883002,0.32793609728040896,0.146292814827509,0
0.05517803833707835,0.22958911714647168,0.4137714024869583,0.21439487288964587,0.5761274285395311,0.278063750560421,0.8415398218392233,0
0.9677740623464142,0.2964182338633018,0.9644232583531961,0.03416182824474967,0.6227314176305689,0.9629826381283071,0.5540358886255926,1
0.8439035688817407,0.7851093417984351,0.049264015116802895,0.7455603024785848,0.10888654473181181,0.20645676324243312,0.1838720622675819,0
0.30371677260881635,0.5058937645065128,0.41492804425674523,0.12486350596333085,0.6993213380171079,0.9145530410658955,0.4856767356573216,0
0.1296248001900433,0.5706770127843457,0.8574866533934934,0.582149131326894,0.611925777439445,0.8237164744885588,0.1263226490888809,0
0.735226173265314,0.5465071504161024,0.20626977532466262,0.13792309845655348,0.08453424885149607,0.8786324538730677,0.10517164871757756,0
0.2206727817773747,0.9373713532175397,0.9349974781080927,0.06654673145358425,0.12430884365114969,0.5859834736904327,0.9199769245085224,1
0.605454073732427,0.03485296973590435,0.42549081966883984,0.5335943685477263,0.9710054903333377,0.5847058054599941,0.5446271720901473,0
0.7790791283429757,0.15791560522360282,0.15659897464382277,0.873095892789202,0.17811149633020995,0.4025820834605035,0.24891262867763098,0
0.27242386338325053,0.38211298210488065,0.09309958761767967,0.3560144351034059,0.8957730273965553,0.40091938927765036,0.8812667892596683,0
0.2846366351250892,0.48803096946079916,0.32706958222753924,0.9192275088126552,0.27583388156480315,0.8506671986933931,0.9988842379989907,0
0.061612664665222305,0.11393690987779492,0.9197239368084611,0.01030713817054807,0.3961214586925461,0.3877551610127492,0.8842020207789829,0
0.3198481575327874,0.8931696593439082,0.9390956122822158,0.4657390083730679,0.5554892906320607,0.4866968779777039,0.7475913050663624,0
0.5974510684648279,0.6778589110565958,0.5632644810315444,0.14676444108525577,0.6258682751870827,0.9963928548857731,0.962066908434374,1
0.15579682607344325,0.9322433578596288,0.11819031588830187,0.3157804886681731,0.49777909258778097,0.354313857588503,0.19738723071460085,0
0.9530827942971615,0.9408012399561518,0.45659246890645466,0.023731728199730018,0.3484376750023648,0.8225916834856817,0.8776936229120175,1
0.7224157333538548,0.5125330544023913,0.4177596922413165,0.03534748720199754,0.49868738371470855,0.27719772688584865,0.3587394740443042,0
0.20390088726953637,0.8530082386279996,0.23106796746820601,0.71281368701095,0.7006873575448742,0.025073629694204014,0.032237903974605575,0
0.5306166724564949,0.736754591643486,0.07603233365166906,0.654540077531862,0.3964830770602914,0.5934278631771159,0.032377942493985734,0
0.39144088408258026,0.3605081717588181,0.3815738075800147,0.20833545131116782,0.5452459338993297,0.4793459778316306,0.18783435070188104,0
0.38235315708867657,0.6573492797963972,0.3718551130205586,0.9011489774580169,0.3791732506458164,0.7866726196444569,0.7794888613326945,0
0.5599881996862173,0.952747418253097,0.7039796989159423,0.6879769360319868,0.3299267712906456,0.0041525700434353885,0.8966717768644931,0
0.10815065898828369,0.7640090375847255,0.394226453698334,0.33617310023172053,0.29881860468048527,0.0705603879084068,0.1279622965578081,0
0.21531362585140323,0.7094121186620822,0.01313375644237258,0.40765317871211515,0.2239539872253039,0.8596789148606279,0.8453826082787468,0
0.14968030466644855,0.22187149342044565,0.020018688329067835,0.29255579693151923,0.7607700556463638,0.4808309876019954,0.755472435852299,0
0.17397919435701215,0.8311284909014579,0.6875154685630349,0.8305982117038992,0.9838964788722483,0.5063734346795232,0.05222410036391112,0
0.6552174480455363,0.38966475296156833,0.6607857685223145,0.49395993429793195,0.028993816810315876,0.22510694644817697,0.7313895513723639,1
0.996164887757925,0.6240779178592761,0.1603523844372664,0.13530758805525323,0.1960627896638205,0.9259211064354702,0.03837923102201002,1
0.6511061152918468,0.6777271025152849,0.8662250572224071,0.201713745617789,0.9642498057797636,0.9144205921668764,0.2625830312919186,1
0.9847235220563966,0.5152414266721428,0.6626227380676245,0.2965790733876893,0.3417751999625672,0.5166938151303473,0.5309093999604473,0
0.5770073555897945,0.16558525015310643,0.15405501902709196,0.40315317462767974,0.38897452848469083,0.21782354657246328,0.9092589369925613,0
0.283308619590107,0.6974562530398094,0.28761291456897486,0.5926399017592024,0.6629677810079393,0.9827914421793345,0.10535178766953801,0
0.872304830437102,0.24724232402525415,0.9736628342386353,0.9641649801570359,0.35268518870792454,0.8924564105515583,0.34830536039014703,1
0.06719109518077249,0.2653645644761189,0.4077464197894193,0.26192864377240466,0.4927004552289699,0.5214110089184756,0.5769168486008487,0
0.10242793841395881,0.12679149543567392,0.23677213060574154,0.328403565707577,0.9007195386610771,0.6263985408685442,0.740205253790424,0
0.94762440887685,0.6199422665049122,0.5241303599137068,0.023952000496322956,0.5647838105382962,0.4396678044578708,0.9153886417078319,1
0.6501851993537574,0.11740574133756276,0.20555173285819928,0.37255195504867966,0.6668803841780866,0.20605777523754254,0.46885011766562046,1
0.9289620239009357,0.3452168248045946,0.7917168979269117,0.6750774662346926,0.2170837696278789,0.6814508421444455,0.840899458844324,1
0.13288652011112234,0.8895221982134598,0.7943022843731843,0.9630612112504998,0.26145234886093205,0.6691341391416974,0.6170216963673738,0
0.7682609535576598,0.4530660296798431,0.8008431847482852,0.7401895288534429,0.8915575770624519,0.547326093613614,0.2040539713505084,1
0.23481045058667205,0.8945047165470401,0.6172693739307745,0.11799651266278077,0.9175823704296828,0.8144459688594439,0.5795876156300852,0
0.3433541843003548,0.49271696590310865,0.6940448929928917,0.8900386022676331,0.8069791548687717,0.4518365967898814,0.3138176084744341,0
0.8989913764346369,0.17883380835541507,0.3214033308775329,0.8386791288805627,0.12206529767020846,0.8609167247644057,0.7036424155065376,0
0.41125534927657104,0.7589156967875627,0.8788879414758693,0.18902244395724155,0.8185324877376293,0.21701835255180224,0.28454087732734246,0
0.6705365969467552,0.3534474386221068,0.1441617115860131,0.9343428764847157,0.01922772687172447,0.9618054498232091,0.2628441569805845,0
0.8872760542418459,0.9664106049897917,0.2544871352963467,0.7140990444752396,0.5965544541415049,0.20508026521817135,0.9453632864937566,0
0.8708739283718133,0.2621292254470188,0.9926869607245195,0.7828173390829324,0.6752623472180918,0.16011912052489818,0.9086994464328946,1
0.008907253823316141,0.8221474225880941,0.9603967140054663,0.4591396641676112,0.426402631840739,0.6033975070024039,0.45174522105102444,0
0.15821527567568805,0.4938603505741158,0.5076206386418785,0.20068369109666906,0.47921346142204857,0.09307993052293007,0.765467472902437,0
0.9186216391356653,0.8421322660363867,0.4991077346866628,0.7991052145387683,0.741849309347317,0.16793120248525362,0.9820625157660182,0
0.562415868322261,0.18303623083296328,0.11682037870423101,0.47744274477464566,0.8948766531832423,0.7290344835580711,0.08862511949156837,0
0.4801999888796502,0.6336684828889019,0.6596500001742565,0.9674303460867035,0.1893377952271036,0.30815152973540927,0.6061652495710502,0
0.06525785827034725,0.11318565903573918,0.03103245754112427,0.15333451907836004,0.1384846970505007,0.8001213038564644,0.2534975366464651,0
0.025052240937451287,0.80551584622419,0.31434645924479554,0.35540351392619707,0.6299920745629376,0.15555283819426613,0.8000150391614312,1
0.9534147370177012,0.23565362550096292,0.4183905508511526,0.7355470488013235,0.23075959819408076,0.38530144753706663,0.1014108631269024,0
0.4738510825049419,0.4275754781454735,0.8939852556151783,0.5722816165052852,0.19422471132170172,0.386287947690202,0.7888104614698365,0
0.786417315504606,0.6559754563920559,0.9684526631278706,0.4332750737411629,0.2034913349973524,0.4803966647590795,0.20060932768329054,1
0.22000139334947477,0.4782146291696213,0.9739980470021514,0.7016105371732275,0.19683857030134122,0.41039220353294614,0.45601935901102997,0
0.23707195249220547,0.7788969317199064,0.7988370063071755,0.7333510618875119,0.4771181153157248,0.3867857204102959,0.8138207809229533,0
0.5602553203942064,0.6881705096254271,0.28999713486818834,0.577299013160008,0.9643899443030858,0.3284375780481489,0.06746348717609751,0
0.8760258360484162,0.1304057534396933,0.04535073615897667,0.319103398419019,0.8280699868554843,0.015150637152770652,0.9281697750672812,0
0.2885799356045956,0.7734628110053866,0.42561766524371736,0.6187594539620702,0.5433355928687786,0.6165903867649148,0.21734836182180828,0
0.3287999837558213,0.4234823148812571,0.29739626776931394,0.5452425005217921,0.08116525298240063,0.4734913669758898,0.5007280928353267,0
0.5506283062196712,0.5977577250817561,0.6551900530222545,0.7976560012015013,0.6729314570966927,0.37328264888672913,0.7345691654629237,0
0.04000557176772912,0.21657319963903177,0.37105835708842294,0.6534578452941441,0.4511424565162677,0.2114147837903455,0.12349709520791685,0
0.3787621482452719,0.42309159237656224,0.8907559569038905,0.4967717474821157,0.7783599333536542,0.8913900837105073,0.6087456339169459,0
0.556282889641696,0.8171611189049708,0.37403300808513307,0.018704705221263107,0.4939573477463317,0.2378938243847719,0.5155674372423583,0
0.004826802256343354,0.9262613704162029,0.37799617487509607,0.16694031886839755,0.6682737383392383,0.9209244947063276,0.5858342287688392,1
0.6380035171659602,0.9386958424005111,0.7591187151344514,0.3365942922527255,0.20004953230847544,0.2172639825746191,0.662495313680661,1
0.05096097815474321,0.7000888389678808,0.5900269081148013,0.6013786256000327,0.8332154331788519,0.9714260078425478,0.42062803795677295,0
0.71995891973172,0.07891038485984325,0.2552884306693888,0.7923587519466777,0.7794240611984578,0.41984914170785925,0.29876920991758305,0
0.8016784609203268,0.44263330689431857,0.6766895624035284,0.9599541179271593,0.37401454356558417,0.5327174008025335,0.18385347256820206,0
0.8387947578073206,0.1930711884838402,0.5629937130930746,0.5998053941540261,0.9636441543955871,0.2988105141298474,0.9390659882076371,0
0.6733881068245455,0.6976145645633027,0.10405943260520334,0.7288439953813121,0.16039477575217698,0.9391808942142738,0.40137578908054716,0
0.561570604577967,0.16137114252591078,0.4672638385551413,0.6214412049633365,0.02001325845972146,0.28257084784548414,0.2822243375275135,0
0.30756149421119183,0.9775762175636278,0.918704070980215,0.4302777227200989,0.7631374511541331,0.7302118162937509,0.05254666141597841,0
0.42461371856664076,0.19453568384047148,0.21179352389151906,0.6096766866778844,0.6005672030356495,0.02049083432000387,0.7512064230437865,0
0.08705605703019914,0.05271372255571094,0.41461722758874964,0.40067297437486615,0.11092164121880876,0.5587187419884564,0.5277456291919487,0
0.707101557397268,0.8435469027637317,0.2759497773061129,0.45363938783015667,0.15950664504034895,0.7415755786973687,0.1909642075362521,1
0.02468436803447882,0.20227128871904076,0.5369203034302688,0.9110038882574208,0.1308788230294915,0.4708732621648245,0.893373841019668,0
0.4134370845374137,0.02401274849281576,0.9751129491617054,0.5638596620282463,0.16685315351707564,0.6433171153403107,0.9337806146546954,1
0.5062107016733953,0.5480775378681138,0.30985425509377496,0.10041094391261407,0.4614073114675483,0.7680568843499802,0.8806763111716537,1
0.6500895180034664,0.9692337716212825,0.8328352121596756,0.5237656745267855,0.05096229887776538,0.5002380002727829,0.5609710382483363,1
0.34319889140647675,0.267497647352518,0.8382958720555771,0.9532602148983514,0.5193865039718747,0.21809198550270836,0.37327975455212703,0
0.4427878328891416,0.40872298012201835,0.2594156335662493,0.10004286825919728,0.6053733849736577,0.39677201231532033,0.16188573658305228,0
0.5873760119414008,0.23716690570594323,0.772606654419137,0.9711873081218005,0.7273681719780617,0.7307790078394032,0.37724331255577204,0
0.9231747908348028,0.5579849580904391,0.9881219500096805,0.9876403503981414,0.9460332004235534,0.2710919379481912,0.6121706299181604,0
0.6719721311708315,0.3227891705574075,0.9540210656785383,0.5607131662641393,0.08247712655143269,0.6320346252002456,0.22655336984372487,0
0.25443440257031,0.5913635241560272,0.60574042500607,0.3324387294612199,0.035157874487586116,0.14829198641657837,0.46396272189699195,0
0.8472636205993435,0.4780209330931059,0.15173916973476442,0.008634673837892848,0.13913862018222634,0.9302932331895933,0.573092869755104,1
0.055064471802384274,0.9289152715749857,0.11934188356321151,0.015505009487129295,0.3373147041819172,0.6029831251904035,0.7314344888986641,0
0.27229906198466947,0.6700174968572612,0.2668210323562078,0.3880954014612751,0.5253617142369599,0.46827059060704757,0.09135111633596349,0
0.10815178401876302,0.6825940570038874,0.6013129691643616,0.7830717939354036,0.00428589466738305,0.8115230363768482,0.8669962603308305,0
0.44703864043025887,0.4864667819894176,0.3862255780183247,0.9423735225320612,0.6923696719947497,0.7971710521964113,0.4560744078742768,0
0.6369271907535304,0.30314508156577336,0.6990209342686651,0.15477830512061974,0.9568824234476876,0.09732303975095802,0.5819310495576577,0
0.5309953212728703,0.31396323061766873,0.7877783902475824,0.4877526053857767,0.24977892401757718,0.3070634710282163,0.9403167814502047,0
0.811262202137994,0.5039915029728163,0.18042163848951998,0.5017256346832102,0.008797039222742331,0.45857727186004404,0.16797871338294856,0
0.5674881643370734,0.19191117910227806,0.9052941099371226,0.3803033753956985,0.7532453388817156,0.34053995863006004,0.8844860215440894,0
0.23266694625699635,0.13242678925042373,0.060573034410923876,0.5399560662834777,0.770050319773092,0.3173007205346191,0.8044304245358782,0
0.5364218611684272,0.3723650829749383,0.2649281814802127,0.9250222318078987,0.043509388751610145,0.35219029747132846,0.9940273663415464,0
0.7354895215326968,0.13047545979551434,0.8148000679242764,0.4385291505173182,0.6173222920818365,0.14204932943109072,0.39304228456530543,0
0.5029533642588395,0.2307615844194687,0.18373221798871375,0.1377797280913735,0.24283972618993677,0.11941733650485864,0.12684710646076858,0
0.44196954838338975,0.5350237812196712,0.2201376246654717,0.6654495674566734,0.6328746605402367,0.2603107987795311,0.014176153818666104,0
0.5290973533999254,0.7900948077822632,0.9756563621754976,0.031374524533401615,0.7263785416376982,0.07008172990476524,0.7925958880414701,1
0.5480581723595351,0.2247715870117698,0.912364337740546,0.940115264491655,0.22274321456802826,0.510219993168899,0.13659619245420662,0
0.3105571308596322,0.7916644833735973,0.8127593380735346,0.9398876560903239,0.2607595793419689,0.15313626755650633,0.3060121177006282,0
0.8542263510583245,0.015541615160076572,0.17380108496642055,0.09214260358293058,0.6115743373266388,0.06756716497079329,0.9873150375528951,0
0.2076830147769093,0.9970227319044243,0.2551382586047163,0.5508868458403816,0.5822626167228183,0.8371457900595851,0.4420949489772559,0
0.03283212170828653,0.516938950941174,0.23516770873327641,0.7973903684125478,0.8861667298075752,0.5875095062369553,0.23120570320663425,0
0.7414922158574659,0.4758873515241756,0.18912433882770086,0.46457847974601874,0.5103684404433779,0.8983600273242894,0.7532335579371465,0
0.842313770998938,0.650555852486829,0.9704465095435028,0.47877163455092275,0.7997673767862538,0.9833927692594339,0.2715536842602013,1
0.6427362729699583,0.475175913766652,0.16602817188024643,0.9702000035056308,0.7320070814796156,0.593531363931021,0.5310218753516363,0
0.46894514291256695,0.40802228625132053,0.7467131741212956,0.23050809297977504,0.6656999994996885,0.7959773219799401,0.1573319874425605,0
0.9752054462437351,0.37098329191170776,0.05101476647706893,0.5263101888976166,0.19177297784869407,0.15954197982892826,0.4608329243823198,1
0.3707602370437,0.9778330106557185,0.5438063855161558,0.11496816146754973,0.27636043565142165,0.6983687007442134,0.10861771004208542,0
0.4058978532945319,0.8614967183239488,0.07084993155902575,0.30244015027883964,0.5667694830718933,0.5495542018913065,0.7730947147778755,0
0.59111274726133,0.5024105829147393,0.06175353258437599,0.8509044274892407,0.06594366485007386,0.6763928701091738,0.36513902047379954,0
0.4304268834028465,0.8364526202627491,0.23023249383443534,0.7164486574775395,0.045049390821834456,0.10472419739914096,0.31880369204101944,0
0.5552983766883709,0.14908937952083146,0.9256033930982158,0.6120037868956673,0.04981700984845738,0.9358151170177038,0.9937858051870139,1
0.9665637125333727,0.5294449662944213,0.638830167291637,0.11388856494806043,0.921307692212677,0.4174873491799641,0.8297025263741533,1
0.23749869225103393,0.45017123147523963,0.6514015040204945,0.8506985495370184,0.6888785564165338,0.7757992871493861,0.553925255430436,0
0.14856292579443953,0.3248821301345878,0.29765568744737825,0.298109297217625,0.8367615053795052,0.9906120124941807,0.9442122367443742,0
0.4235512333946516,0.918439944615113,0.7236164740654049,0.5349828439508179,0.9634168337982397,0.8733119958911745,0.2113987314664718,0
0.5039985632036801,0.8324932633365304,0.6815524960255089,0.23347469843014057,0.7009691354796658,0.3117054839432234,0.5734854315680096,1
0.7131965843748894,0.9070859519185056,0.461685440080537,0.5207365685692255,0.5153212932591724,0.4019762092908451,0.9290572538560298,0
0.9551731806308745,0.6352169309563981,0.6826054048440313,0.5621395348390664,0.4790179087096278,0.6486541125126429,0.5697065298875211,0
0.688670337069567,0.37622120317809815,0.8671354396548633,0.34046844175630486,0.7460272007545221,0.5380231593907207,0.3079897827665147,0
0.9871751556143196,0.7568125698134052,0.9603806929927315,0.5059216469595909,0.8678972492247722,0.4103004594830514,0.8116560124380227,1
0.24633869334362613,0.10856697519213698,0.9965939040123603,0.406052375848003,0.8296161250818854,0.6533697037159064,0.13881012685608274,0
0.20889008868066505,0.8530795798859218,0.4883121572911109,0.6974954101862525,0.4929453197145408,0.909528369340891,0.1520002981578641,0
0.30653475089877447,0.02877931589165017,0.03275314962405407,0.5438913331614629,0.7735090367372323,0.30949591466642945,0.7311248899529007,0
0.7871239226074754,0.8182123843872696,0.22917815095672678,0.8780761003092281,0.4765864478634301,0.12833833774777081,0.06933184951304694,0
0.18651472248396983,0.7039405043291281,0.19684893887181631,0.04964195752039402,0.38438560373637765,0.6757495641621298,0.05063078275342725,0
0.19619004966843367,0.08846042395863318,0.3005387500873611,0.026638658667017756,0.297671562610325,0.5895949995336756,0.3790747214770791,0
0.4117357606144606,0.14699784793311532,0.36050216244773137,0.18854935269555206,0.05454565243690512,0.9055880304153004,0.39790649753475127,0
0.31754428739632545,0.45239145398191294,0.6686772687250149,0.11857657592768178,0.20116253882959134,0.7426592361983609,0.4696503166693635,1
0.6464780891438107,0.2998748935937541,0.5256889592831844,0.5258957727962887,0.7300070548032225,0.39710275915186133,0.7407321544429628,0
0.890167032844508,0.8672926570627199,0.6497445836087672,0.20013405158598474,0.17171081874711724,0.6333293505060763,0.5688529562923557,1
0.13866057184189973,0.1928335997772398,0.9718395455344081,0.016048624660417454,0.9011770555659304,0.8623670392883915,0.7135485772625964,1
0.5467549269494358,0.41707996108901646,0.04907195425547195,0.28262205542809105,0.07858264460412256,0.34747315916695665,0.049894546695185005,0
0.08840071771311386,0.2604710287523062,0.014398680574380873,0.5092030377406366,0.051126876560729784,0.013826548565537222,0.3157032531275451,0
0.22149341006279488,0.12718216347277322,0.6655054410610166,0.714255148052622,0.4810824805444498,0.6263404903738966,0.9664069125188519,0
0.30910154639536314,0.25974141814225626,0.5462537650398228,0.4383948068849288,0.22266394587413274,0.0259253863038702,0.4277652523521358,0
0.5791029457467308,0.8599870965659939,0.48274916305431825,0.9627143283769121,0.10295294013022083,0.9374799016337715,0.22249167119906854,0
0.554878992253074,0.7155001407460266,0.8533275142819681,0.19945266227037373,0.05986794664933681,0.16819884963989085,0.9920861935266173,1
0.6430662516797856,0.9142400103364021,0.1588757522205071,0.5140619843423949,0.5272965310848219,0.3742635749791067,0.41131814002340317,0
0.8189064172277382,0.4052793288514541,0.573619368007409,0.25318372925503285,0.2594642060613864,0.9462841191313512,0.47878185431094267,1
0.18722987812743075,0.24041268737702326,0.9319271562111245,0.806667908684503,0.5557664158493651,0.07993059478298181,0.22379719192917757,0
0.7433824774608045,0.026317536182891343,0.44585352446180726,0.18775846107212646,0.14829778625204704,0.004342533867362053,0.6563530738832474,0
0.6670209549443936,0.4951579296864128,0.5799157067591175,0.9616010875261423,0.02442402867495852,0.10363655693054696,0.20723007323883325,0
0.07971103492529885,0.03972834359560995,0.06999935469194973,0.7166064956222719,0.02725921712967605,0.9860384676772811,0.609923569664573,0
0.34469532005267156,0.004274987197706248,0.3491830562289038,0.556865081143555,0.11267284788597987,0.9717287649793122,0.7574392449703885,0
0.027699348881674246,0.6047081403026763,0.04139830709892278,0.5323480706677093,0.7960424195472832,0.3845991064544345,0.652397832461237,0
0.09018438174111709,0.1648259689120396,0.5723763231526731,0.3624702358980706,0.44851400852963175,0.7428856273035982,0.09038226943944361,0
0.2837868000566608,0.5597788525149237,0.5904741446776414,0.0210260601660045,0.623860440369835,0.7359334473251884,0.07977409638275212,1
0.24311616443435224,0.5735227023009735,0.9508403284518856,0.915123765919971,0.8749894388982477,0.09981620625523668,0.8423515474236333,0
0.9001737694387922,0.7238391605033258,0.6384060232904923,0.7949373361755413,0.21260486827879577,0.23511992424077377,0.9045591017676167,0
0.8937885628748037,0.38312865224445236,0.002982965645736635,0.13485808239841401,0.8713486030499121,0.8889823410366268,0.13566036842237406,1
0.5778675175766852,0.7051555060575025,0.8332343961389324,0.1220796061927556,0.7456354673246024,0.16569680966649758,0.37546018725859454,1
0.7350355590861049,0.36596546343948444,0.32965628129808633,0.30810067184861556,0.7290181107827206,0.5208553568477216,0.6540668613288417,0
0.9996013131327522,0.09778709717921574,0.7142716932956718,0.7631394040991135,0.8707367401020407,0.24415243961556254,0.8354809515627805,0
0.41019269779752876,0.30999008812887185,0.2640285261077333,0.5031650301867744,0.12587768726830917,0.5576145566796622,0.9089852090284763,0
0.5224254260629058,0.0075673293345983605,0.7602248253970283,0.6542098833633946,0.5405011329602833,0.1965306991314496,0.6986827553998042,0
0.6511499390451568,0.46246129165766414,0.9274906730059357,0.006194279996998842,0.4835333217260267,0.21574824911556745,0.14747451829902058,0
0.9205582124186819,0.7403111675421656,0.0793190527371127,0.9237045481763261,0.6639995383365641,0.046799057307698066,0.768350960915789,0
0.7970165507241314,0.7847475564405458,0.5443619521671069,0.1656858129544444,0.2379888656344874,0.9901713878083269,0.859024933832035,1
0.06442177752673961,0.23209671985754154,0.5404020183392023,0.318901275328512,0.1273262599854169,0.11309522978684383,0.3513059702953275,0
0.7129502841202989,0.105643126075053,0.2864377223057486,0.9471505651926528,0.9734440339362822,0.4156188170809032,0.4941526784803778,0
0.2519355302558405,0.18543007196032368,0.34167435889324604,0.7328935352402057,0.46568152449158284,0.4175579815639823,0.16638260911257796,0
0.25490169654154915,0.9837129802711073,0.6761607680221033,0.5110667054564781,0.23202028672509223,0.3036262409343794,0.3045194996445164,0
