rainfall_mm_last_hour,rainfall_mm_forecast_next_hour,drainage_quality,elevation_relative,historical_flood_rate,current_water_level_cm,flooded
19.233668831727957,10.077989472761473,0.474416044892644,0.612082254901896,0.6048245580761592,4.234158520038412,0
18.689517246595628,9.341840628598563,0.25520889959908166,0.6501628918779663,0.5835653219000632,3.8790579197002373,0
19.07808799899404,1.2226345647777295,0.031240978990649815,0.7733000080093962,0.25571175360187537,0.1513336179103679,0
2.2383543188126658,11.34608661042317,0.6904081087789521,0.3263580127925758,0.2064242765732075,0.49031379460117763,0
0.6914991975870162,3.5977299229435094,0.4350877508488432,0.9184237336119215,0.8263581900713568,2.2258964761725846,0
11.621284125649206,21.459428970965913,0.4156781931122342,0.733204611068756,0.09272333767636654,20.76622919775655,0
11.279685554060588,14.792058210458112,0.2499867540285089,0.8047085885811869,0.5128228412009275,2.0570029938662007,0
24.99436765239598,5.778621513133467,0.5378303989980171,0.7209621638267112,0.5205608741892761,4.9348047352248265,1
0.6343535774680727,7.49014113031875,0.43802678127073147,0.3584556454325618,0.5741368068116216,0.32049952812872307,0
8.372486772345315,1.133353655446996,0.47398447302909097,0.2830324880626349,0.8856501159071357,2.1469911577162226,0
0.5634904543824657,5.394639785249722,0.580871348436382,0.42251706957901414,0.6239139400947676,2.179140164106911,0
8.712189024191677,4.677127769179047,0.006324647239735359,0.09703036053335845,0.9736337662480233,6.003782751125346,1
13.850618823070464,3.6814565374019725,0.9076959035384226,0.4512805015659471,0.8713530833487275,1.6500939840581552,0
3.0951585967192905,4.911687086878243,0.07108739694508126,0.04314098309523984,0.21474025948721154,12.507139773131295,1
9.852685301292581,33.1692853547585,0.4509247473159945,0.003945960027194495,0.24118331022530115,0.637695859333826,1
1.2301860306098136,1.2041192066718909,0.20737287523938142,0.9314989394746928,0.3447741359151706,10.254880939026068,0
0.7326181391215323,0.7208317955893777,0.5237823693698753,0.6893368605878929,0.3915144150801313,0.6328074408902982,0
2.521433617059143,4.8029515930706825,0.28023010879713783,0.5618469470659689,0.5529951203076955,9.792604448630051,0
7.209594202961264,3.205890585463168,0.8600064980626039,0.34110203942305783,0.23251263289633883,3.1798359766625106,0
3.303882637907915,8.295812945591358,0.39635983396242025,0.5705380146850741,0.22234518111376567,23.447898443640934,0
9.979087598508993,2.246309741865992,0.6387555557684373,0.8915757763383317,0.38138995736807957,0.4422225422682039,0
1.788610977698563,15.501082280161837,0.24887972814787895,0.6523801339438646,0.672023113212752,4.834083444248526,0
14.7037621131557,13.138227544927359,0.019406150494017504,0.6024819979535042,0.6881256130961884,17.77567309359229,1
9.816686905714073,1.6615274768448596,0.4041545356132761,0.46020450297167803,0.9761167400402896,4.05746971802328,1
5.246369231704005,1.0778056154365243,0.5364864895582901,0.345697030650858,0.20241543392181405,13.994097824347712,0
3.3366936504945333,9.058867695534007,0.4595471512617503,0.6985471139217118,0.3928591518569807,0.7515464084577557,0
3.6265575143861253,0.2701980321414967,0.96201436381886,0.9809809410158142,0.9646774979390604,1.9573736757800297,0
0.616617176445238,2.45044681790241,0.7068391738460283,0.4247576935205901,0.6900087426655521,1.7478941021671688,0
1.4370580349964301,16.071608157417266,0.9956698006253952,0.3922052040142008,0.5922785248220191,3.7861075900491254,0
5.482563612834002,1.094197529285289,0.29506009031397196,0.4281134723650425,0.5396460514013469,2.506705683119636,0
3.1094418892785702,6.891053371439083,0.7890532796071466,0.4255439680497215,0.07551038013625655,0.1509979639780654,0
10.113654860520851,4.986491476506566,0.5555584675466139,0.9906247733684951,0.8933738088159103,5.112444249754909,0
5.667925019329003,26.604393348963335,0.6117603544484994,0.7067782575093406,0.6255052154151076,2.1952779962330426,0
1.9034396343841309,3.6498594009521628,0.9858532004423277,0.35918444921059167,0.571667407928034,14.750638599376478,0
3.6887066900597696,13.565967299763184,0.653987199751117,0.3715023738267226,0.5395003433218426,1.604456728976693,0
5.132453897524113,18.87423347955333,0.8988168923369179,0.43079692474405573,0.3919142073211117,6.978904247869767,0
2.750666891502346,1.3071850820009143,0.725750234719247,0.036712187580449696,0.25466469136089276,3.81899408304648,0
2.575289767250484,5.1975581127025405,0.12738612172475006,0.52781640202125,0.7553219853344842,10.998696219961108,1
7.031317457540357,5.957992522886487,0.6994237103223125,0.8113809515227647,0.5095675177616621,1.2151177080487943,0
2.3755776714303956,5.135876391866141,0.48431558868548197,0.6605677932075106,0.03393953228922031,0.5504726860801175,0
10.669619400255067,13.96595061845746,0.9187979929823424,0.1984208467615416,0.39909449977216327,0.8049317046629665,0
11.126911889967259,0.40774476204430476,0.8068344471904552,0.7280342413783699,0.9286036382228325,0.4882959817258349,0
8.672663423721545,2.1561088347107327,0.10413468760722522,0.7194586063320303,0.37389456154086287,5.215220832775244,0
0.5842267838434865,1.6912776884995693,0.13391564365355846,0.26253921564899707,0.4132330079255737,1.8585452877822803,0
9.072540013782037,0.7034889011331855,0.06961100179860558,0.6228746568569351,0.6239611230550356,8.437068528205874,0
10.83470390292138,2.0734436623666883,0.4932448747446174,0.6109490331219362,0.8016748038158823,3.7509627365956986,0
8.97631721165942,3.044801835520145,0.08077175920735302,0.8397876238561816,0.6684611177047122,13.504770133316573,1
2.2403929618913856,3.13555355889125,0.723678336574694,0.13607231183344126,0.8500547311229465,2.075035051435786,0
2.567489528288259,0.24933373204259357,0.5523585814504327,0.19483850451152274,0.11397058704069829,1.251008036549328,0
1.3258872584127857,5.821917292423298,0.8358850175531424,0.48596950376780523,0.9245925533186489,6.093286844604165,0
2.834908101531694,1.3835774987888252,0.27979578867131627,0.04414514889230703,0.903921932411386,0.0010865078741609585,1
0.16911805127830248,4.230326224354656,0.5191407841611407,0.41559419760170657,0.5191485865855878,17.196631443430718,0
1.3388511689257077,5.224459943218977,0.11747968591054436,0.7882190419997233,0.6247422377872011,0.08181957345838695,0
10.520454756377251,7.2346258249037865,0.8846100026502804,0.14871439398399822,0.21281305020140173,4.232839136631373,0
31.96605016947871,3.8144678526021925,0.1750049622898383,0.4599487369365248,0.4479474379813889,5.1737940020437945,0
4.508304739109079,0.6895688697579219,0.102362251350405,0.9897692333824446,0.20270336091981234,8.605557821364044,0
2.2723176128066234,0.09481884852072726,0.2050505985231833,0.5059200134248644,0.021976678941019512,1.780959601779207,0
3.1820500312578845,3.9903895998332897,0.8062314887229814,0.49832382412209053,0.9809030681270525,3.0739188425300625,0
2.8907377834793033,12.690464946754448,0.1058145276846828,0.5587935837241681,0.2591465157102051,1.377072190899202,0
1.0370688257888105,27.998428026964458,0.6144274948381659,0.1860043703327412,0.5931083088978353,0.6198199113365226,0
8.66660107897288,10.499921981753005,0.7461813006151257,0.14716388268594427,0.30025038353786304,6.989975326880962,0
11.006790828139549,3.543509437051732,0.7510811604828711,0.6773546291151085,0.3706216202104349,5.621662683707978,0
12.062473045142458,21.399938266659163,0.19006088660813114,0.3957668099057702,0.3977615585822748,12.63187435306211,1
42.47906236607822,19.179723663840132,0.06162399837761201,0.28990662821547575,0.3350467313247577,1.703938227160976,1
16.85328187821411,11.62355009385478,0.4488063837722176,0.031391619919897584,0.6373997593399358,1.1568025288144514,0
13.158926723964656,19.7361987219008,0.2024853452445461,0.8460504971784825,0.9609362704886061,1.1512349493307377,0
8.34793185581283,10.994433579226433,0.699270809013938,0.032328865844832744,0.428634650006233,0.11283770114999987,0
4.740193591686328,5.958845502793886,0.356692799655421,0.7499831240833194,0.9733267240542651,5.229461275722613,0
0.35562845017477757,12.39431427410261,0.4493539410331321,0.381988558998581,0.6677972373447831,0.009050216205168842,0
7.6528222945615845,7.955986924887293,0.11348493310171182,0.5986878105046501,0.607136195021009,2.410686411475903,0
4.971064699943545,18.34624558152152,0.5675502865481917,0.24767800069016233,0.23710385179892302,3.0417725059421503,0
12.063691000876728,1.9661319642137083,0.1855241896319073,0.15539966623207313,0.06292070589938081,3.5174120980472923,0
16.22401264924997,1.2002237853029902,0.6789856609149371,0.5333880008349474,0.8519347702918288,16.758701198482584,1
2.6565505175781614,4.874593442337101,0.0711688225478937,0.6956176949541436,0.573981063944269,0.00023498138052676748,0
0.3980057696298091,0.9653129398489437,0.9758945922813234,0.19549329494514656,0.4144138624248819,0.9768373412897062,0
7.398577880982191,4.9905509493642946,0.6845269785858117,0.4363589474325642,0.8119673220884834,6.5644705963994525,0
20.42735519835238,9.07574904826382,0.18172956781192617,0.44465497029139567,0.3105803825773188,7.825918959163923,1
6.568572772867648,15.248465473626172,0.014094645461855793,0.2159791490794628,0.7836172559644873,9.64935296334125,1
17.04754308675501,27.995694451550698,0.33446289220521874,0.565049446252131,0.327963835405797,6.750585385914655,0
6.024117962718661,3.033142617767234,0.1528132640522074,0.14593568678170066,0.9208811864041636,1.755681489616059,1
10.511952381151271,3.855525016969261,0.21841133311954597,0.50974917331858,0.26796687445680256,6.1768699916138985,0
2.310263957470441,3.501486593635919,0.8727502584378894,0.1134315113659995,0.13755411757457114,9.361723749788604,0
1.0753380067095069,0.37350043328653637,0.6032046600508495,0.48554240885513744,0.6980967083494118,7.84978167957052,0
1.1398466619223369,1.3863071796595547,0.17645765302889949,0.31159905487555684,0.16284725306477077,0.660898257326546,0
0.9414585446007007,0.851260253065403,0.5566594006874488,0.452246292081535,0.9493630502889856,1.2920213139659407,0
0.4373849513082363,6.586920869625224,0.25578065342499323,0.43374935944317417,0.655555112388866,0.8249547502971619,0
13.732745531955857,4.481579461076666,0.9762008643580892,0.9079331228185928,0.23086066128452598,9.518975932450113,0
3.588919990135417,22.469025392030968,0.03275723026369526,0.48993559995646274,0.20881893428542875,3.7850553132338143,1
3.089050101320758,0.22673715107210446,0.7323184221678151,0.8184989038768744,0.9238750391204216,1.9122731736527667,0
7.479674676730699,2.5482386944565336,0.7729970261914273,0.22565239291171524,0.6078579128498909,0.8993645737210115,0
1.4981396437454144,4.041355545981393,0.06716276395770027,0.35208279463425884,0.8937360066724167,0.40962937181490916,1
15.346339534813168,7.283903672623626,0.17186936423135157,0.07508938063319093,0.11022520484582521,6.256046280911032,0
10.335648315523596,2.09802821434354,0.38430665910395756,0.4207477948214936,0.9253921955791762,0.4509926300511129,1
2.633937568005645,2.995620448877046,0.8681548265290678,0.668699887074931,0.5200493119940883,4.335963904118014,0
1.6047345149794887,2.1318116401261835,0.5369999384184994,0.8381670341093962,0.6684219163313505,1.46986725497323,0
4.248156874148372,9.206840749112045,0.6553068500072905,0.5659149117991552,0.37287547154128065,0.7433670277573196,0
2.438646958454121,2.1054995527184963,0.7830128354568426,0.6400726695930785,0.059140322005826196,0.021004497483799487,0
0.6059095911388476,9.939390957714895,0.82812278833752,0.17726707761694815,0.9579724413418291,2.245936957548779,0
4.028478387616927,9.987641328600992,0.47628454308368107,0.037206038233439376,0.994598329108482,2.695027533124819,1
18.015028517608936,6.081837088301313,0.5087931387734813,0.791688145177316,0.36454684876044297,12.07003827364592,0
8.07079949888275,2.9221064708501783,0.7180058570877794,0.1670382074412864,0.9438679297519796,2.243810902299799,1
24.659289804897295,0.938342357009213,0.2633423587356264,0.09116953553275242,0.16772629096156422,0.8101659794165061,0
16.371458601065097,4.525557095746055,0.8544897363655244,0.9375623209065953,0.15468444965857553,4.727084791555246,0
8.943136790732789,8.983141700469478,0.02078682447584157,0.9635213640591765,0.07311184000917148,0.20224041721089073,0
14.804803160798738,76.14495760318569,0.19577160220972467,0.6162572916024947,0.39126940758415074,14.587616091197704,1
5.81544546853511,2.984908908618017,0.8001999430365032,0.3786372726872934,0.052302250181599175,10.37402368606378,0
8.542794048007732,1.147738530609834,0.34025821189267225,0.833239540964052,0.39465718961289675,6.5812221869630525,0
3.0417510892395785,0.7267164892262283,0.14983283269230596,0.20471995933541243,0.13839042864966822,12.435580849391139,1
1.7524330539639597,17.7433327732632,0.18675475571140332,0.4293923274296819,0.7305277955729573,3.0337680740357342,1
17.159339071385173,5.49150121735375,0.5307564019360695,0.35701729900060175,0.833362649336408,8.868534156482825,0
1.1224236957620726,2.824494012604058,0.8461815293449878,0.9126999907416816,0.687815427796288,3.236945298637732,0
1.5031919600838641,4.689898838609917,0.0706507157711106,0.9197774153622736,0.20049415243615587,26.12293195153059,0
2.4819339006055157,3.2531452337714737,0.030480909124649402,0.6508859263236664,0.7668481929079557,3.8044619154210397,1
7.739995041390073,4.429554421457497,0.46516813583684313,0.11074014027269186,0.24950019703327497,4.27113275384972,0
3.3107126081637612,7.795180588163266,0.9561874150536347,0.4821927896583025,0.7594885969685274,3.701785198556269,0
5.475863482519691,2.040605365891792,0.2790098034141264,0.24532836622405674,0.5673975748963909,4.8708937393274745,0
17.278231207397866,10.78931065532611,0.9591705390670483,0.8849156631844819,0.3667125162912097,18.04549669315328,0
12.333761888274122,12.631983566417093,0.8876811765900013,0.1384027990162019,0.08349237801605769,0.7071964236600746,0
9.369975923101544,1.1576215427048158,0.2831350763875111,0.05431027586070736,0.8275095098070258,0.9722071684385234,1
1.3675994436690084,1.2614821384577544,0.8169480642561467,0.7044290335500782,0.9396529207982254,3.6564721404763074,0
9.515367493543724,4.530829745143981,0.6858673025688188,0.4532860749681529,0.6659177800006375,3.8450015924873213,0
3.6358266527990617,10.878337858305377,0.5118223889047572,0.8383648876030845,0.9645415666934388,2.2471670585136465,0
0.9901087751502917,3.58811144685496,0.4229161430428747,0.07462963116931176,0.9341114190429911,0.6460892477705206,1
3.195405744455933,41.102004053865684,0.8155027559254567,0.8010761326078425,0.19460840080375363,7.593243432738582,0
0.5644594895306022,13.16275992576547,0.7930794326950212,0.037334752844158325,0.7312123485982135,1.4091314716851029,0
7.320681200967728,0.4322461438412606,0.7569363359425592,0.02807001191395697,0.34930481943769454,7.9731795030881605,0
7.773415371889735,7.010049397781765,0.9982559512152959,0.4613157517310297,0.487517360565626,22.06713346928028,0
2.3544008744399725,10.604854582574074,0.4785124609413839,0.22129128968065181,0.15696543114884576,12.503619433000921,1
0.36673133620889037,1.0912174442741154,0.8069229778199158,0.5937187070065306,0.9747794280576525,1.1373034054610804,0
21.834483575924327,15.111364416337244,0.8624783669834785,0.025816994211470434,0.7261373830764085,1.4543755457551617,0
6.462393276270329,1.9656562503258945,0.21160258145368394,0.03538954236297853,0.2669083096309681,1.961807961244725,1
11.904582318324987,1.8657806070130973,0.04206644205306098,0.7271484961719404,0.3714716901680335,6.74287536315751,0
2.8223590888870205,7.525908764887508,0.40474840218857966,0.21016516249231165,0.4224829268287844,7.785356850655121,0
13.411206906384216,0.5298610249721646,0.856736684436776,0.6564171236607336,0.7475337241438402,0.2497020283619638,0
13.13017127692884,8.351940443518494,0.28910328119451023,0.7499221615007585,0.9256972667695845,2.68991621163487,1
0.7450574348897431,2.242257778461343,0.7000101540674241,0.05933116572496744,0.32144013298457164,10.741744429838462,0
43.45271737614452,1.9123209487234638,0.007348139064262682,0.7697539544642392,0.47250008828041956,4.3652464506440305,0
5.3887694249251386,9.635132885212284,0.35536443232023773,0.26842121796128604,0.5932075728347012,4.435732644238509,0
11.182067386161354,5.471280323285562,0.6155166947581512,0.38954595819974824,0.3933439924003156,1.4160935028911918,0
1.9495916132895466,10.141980088238117,0.12975719007233688,0.08663919229531669,0.5041813233656852,2.6357468489251126,1
7.87057077114549,6.269566673902698,0.8966069121474339,0.8386299833648527,0.105707629020102,5.965913058340395,0
2.2899439091731715,17.139694446496808,0.15627397711707924,0.560728786325764,0.16767438772016607,6.482880336520573,1
12.911559499541555,12.736309999672814,0.9097935450039947,0.5046652778471722,0.4011012572201449,10.050772777165296,0
3.704604416658455,3.929775987337188,0.21638930868297468,0.9685548109027556,0.9149390117705525,0.5094081504999314,0
6.232777500900863,8.36750154941125,0.9942786739158408,0.3345057599406708,0.3493580457446336,5.167368725492411,0
4.224564587326039,0.9795941762261423,0.6047487132955909,0.890779286476696,0.24979280860501363,4.161929865306798,0
6.02808040952502,9.637940768572689,0.08434489443831128,0.7196878810646042,0.7428622208492759,0.7385996942210821,0
3.7784075040392366,0.9314534594942024,0.06527723447865985,0.9285281358522389,0.9491301660766093,3.4819616997380938,0
4.903951488575218,0.14577918437117993,0.07492169625946876,0.9078020527624597,0.45912361706354743,3.5122973178693266,0
0.22977209173288163,4.121775173649199,0.5898927472909519,0.9910298050260696,0.008604955567183104,0.6526284524832722,0
12.70007184399989,3.4836781077639336,0.8095792023273852,0.13167675203715756,0.688149331475618,2.038982961932211,0
20.07718710670585,9.091262861145493,0.40296274177050573,0.796016392091595,0.4150608016161449,12.860873843420016,0
4.647676261848799,0.6822916177757632,0.4448357592818618,0.8044943549475032,0.6736455366162152,10.653907993242658,0
27.232714373547786,18.331347531497233,0.589287703664628,0.6443735281784868,0.27771651582920354,7.4050600636101995,0
1.3446919690220343,14.666086669066821,0.5330406047863557,0.278860958238202,0.002408143816962416,2.032317480413828,0
22.277180871492927,22.180450249467263,0.6880617331012702,0.9651482716283151,0.34449621874560377,3.166826029812404,0
2.914835474590681,0.8002225772640356,0.47178572016302656,0.20442213789020958,0.7047923426129415,16.228947234025707,1
5.349266081137558,3.4325112665973405,0.7138606850640675,0.499575378358439,0.39311328300918924,12.185482548325144,0
19.49595433401098,1.5005220966165091,0.9973107425466341,0.5214871128191862,0.21917413965322596,8.777184769584341,0
1.015399463442311,1.9634169146304412,0.3502978422487649,0.16182934483603884,0.4640068641341015,2.1259043707076715,0
1.5278796806503778,4.663549046414332,0.012215462915350805,0.7225288223332409,0.7523485232983854,0.9581688947860623,1
10.740229227610401,2.4515620990954736,0.12562504555165477,0.08886716418023977,0.11943308679230602,0.8266070669379577,0
7.859031372006577,1.9969705313119954,0.5535141849869538,0.693097778846711,0.6917520336466478,0.1518007391961884,0
2.3037507179674614,3.55685555600773,0.34425778714465205,0.8486154962906369,0.6673440238039473,3.781484270326942,0
3.546866345505692,6.106734233859582,0.9399825937049925,0.34939642508239954,0.3707378796850713,4.431022943706199,0
5.998808405696616,1.4799103884552682,0.627446090107383,0.7094208085992002,0.9703361913794945,13.81100818967856,0
15.198043053324508,3.2435417701074636,0.5203551859654679,0.1567740081478498,0.8947052994803515,4.694659608868372,1
2.8665632028885986,5.032298303537504,0.7980395012720187,0.8459490014528787,0.31616148080206985,1.1965583570753815,0
6.120518833801567,16.529423932917293,0.25858987104909514,0.9520316985532247,0.031091093393843083,7.599690190189875,0
2.8334817634964358,6.141863089646856,0.8197385402823597,0.1526936934997769,0.30830480674507665,1.291684946580477,0
2.4345481068149297,22.131401962929644,0.003061104864092945,0.6918594739723322,0.20472194254104326,10.853857047004285,1
17.06833755654513,23.91790606391187,0.6196773621357177,0.5058310965565258,0.5472519140475928,0.2757195705009772,0
4.452664302106853,1.7314790459446687,0.934757151045779,0.5314993318323786,0.9187444211821546,1.4756772223125194,0
10.715402147681026,0.7761255761269142,0.78785995203387,0.7064897186006882,0.8703375100375215,20.143526399990147,1
2.421620622182284,23.582223550107297,0.8536341921473594,0.48874049933643726,0.3058291556648267,2.125464500710147,0
1.4882807520890304,19.394659234975492,0.3969546951715005,0.6003263920177168,0.428597533555637,0.014053145344123826,0
9.139262569511644,33.18750182638862,0.8242389461001263,0.2309010194113772,0.03654219907956646,1.8400838494097773,0
11.339627729187134,11.422007952240921,0.5508316650302666,0.3785065964886303,0.5441635076491494,2.329697827819668,0
7.607091558818688,0.8512683508899944,0.6185402365031989,0.865240350071502,0.06336798005072886,1.3593568886457867,0
9.498812904255916,7.57469018726316,0.05891533933580351,0.1099025116483856,0.9386061662290996,6.255832795675488,1
8.1508194029706,6.023254318928004,0.20155169717439214,0.5975752609336399,0.8669338348522723,3.8358139578029333,0
8.735647607936983,13.992610407397029,0.5509644155135526,0.18428706223489022,0.214187626437503,5.568913285669054,0
18.037460811958187,1.7243722789651448,0.05880105782349765,0.846539597923372,0.6993686798620454,5.3373428525372715,0
22.587752397947614,1.5225739765472384,0.7414468065877132,0.5790439538535498,0.5680203824333331,0.0689958941078668,0
5.298858724498367,6.800188940561908,0.8400570085219016,0.4030487826702711,0.801357712516183,1.1396582297877154,0
0.7259595000175635,1.0483263023344631,0.9203623612948049,0.24982467365181793,0.4756521067515199,10.051264818340027,0
11.229874440783433,1.1420613671704036,0.10176845917980593,0.4368446991896344,0.191771970665778,10.780947298121221,0
6.769548688651186,18.51898896562222,0.9397202480228001,0.9576123259217423,0.6398434001228317,3.3547815096613713,0
19.523732696896744,21.87234548407167,0.06762000762929499,0.5092092897436206,0.080280326995945,2.3819969177351568,0
8.355787087806478,16.52740389372859,0.4740562159278153,0.4694895316998602,0.5845879911684221,2.665868990359825,0
1.1221569993864395,10.47211467494675,0.8402510206278118,0.7462738135003091,0.21270480546445758,2.6996271564993375,0
8.39365906243262,3.146742476890091,0.07031113856445537,0.3790470708319067,0.6849364371235602,12.415224355409302,1
4.579557675498543,3.226046868266802,0.018231072988983632,0.427423949880794,0.8280431617281085,0.10975595745766045,1
0.9210891154362447,14.981158273499672,0.02494771870665069,0.33694773157161906,0.10952472928207246,4.47181223167897,0
2.1908008810129163,28.005839101117314,0.5112702394360336,0.1509197553293914,0.40026855214859236,2.0690824369635177,0
27.808316745561566,0.04001637859103412,0.811596744596663,0.7138092142026506,0.7335215877759967,10.419678697987965,0
3.223418076935109,38.69801877597941,0.12742667107259964,0.8730309138836237,0.1637030615188585,6.054055133077357,0
2.064726983149387,1.6989546945171372,0.12461025407954063,0.9055926492427656,0.5665236700357131,2.9532962055417524,0
3.5528478064119113,14.117948513183919,0.5685468550497916,0.8808029380377796,0.6718389818757231,6.276243100754074,0
16.538834998559324,1.9280346131215202,0.2342956008119237,0.4517838024379929,0.35479360723938225,19.615095157324312,1
8.710689412582001,3.6245741673461334,0.7302137351448739,0.2840661922031963,0.8319822742026011,1.888942242176207,0
1.5816407151681502,8.250839274916652,0.9496353881767499,0.6379237496008234,0.5106581850467138,5.312751172956846,0
0.06503538266427207,2.226253172378394,0.7660334066004131,0.9547049119060317,0.62699483994051,13.536447985010776,0
3.50418812454395,19.459919555364195,0.8771753663789165,0.727050648168605,0.1408727967047787,8.014014913855158,0
1.2050156063881974,1.2345605099084331,0.5195860575716703,0.49484856159015655,0.023160174532669053,0.5513192663747691,0
16.539696655986706,0.5570593814361068,0.8323193042175333,0.6888085745134482,0.050748570824986294,7.61666127864016,0
0.8527055695742957,25.63510846460305,0.18290318398668237,0.772537912454397,0.9039201481982159,5.0135267684309905,1
5.473940721683148,13.196970576202178,0.06834789039562739,0.9192692613280707,0.8826423842482511,10.057573745227597,0
8.140219738974615,3.769946621943513,0.6559531101246859,0.7632157539721541,0.8075914391618425,3.093695586786573,0
22.960043150854595,5.122324761216484,0.051952503758055935,0.4331905556359056,0.1996120912348608,3.3695465304168026,0
2.3238252511076793,8.718377252937277,0.8924814191396805,0.2736065184654841,0.5254586519495033,7.908801829761243,0
13.886239197703143,12.875127244034108,0.6915541471074186,0.4998816647295913,0.7961171005483734,1.8602508890520153,0
6.109354976097578,3.7958087612335945,0.952200725408912,0.3281779446054718,0.6746691812557738,4.188766579645926,0
13.840160336422182,8.168268372364174,0.31388665631323565,0.942764592687814,0.1155211936759376,10.956080745989777,0
2.8650405438142394,2.5288255096290677,0.48615830920162084,0.5079658434499622,0.8955411998124237,0.35390073920625736,0
2.66215191475396,0.26980940895118105,0.741690365045119,0.4720563359640083,0.16068239277796226,5.2909821477485135,0
2.02218420404252,14.49282249030702,0.24277898546082055,0.3481962181548629,0.17179569341333545,18.755291949076668,0
8.351174575284317,0.8790084229584862,0.5418488201116669,0.6394069902916003,0.9010086291707082,4.000321981520379,0
5.197012880762133,0.16581950483408914,0.6594672750054781,0.5200512786209478,0.4846169390945161,7.27275541734869,0
6.92863449972072,17.492609104882163,0.9788086544470412,0.12904892289825654,0.37289182595646686,15.197915692312776,0
10.262626999082253,18.451406925391755,0.7447032942423848,0.8692078108304946,0.5536567422980565,1.9788589561581074,0
9.23261949595239,4.76975697434005,0.118130850279074,0.3590128321437984,0.9813973328321114,0.20797161514074983,1
8.36238629315689,6.493323312983564,0.4753334513833103,0.4325784299581542,0.11963045524104288,0.09195347114225644,0
11.189981117940075,3.568797673759945,0.5887707829895721,0.2056670566635791,0.7569488487920653,1.7073848701310437,0
0.2754945875637987,4.251713222288339,0.14662314286435274,0.5533982076178892,0.3343258622441275,21.34983172612875,1
12.03951883109041,2.216191706262824,0.4319660569810784,0.702055062428583,0.11704927084762373,1.9752893746521267,0
10.403290212986855,1.9626441110305053,0.284005816335823,0.8811653206259396,0.42193335535293863,14.290721557425513,0
3.5093051449957677,3.313318228546371,0.11882754226202596,0.05160766497226266,0.5487528777252709,1.8987666305528168,1
1.9178188538370828,14.343505636659426,0.5120419334634545,0.9733319096993783,0.2059616377281469,7.128592469080806,0
5.684915325277783,25.641869079027398,0.16563308101234542,0.7038177420203567,0.4052694590966025,0.1490075445233928,0
16.205565969109077,12.901423516537207,0.5905374085857233,0.2842986844115174,0.6356760254722905,4.116952359296253,0
2.607424508498234,9.828687048378312,0.16969693224186544,0.20447475501396606,0.5764480197202222,3.0817020953911283,1
11.466313904415978,5.216523548126949,0.7235949236028211,0.29608791865459794,0.7231605940548506,0.31292899383321804,0
23.752463109239727,2.705983056695391,0.1952416230296704,0.8757257516664424,0.8364045329374012,8.88275068930238,0
3.19059736555601,8.032772671339949,0.8962851007761495,0.2913901731959504,0.4091403317693737,3.87059400066236,0
34.42217728583875,0.5398335432415363,0.02620935654880885,0.4628211345572357,0.42296727546222745,1.1123950481198368,1
0.48316786180470794,30.894886418220555,0.521997387045736,0.7057380542422326,0.49669213445515314,5.110075363689937,0
0.29747980501951393,9.873443637451611,0.3201047658865469,0.8719898637238855,0.5663533783813035,6.305120551859613,0
14.858469792847819,16.83647460183944,0.2250765257745908,0.6585711623461041,0.10832267423789166,1.2878470275020204,0
5.16310524279926,0.10461253321436877,0.47160277916514803,0.7531091965344227,0.31263535419477406,0.9591907529101182,0
4.848368810762767,0.8423740262442685,0.8420195363242607,0.1733267962959556,0.17189179537702426,5.006615465557797,0
15.673418331872757,11.389465099880912,0.9152772055266487,0.8774078276911388,0.3858527623441316,9.36791891025226,0
19.799997653264317,0.21880160456776732,0.30324861814784576,0.27571918361811065,0.9733540725740365,8.415267535529235,1
6.5942272202316286,6.1384695405952385,0.15424362209507125,0.1283781640565157,0.5827309566809797,3.0914301722826982,1
16.852443112131557,2.0358293663823406,0.7201404475663072,0.9762442903406693,0.4293815199205463,3.416933510249373,0
8.08375877793808,3.00039300721424,0.5819987254559883,0.20163992545416098,0.5659368952237088,4.35725925193268,0
4.011703703976106,9.983673576392366,0.2010161486775599,0.13665197007797647,0.6690765554271793,0.1547335896104966,0
1.9463401331351622,2.1835590728527565,0.7602957880874366,0.6260209001017866,0.43495346329040097,6.215076582386052,0
11.014121967945668,3.023904975144458,0.5189304352421411,0.3188631494960953,0.4477098042528872,5.8816205120012555,0
17.12706914957266,7.700495195093988,0.6533951995074075,0.1333492051804933,0.7014011293817086,13.358283210527826,1
21.359095718898892,1.3995670388684962,0.35933903396338873,0.601121117215876,0.06086258320570126,25.42480995948983,0
2.4160851790501434,9.758307981873353,0.439097561302376,0.7589852272222355,0.5400805682883442,2.0384477996977646,0
8.206397469310545,15.078815544186613,0.1803420983749422,0.7931983742071566,0.5473278122177014,1.7406493372190104,0
4.106427445837587,19.13523097409209,0.756515867645341,0.15551260101227238,0.7567522611283809,2.6833618893556173,0
13.695427358250065,6.020581883223791,0.15701132415179186,0.5568670679399422,0.982644752336658,1.109203361755411,0
1.765715711451618,2.0135795593510744,0.7783025947510613,0.8136783706814606,0.7957547867868081,0.9545234028023636,0
0.4715718788829477,1.4638143017254839,0.798007854884586,0.16108701142418524,0.503788612650468,3.294354206040911,0
2.887312778322237,1.4398898360553074,0.7466009640551217,0.2076822517706749,0.16945317960717854,8.82020306820592,0
0.5652829142606091,0.2745548586984556,0.019422788058740426,0.00241139743167762,0.5882609716331706,8.496404271595075,1
3.768829592980112,10.786807679435075,0.27313321260667356,0.5246341563952881,0.8342988867126859,1.9720610230002396,1
3.9030400654236015,5.354914696132358,0.4683377427918137,0.19468169686195091,0.9324140636453325,0.26564475059033565,0
0.9071135374305223,17.50825261498118,0.5955443787167958,0.7242425757268991,0.8253103794941006,0.5696867883294996,0
24.69784221469138,1.0205387339223098,0.9192220993690502,0.9622138556176058,0.18896860636256352,0.9826993818812757,0
2.4174426648261393,24.360529639320617,0.3756059721287023,0.20875548899907026,0.7125758643493314,5.472279647377551,1
9.574142613334843,4.599166836631938,0.8750233187739541,0.6490970117635326,0.8801549474858433,2.0924198507929206,0
1.6057645818368214,0.9375176683467906,0.16342928813683655,0.21183446145851137,0.6810169666269752,10.732658897992396,1
4.070135649467741,0.14978493834299084,0.37128048750862697,0.018006858979704,0.6857520409282152,4.335141647883779,1
0.721949709475653,1.7665962510943145,0.052282010821323,0.7585541942145848,0.5001622862510787,0.692689553153613,1
0.9427357677016934,15.179883446468748,0.7424892910556222,0.4340046766508928,0.6369762221255051,0.2088517355274419,0
0.08920988648871389,1.7635100439113296,0.15065275743291295,0.9467868615146531,0.2943807192230211,4.738329480751047,0
12.922936493705572,9.821824790518097,0.2570200156484578,0.5342858821434056,0.0888100867857452,0.2175205924174955,0
2.8420378875062124,0.6477503223619326,0.7752332521932148,0.15748286897568398,0.8277149047454004,2.4851989664013634,0
5.541060146143428,4.664724132873007,0.53471671742271,0.4497744417972779,0.9431443073915157,1.529541648238831,0
6.951571917828676,7.8495233326815335,0.013972719418462565,0.2028917948060165,0.8568223353769442,2.8920430202881993,1
1.4385042393503416,13.98981629226015,0.002235204747397135,0.8780292726865745,0.333913553780803,3.1919376351009743,0
23.465175753156398,8.61609827484618,0.5106606317398971,0.6909031808875248,0.0935301513079283,6.530037865243191,0
4.373154883459156,0.3697186003052946,0.30495551374919483,0.3412388046547036,0.2801383876314065,1.2852967382751586,0
0.6030018351292928,12.043049199015336,0.18031144599517712,0.5278203228071404,0.8428353758099001,18.579693021052638,1
0.8643514503989941,0.04340292876817716,0.6135939377161109,0.6694801882130285,0.655814507633216,7.137711730624764,0
3.9706664397169984,1.5877586547979616,0.2284364717174271,0.7828577166454253,0.9666942441029371,2.2385937800163043,0
1.0159291350907034,19.220249334220796,0.5922071496849479,0.08014720987054169,0.3426810184371034,0.03194800267817311,0
2.6106123526151097,10.003177864908116,0.3792659505862729,0.022518841995246786,0.5514721202916424,1.9751479386428938,0
5.94667817735985,9.363839881531813,0.18674621766978972,0.11445269716988982,0.7900382216382279,6.12998387643189,1
0.33197684726645865,5.574890226164447,0.13810473786874866,0.394996310172563,0.23399194273181234,1.4120892392289732,0
2.8711580361761384,9.696696144617608,0.23686060312728807,0.466706610082092,0.9640899746596657,1.0073429744088545,0
12.559105265960337,1.603631224200404,0.02983210801298508,0.13646163021384838,0.5923976724918149,8.320520443513441,1
0.5961736782457419,6.162493703512451,0.30812696203626844,0.4111531378996053,0.00789756331965319,7.45382917681071,0
7.762863792655365,3.5521392248400225,0.9019546901817942,0.4416227863618305,0.025153275628012395,14.12925158844326,0
0.4037587676271895,3.158282382181341,0.8313621258830283,0.10908996367748669,0.8822160164015952,1.1249513847032415,0
21.424870228136303,8.535953485547692,0.3720037567196589,0.916659960195734,0.6452815277610775,6.389102322487724,0
2.0335670654571065,2.314761045416743,0.5758336185818038,0.5991459275877076,0.7630725190638621,1.3108787501312351,0
1.9606568479304751,7.667858384365673,0.5673605590140585,0.3885355304562821,0.784016000956908,10.915224869216784,0
8.720856209027172,4.189769921124487,0.8287375391937123,0.5069071834722066,0.42045977625077646,12.46320125178626,0
18.074935212263025,39.53360547162763,0.2362901015169656,0.31419748646880674,0.7986112461423018,5.669189829111492,1
25.501895434918485,2.1354904408241504,0.29638748879301235,0.854331031644593,0.9375324448125381,0.2780230076967884,0
11.053809538254386,0.5852568799070724,0.3017854337456115,0.5750150415685037,0.17217110776962163,3.9815654898369752,0
13.82089303874242,17.728149858780654,0.04086998977167433,0.49489581439354347,0.7641363995420206,0.5289854546879015,1
8.774770061503466,27.31661847520778,0.3146878632891922,0.9108854030955976,0.307792007615565,0.37206601316350507,0
1.5402926414312565,8.998313020228375,0.877913776588007,0.8379796982340677,0.32149300305385387,0.9765859671366148,0
9.325220880205018,0.37087860744512735,0.911987647571481,0.8128018914258494,0.4127548510363862,7.895824831664281,0
1.3350423521023709,0.14665107888961906,0.10963534576855039,0.22560920423184416,0.8637195199080855,2.875023354325556,1
7.913301615747494,0.8654152333989987,0.4580585416184314,0.15312311146835678,0.022056067310049166,14.415760053554077,0
6.138063011299068,16.937262440359966,0.3813489015876391,0.6900965197127477,0.43392620681026395,5.417977164044815,0
2.8605149703680044,28.184764189544847,0.4893591966233879,0.4686422563413959,0.6800476495692706,1.4865622282866608,0
5.681154114098832,1.2281943150689898,0.5547195240586772,0.6837127129568435,0.11041545828252197,8.359792502045742,0
7.218033897387338,1.399134967089623,0.02025876001774607,0.7606272321111164,0.7922535970174165,1.0950719030637088,0
1.8537348518710892,1.7384305916100726,0.8422422479211608,0.2953135073447509,0.941902597897353,0.8567266904823739,0
3.344662529720356,15.569266561261792,0.9736640731733385,0.2846504331228087,0.09093482107697859,1.8387313985225362,0
3.381825314585093,7.836309793934915,0.6534048120036423,0.4908315662581837,0.15294813783087813,11.048755581177884,0
0.8993972493233164,7.427668240955804,0.6604522384933692,0.27354931352649736,0.9740972249462029,28.623269355314648,1
2.317164517334284,0.07653210135697275,0.5279798578307084,0.6672952760161995,0.19785564078574158,0.08557191735221195,0
8.208493387346325,4.879066490105671,0.33427341171438174,0.7467304458807168,0.07893967570320448,4.527852171646533,0
9.560762760686647,5.366230213219639,0.1489778241795211,0.47203894605324437,0.9521925363959002,2.2071097436452556,1
4.591432941673795,2.1692101772917485,0.5840633426960506,0.7237997655986432,0.8926227098094689,9.582217394752648,0
4.799516941325848,0.3684982475158343,0.044941403509207056,0.5104375690707762,0.6557254727331311,7.085074238877327,0
3.1828734379380856,8.472323367036191,0.8245025676918739,0.7128717219670092,0.5514309272875533,0.6059875605074732,0
9.33295287093054,8.211579389499708,0.42091169947061546,0.22496824779572533,0.9192326963027704,2.2475566813972736,0
3.2499408966606946,2.8958249596550174,0.4147542241619748,0.738843045933042,0.6555200751114227,0.13377287380502842,0
7.665346651359198,14.209800191674788,0.32717085847590577,0.7151240234570178,0.65839665931507,0.8773404974923958,0
5.120892178166023,13.130584693356003,0.9693538886985864,0.26660570704917763,0.843685564201953,4.716332147576888,0
4.802248440398975,10.527081341284706,0.17491695277071884,0.555970991040175,0.6532456772924209,4.550074071295302,0
22.98604712047144,5.073335266209569,0.15130782147521116,0.8553116678744016,0.5036768870376775,13.856266019656498,0
17.158829628028343,38.67624871356874,0.16553150154503016,0.24952264697243898,0.3897214978984479,3.3212392486732254,1
7.631584411966408,2.3617992971929547,0.658527482850764,0.7359797840146763,0.5031338927912408,0.6232856369763198,0
9.54324182319055,5.180645192769668,0.9918953187295984,0.9539667171468871,0.5224786490871944,4.321257733179065,0
1.1837609462676935,15.630497984275284,0.2354751704017547,0.8662419197575649,0.3608318811182518,5.879118646760238,0
3.7080290022678284,11.436704723526327,0.9056173970674878,0.40152008268027617,0.44811840898034605,1.4206732697639455,0
10.421556263320909,5.540437742134752,0.2786165592081724,0.6072077329881385,0.8018719328635212,1.2210565083053435,0
8.184089642837339,7.413847253586127,0.6478999201253002,0.9917701342527039,0.41651336867588784,5.408267059220821,0
1.8937222203112363,13.355921596458,0.04049895193336772,0.5684374113757185,0.02555976663542936,0.2761905840234131,0
24.846747889253013,4.962475629788977,0.495653974576189,0.11502760243036658,0.28301932177384914,13.205600047999702,1
0.30703653788646645,0.9899981610526412,0.6545699662789818,0.04543075477876091,0.23174186409169817,5.3124309980766995,0
8.906910268650577,2.001095707306128,0.5363197772226286,0.7903145097440284,0.7935820118319684,2.0866888424149654,0
0.7714209881564948,6.3842853559358135,0.23783538488179112,0.42362832540184614,0.4492930584718088,2.398158905565865,1
19.658390707795174,0.4247954621794312,0.8284969482679155,0.24681289062919443,0.28031054303513314,1.5753638390304108,0
0.6926334134353416,8.59512431779024,0.9701365112382403,0.347672030660947,0.8107048838416246,0.1767131284233029,0
12.4132789144018,0.6816961926786205,0.4591960956920653,0.7573728665464523,0.01921680455661201,8.051069098657335,0
1.4486020803033242,3.3448079670711097,0.6359192651892537,0.46524733563382914,0.1742508427312176,1.1891617043963203,0
36.324247752165824,8.27389958850968,0.7904132683455726,0.8684994925258765,0.8269548193958,3.6194396325379037,0
4.624690235734704,1.5450629089750447,0.24148906062179398,0.7349255887776993,0.5506517276604026,1.204989066969835,0
9.394294383072753,5.833497604665883,0.8644503819287854,0.974014150445425,0.7736497745794804,6.809489532844529,0
7.835113602431333,44.686444958715924,0.28020090530999753,0.8885037667898433,0.8381760147620776,2.0427410372105643,0
5.359139861770278,0.550792461478188,0.7758308035152388,0.25454721178600914,0.9419634885885396,1.8552971269291456,0
11.536239288419386,7.856419201507824,0.11209923242642206,0.6590592328025533,0.06342459930333799,3.528785222294801,0
5.920101963616842,8.631556254548164,0.2883867034141697,0.020543034528143878,0.799234743298472,3.5606522940737833,1
21.924821662189267,8.809620797572785,0.5336199339398677,0.9911067244295982,0.7087661482198349,14.936128436403777,0
0.4883673093544486,23.907943951152046,0.5249220957043151,0.26100610880259656,0.20702560067655917,3.671992600999296,0
42.870923793402504,10.112082557313395,0.8504311844863662,0.664795093623584,0.9317022663401231,0.8501613692274566,0
6.622724406736453,26.572122555551786,0.9961272576386072,0.8491536211995653,0.40420188030639204,0.7389789792435029,0
2.358714232122431,5.609440350651165,0.10721084586014062,0.16046466272797144,0.8876105274548042,13.580481863374803,0
4.692500846937126,5.835139860080893,0.27138813282503704,0.8478793428104792,0.6051137046649254,13.681742527354254,0
9.944398956154979,29.28738359755988,0.3575982102230758,0.012245665790822424,0.5267479465409566,2.643760244417628,0
7.974535052580737,7.560317045517049,0.47891840781000505,0.4419771380854074,0.1595239338959794,4.623315664968485,0
16.70005366893356,2.7063389398534046,0.49390974315439906,0.47203762253113846,0.9143276242873128,1.1580559000047348,0
18.205905662292967,11.841048350254463,0.8561950631484166,0.3740907132587359,0.5566619073622462,0.07282923686318593,0
7.564374058426983,8.174433768347239,0.7705593027850998,0.5863847463004997,0.0060924054968174435,1.941229091178214,0
12.594527522190148,10.490064078202751,0.018851579037953314,0.914842348702632,0.01828454107028321,7.8872986109109675,0
5.377405691058073,7.537644294329393,0.4550217605831879,0.3269891143002891,0.7776326050180475,3.5079982986391887,1
0.9201312783359913,15.107726155880284,0.6180738382440888,0.5792598871664242,0.16193635337838963,1.6217027052363169,0
4.351092492614556,3.951168662104717,0.4603955870930234,0.8774625257433228,0.5987384356281452,1.7162911947104615,0
2.352109434223108,1.560400062409077,0.13064525602570232,0.7729953951013782,0.6810819619339803,10.444331377632246,0
15.774945549545185,2.039606045311847,0.3974740836906482,0.040733264805495994,0.27936559294849683,1.2475361167200156,0
1.8312275474607704,10.291054147813377,0.4116556951297361,0.9427907641276623,0.5693138084114124,0.6264478859664362,0
10.192779585395739,8.056643007786237,0.18771592244975877,0.04664690425861273,0.2402587459890747,4.600491710967621,1
18.182506844444912,24.90108831113734,0.7563071144709534,0.5887584743743296,0.9463154273679505,1.3178726359551112,0
1.0708829286027055,6.150421485197726,0.3214006801424768,0.5753536203151648,0.860170156349167,16.804842108827014,1
7.594855485303265,2.6134681859550417,0.5889872905686162,0.7863902307023161,0.28804279149746914,4.208382913016404,0
20.867444715544828,34.66253432121084,0.5157301809587675,0.14844305184897766,0.5288144909503397,26.009107706991355,1
4.127935709836848,21.008519548573133,0.8774270792163887,0.17937039206270378,0.5006328571539057,0.14150193575927586,0
3.937285536751707,13.996902962221771,0.12201493186283818,0.7521069327383605,0.960023257950074,7.014913844647622,1
5.312341578600515,18.78441567509701,0.11426300825346014,0.14950475241162509,0.394028780183854,23.850158552842213,1
1.6475594640070717,4.3092915984798905,0.3003196691230158,0.46944512706563957,0.5622275546215668,1.8033008377480206,0
1.440678848272955,2.4499072465955827,0.43121496812583504,0.7316480902109319,0.9287065948874371,6.447100723466664,0
24.856411918588204,3.325259282982158,0.2985422487521395,0.6512419287826812,0.16281105117655814,2.748639390621996,0
19.207839530502948,18.193562965677632,0.7631870823952438,0.21060418611309517,0.5504856032783381,0.20342177279015797,0
4.710778158567846,12.34547685798307,0.24526584310929966,0.30396025868608556,0.10567292036182963,5.110396969108759,1
2.5879200650584813,0.5139598372291021,0.08477474277224473,0.968974903241041,0.6174989318185006,1.8151609236227073,0
10.753274602679717,9.509290641614252,0.41379980988414755,0.4486706201548839,0.36568320338700466,0.3279317929081199,0
34.783156579908024,2.8317307659643918,0.773379288138484,0.04445747643638054,0.9676360731796007,2.2325657960336627,0
17.33833756327569,27.273071645621524,0.8505619435867413,0.21958489946633264,0.4154091811485263,2.176901144196635,0
3.88866747180917,12.810643069259445,0.7333448483633508,0.34243508966183767,0.13618763754170682,0.4098659801062676,0
5.297939839086269,9.188036174806726,0.557886678499744,0.9994894042945859,0.8339999609284041,1.7846983472038505,0
8.764114689863794,6.446497753024714,0.7241917017491767,0.3026915474769186,0.8208666914229141,6.773686799716565,0
6.006581909453326,1.7396989804071317,0.6813895353038614,0.026395848782544973,0.6948596195427844,8.8777790651903,0
2.592549387767879,10.165079129348715,0.23436663249506084,0.512921577555336,0.748811801884228,7.507396849814092,1
2.5692184639327036,6.344734128682225,0.5507588922031937,0.08360538497397707,0.26471521768940687,4.7491059272699685,0
8.66478966324491,14.956897775273793,0.770609332638432,0.27406759869572184,0.6420535004227813,17.699402111010496,1
27.944051420616145,3.413046010034672,0.3171206618751382,0.9923831760939391,0.03801987120539363,1.7875562469954474,0
1.533393575936851,9.150984456329866,0.6539731467169314,0.7046385189301544,0.19689014389003456,2.1208070611074468,0
9.513709983092735,0.8958897885072726,0.4814804275187985,0.05066662928287036,0.9322794475530867,5.485744899191467,1
20.997454629217092,1.9397690080232277,0.50315885094502,0.448686718591796,0.7392352970826587,3.3220313803915973,0
0.10190299286978907,1.8648856806375373,0.09005503778215973,0.1716375126288493,0.23067254098925782,13.210966375689132,1
4.389328996474284,3.639961409815618,0.6662171653053798,0.12294465640212127,0.1113830895192881,7.3006095786034875,0
10.783497394856017,16.789461022107275,0.8656870353545201,0.587065413348802,0.9489194448685015,7.110282796691122,0
18.18730491149499,5.235640666439594,0.1414312880258628,0.5056558896402157,0.11218766606013275,10.389148643947085,1
22.539159373955226,6.235565199583269,0.36610566221644936,0.7428665843155082,0.2570700480472482,5.585141839170853,0
2.6720726633401317,0.6944252878081761,0.04866745484083501,0.8923062282318597,0.18263399299945715,3.388973295410416,0
0.5647020055543028,5.013507939139545,0.029631885976391104,0.24668185743166193,0.007463820411767963,3.9112633996735795,0
2.7310211080404208,5.498092037924936,0.9896584966717438,0.9229919866553971,0.314134774098044,12.379656690308154,0
6.471448693617598,3.4381541258801533,0.49347150830638464,0.5179917725540955,0.9741788715987626,0.07368894308201335,1
2.1182450162049737,8.843296015072925,0.3555190186352464,0.25883491818511717,0.34190330580935646,2.602613025767255,0
3.435230430680443,5.687193426950743,0.2748770766250189,0.8457858381026093,0.5043048794677737,7.063867242594176,0
11.351762447888163,1.4808757402964163,0.9800126449449591,0.0355299180290225,0.7459357839217814,4.789110031072317,0
0.14058243433852255,7.5381468518200645,0.2522507855216837,0.5595093774729606,0.5510801020792161,0.4332608701427558,0
14.212318660977962,5.794014288984501,0.7257083957377433,0.7216215350299666,0.7435915074123066,10.399377613529824,0
0.16915344999910903,3.4341344212067275,0.2837580958059338,0.27997768715614324,0.6616358681905152,2.8997127369121865,0
7.660386977437488,0.22285802499970803,0.07048950535691911,0.8634919175632179,0.6085630229990148,5.369623452008141,0
0.47242234146845846,4.397052410849193,0.6832766145179413,0.24028456335798487,0.6496489072117452,0.13184228665495584,0
2.5603998759251376,19.96184670558526,0.0016308476298648733,0.8398742827317391,0.799164362078251,7.042210376126347,0
4.672869413530782,14.907452712333386,0.6757485115605695,0.07854496383245724,0.7101913948011042,8.041013203106203,0
17.402363252022262,7.106474717274929,0.2503765989898231,0.1599275918684313,0.7917749207051915,1.062691799979877,1
1.7265807474072923,1.735748321847169,0.7461042320715012,0.38098458390190815,0.14559763828353134,1.8430030642416027,0
31.087313015819056,12.14382435367697,0.7697501673506494,0.8540555127981793,0.6776737327105403,1.890055798963458,0
17.425504762050473,13.93223191014249,0.7241072388175379,0.14458536512678244,0.7370219123255332,28.706339612912863,1
0.6336976816793066,0.39093946576050903,0.02448344146761039,0.8754382397942415,0.2999664324968345,1.5202421663658015,0
0.07147561891658281,21.164817611653593,0.7037366196437684,0.22973152661279372,0.8745773278432823,19.801218831366356,0
1.3582693716187144,22.39912435401501,0.9901456140557632,0.45250839859452874,0.3047116033027004,1.8060708128488312,0
7.797134677720982,2.041918762506414,0.2426253685256229,0.35273440426033775,0.2438321193764973,2.684796628211004,0
49.352797186866205,3.5941876957017795,0.27423857222533854,0.11812622661452354,0.8670968154805112,4.541177429654664,1
2.8415606744094895,0.576498317943665,0.8135265495805395,0.9443097395191401,0.2470198381164267,9.978620024424515,0
11.18119289137024,13.237145766920309,0.16039680505608056,0.4381782907522135,0.4155024624318001,8.922530599099368,1
0.6710438949559168,5.9901260710775315,0.6605836755045515,0.6903312613561945,0.3679228300368189,4.256287816341829,0
12.491273239933463,10.121726945037327,0.7550263775005784,0.5752676766640311,0.8980618225582724,3.9880810940861355,0
15.905207936173614,8.712468004579154,0.03716066181935718,0.5017159168522074,0.45523573828796426,0.27894852176652396,1
17.736034164505977,11.09271627535763,0.5537620942652262,0.616577623556849,0.6943089332962156,3.64726320359983,0
18.006375629817207,5.039508820117281,0.5758772585358829,0.8983423062024289,0.794038904643829,3.7627684264581496,0
13.163949830999437,2.376373465576616,0.3034428973917942,0.6993123756941095,0.6279035807471762,10.119815892204473,0
0.6783406419252576,4.755725915370572,0.8763446693975172,0.5324800794552211,0.9436944983249147,1.951723568600317,0
6.592707949592883,1.405962796477561,0.16274971929985638,0.6451859606659763,0.8025075292560081,2.556484935079253,1
3.490705048413353,33.828989558495714,0.3641947095058605,0.6063942805090216,0.40020662767486315,7.545358074689693,0
3.747748160042078,4.463086053081123,0.8486686871473293,0.4331212074863131,0.9508118432576832,1.3906130355806623,0
17.868913520277733,2.6369982895007773,0.1906427566059925,0.6247640101304504,0.5245748332713341,7.408512440557318,0
17.240895859067713,3.6025624664467575,0.821374136327675,0.4435698001641636,0.022577322944895895,0.5473688145270927,0
9.355156117805882,3.825622522323502,0.07906917736795571,0.7576143778719123,0.2600132796528968,4.004951943923244,0
2.012512159068269,5.6592814652843675,0.48922906718999004,0.9689124835222855,0.6217295870372666,0.2664024615831439,0
8.819521004886596,5.689101653395295,0.07533066244570341,0.9598653574972292,0.15681490232443673,15.84757225801451,0
2.299445076942755,2.860191436142177,0.6779035850615143,0.8207357864249805,0.5840680448932036,10.030612732702181,0
11.876324959368215,5.7779247172568535,0.7906014890556002,0.6017588970594852,0.3615980223075298,5.759466838574387,0
1.5476671235380308,32.694984650759274,0.8498585482468028,0.7493319880707405,0.534385480058274,3.3794592181444645,0
9.47011046491994,1.0437908813430024,0.9812622507439888,0.1780482952575544,0.0018748478732528717,15.790942034971991,0
3.8021603831188857,1.7084167725653083,0.6720157222995868,0.47901845731392256,0.8484213546686984,1.790523125229913,0
0.7559227850027226,28.749067488158595,0.7690619138400203,0.25730476499136434,0.36192548777552835,3.113291866147369,0
11.040622482049363,13.800478997458972,0.5057582783213294,0.003494981109347095,0.14015843427795305,0.4906017659867254,0
1.0155265696719702,27.201570367275725,0.9127369011811262,0.966737574672076,0.43791585700507996,3.190150133458774,0
34.184183562572876,9.968714514879393,0.6437583821994626,0.8638485618518413,0.4861772934888341,5.9685397970741345,0
5.270876842222231,16.703902193322335,0.8835514062513434,0.5136986184699268,0.6374027104961889,5.266169787200395,0
2.840962045823566,0.7229608253573903,0.23545201701388085,0.2541522881190068,0.5245624403522797,12.244849250302071,0
1.5955412024393947,15.952439763537928,0.4967377807180643,0.6929752101992367,0.04352358206706264,16.164115343167655,0
5.835778279551558,6.649950391498174,0.729818921063804,0.4348010845499275,0.8715123220777647,7.311340882582168,0
11.12891097223308,17.364209377383443,0.20272175456268327,0.8033495334226994,0.4565089317869613,1.1396477886400938,0
14.209575163587727,7.563597701290361,0.21133979326197827,0.9995181101809494,0.07698777253300892,4.642453819242534,0
7.03232509885013,0.06598155688047609,0.9780427404056374,0.3490826074898701,0.7728282365291851,21.69174438115779,1
27.101273629254436,3.0793681839688505,0.43461036073720605,0.24440304347804775,0.6601544187830682,20.56889640883535,1
12.412829968218754,1.853827930927081,0.18181545292377166,0.26738248879475823,0.6494377727692218,6.705983863907374,1
1.4274990900101394,11.061259400825834,0.331463881981506,0.09334624568067196,0.42691400173556104,2.541909660568834,0
25.88889276342594,8.846360662606,0.3973761482659256,0.3940461965001554,0.4104970626209884,2.038311124781708,0
3.230756031223107,2.9292082458938693,0.6230852574702211,0.017425052716909306,0.5363386363873428,1.1158070080177769,0
27.199845443153738,4.32455068289561,0.9230146590477525,0.1143955574012756,0.05059441289910327,0.46392668592175645,0
2.481841409954204,1.9973387640456586,0.986590075922091,0.2716957472726703,0.29895776421792086,5.947506945963001,0
4.206811270440859,1.814086747785564,0.6516987589111125,0.15986277590948073,0.9878941735623735,6.901571714008867,0
9.169465059171285,0.8712714720651704,0.6999223607977247,0.7321590995007252,0.6621924891280758,4.228825134993138,0
0.5894667206814671,5.984768570843587,0.32182916969658903,0.10560479086790031,0.4189341654173221,16.368732558751862,0
21.07218598942095,2.5354183927131144,0.8571585954487491,0.8659941050245247,0.22236310294045303,12.116020009068418,0
3.588982895709991,4.910913400762209,0.2177983352203149,0.22111450371095287,0.7452093619002335,10.289921652932035,1
2.0742800320337076,6.84402399457412,0.10638064931096758,0.10859061697156769,0.2602903097061914,8.401698634719562,1
0.4856559428574552,7.13810293536252,0.9732559900976508,0.010106644431258527,0.16237010384629535,6.380946832364856,0
0.20377949101489473,1.9224137366653888,0.8641386768205322,0.7152050043221464,0.15451490023428727,1.0610162452192955,0
0.23322420168206343,2.8923770092976686,0.30364513453813335,0.256616745938542,0.7292632791647324,2.246421887921691,0
3.050500452934562,0.11443719660962011,0.6751707163810492,0.5094986051377748,0.6428102542887174,6.954049780962764,0
2.921096726404096,4.305694939903941,0.4670183574131995,0.11161604667215574,0.06980609937123061,5.617818523132581,0
8.164504167311684,11.119564848409961,0.3231282061454709,0.9852959232362493,0.11504281536220251,2.8822469472347887,0
18.32011194354104,0.29675336519126655,0.28677421076029486,0.1253847390699553,0.6338468673535771,0.21926955889329444,1
9.380594177287858,14.555822569919295,0.13602744522090648,0.4119259266418782,0.571116101872159,2.2849342212291934,1
8.723673491932669,18.1903859888244,0.5493180822758392,0.8516495023344659,0.6859990603718135,10.281048207085403,0
4.430719418153257,6.697344440610572,0.4465966901175078,0.24488694848040682,0.17803890836326197,3.517852851863025,0
7.74416901526799,14.589369458931275,0.5121864202999443,0.2669717853461734,0.7265879062171671,2.2539469824750618,1
6.404998441368116,4.95083819334582,0.21535716747940448,0.8084995158907329,0.9360964673305497,12.122720513768448,0
0.42953257370336784,2.6352053768898442,0.9386106707732477,0.2733396571920127,0.6010503145354412,9.032165433767489,0
2.1497593776130643,0.5069758279092496,0.6385911963305415,0.0028713110948129783,0.19613001964278387,3.7374154177250194,0
2.07412230989458,0.40717346102289653,0.8996006573833368,0.4279137204899498,0.6795438552841065,0.6586785730864696,0
0.614869570804009,14.674237187737356,0.10927116603275544,0.01253520967847499,0.3430816835460644,5.119953688203713,0
3.65940838189905,22.121287709761337,0.6228509658561748,0.9097922838293668,0.04928774638572142,10.372788513797683,0
0.4745174533116832,6.331760205456716,0.8494618186441611,0.6418132241792209,0.30233869535249847,3.0117587799221086,0
12.034431620486176,17.851945243069295,0.33092077981446666,0.5830142662212422,0.905585101950132,1.1681597073739673,0
12.31812340566935,8.204555263022861,0.1951431691359864,0.2015895108623631,0.4111393201759752,9.774324172289619,1
0.8618777560448371,13.426783849466688,0.26502130580561967,0.6999461854286363,0.8646653380310924,5.537591097048354,0
0.6893802064555288,7.559507932913945,0.272933726749799,0.6772546436783458,0.5086593435227916,7.442416379507616,0
25.037863092798347,7.221175773395235,0.44719896492353517,0.060463573925364944,0.5169779889596,4.6405606405139235,1
2.5096659072634524,3.411044622814602,0.32596360277933156,0.8808465308105725,0.005216321064894336,5.398987890961381,0
5.636297236320152,7.530215465744452,0.2712740727079913,0.5794133629298055,0.6371040732889721,0.5472018708032157,0
4.9177890488332725,2.4045847228309114,0.6485122984051379,0.7924668810386102,0.10781384503042024,11.352094956780352,0
10.185874546726149,0.45927357185851403,0.05303237167188446,0.2629140721288442,0.4787484146820543,3.4828866241930756,0
8.292369114221952,6.139814613377895,0.34036377813972996,0.12204779975345414,0.2603168556580989,2.1178677358841203,0
18.307955942917594,0.7885735667356271,0.6897519659404748,0.7024495731867846,0.39238296582931487,1.73636278925648,0
1.5081011275774499,4.547334464713116,0.17584974928100594,0.7938826862551621,0.5370773556668008,7.709658332364998,0
8.260848142933341,0.17652664518083333,0.22092786221291238,0.3860335336192914,0.014464114601972833,2.9283175942654927,0
3.4380683342032823,7.633040922837192,0.20066662541291747,0.02369227531631124,0.2845835832716228,5.109350846759765,0
5.718572525394483,3.027619907486978,0.0009261067314049187,0.8182540246538645,0.9896119342918649,2.011889449781887,1
33.15614688049781,1.0611012905674553,0.4737677518315727,0.20609390633044067,0.057399125820559616,3.132080778071043,0
4.329211225157388,4.279671324320071,0.038958789416123185,0.3390319418974882,0.31939348815736834,1.618880928096961,1
9.432441679545251,4.028270483001506,0.2729398117749001,0.6282310077771303,0.32142147496464823,7.643187925796676,0
5.121509873672058,11.798917527384612,0.9948034245919716,0.09995471921130272,0.3793859209327626,12.125568381009602,0
1.571494070602205,20.175637149079158,0.9183962113902998,0.07199576613846315,0.6847809184423453,0.57834448769074,0
0.15709654169367304,11.269031916794866,0.2150758081563342,0.02570377157527426,0.2477437986829646,4.4275881921575335,0
12.477891554393382,1.019854532828885,0.31000243191393273,0.9166398602394554,0.4602693441360528,3.883152944259212,0
0.7650332975815596,2.143587388265358,0.4637045822685515,0.31138274426865564,0.6448635668524492,3.2207423985244965,0
1.569992881602999,50.71498410110699,0.8444135466592435,0.6606588151171319,0.3223220583285886,12.244723535705395,0
7.304383766454171,4.175592749290735,0.8026459413930911,0.9892352490177422,0.9487725805032546,9.105883000570541,0
2.9874007912798395,4.073170890830919,0.12624143656628217,0.6694507935619435,0.9796726349426813,2.975843140625964,1
4.895261917966919,13.464514943400081,0.12444884834835213,0.52509479585618,0.11967356768751114,3.661097445104285,0
5.005809405427985,12.991365194100627,0.41673225389404467,0.5209199335172385,0.3438198844008101,0.6127936712556339,0
0.1932776040734401,1.1207638033859524,0.8700953896137721,0.3769171484555517,0.2079720698064753,0.13848249204552296,0
17.652370438708026,7.215238079240872,0.8820849990955023,0.5997796559550853,0.18678959555711516,5.824802603901553,0
32.44770423907592,0.9957535836857282,0.10736584968653018,0.9587913895457043,0.4909798383382795,1.4981361231189658,0
5.476509656277409,14.541166430584543,0.5742972879655516,0.7880440336983101,0.5638271081348789,2.454986661071617,0
3.3044711459584857,0.6282965170949525,0.1556751971251129,0.4242266170332375,0.4256520405975992,10.527716019577804,0
18.165909798525096,6.138892406079249,0.6861293100027828,0.33244482903253325,0.2725548730973607,2.3372792705520298,0
4.289267124183827,16.63759134012271,0.9164332479289065,0.8835315296231214,0.27862157425363965,12.563257673040969,0
7.78759514154201,4.662116157035977,0.4547692924755936,0.1357858256265938,0.9921281563407308,4.861439765468344,1
16.550890349330032,9.942932775207508,0.0830827746920515,0.8495852569643018,0.9236773739902505,5.679482722489015,0
3.446096768142233,7.095558404799635,0.5792541958945455,0.25507676134233237,0.07589884098935717,2.5388427286650983,0
15.406141724443048,16.000999967339304,0.4085166701358547,0.7156292357759177,0.6565506519961256,10.332623766765996,0
9.146392098326025,24.476382776696482,0.8108987523339602,0.80622058077483,0.4568776074848443,0.14943772316546233,0
8.211291173667837,10.111865115530813,0.34034446392638773,0.4769965172634726,0.688814097199162,9.592404121776193,0
14.124668676058793,20.72687613753987,0.8748972004725892,0.19228397614227433,0.5969607055405535,3.831415483773033,0
0.11694303645605794,3.462597917714663,0.27370040763478487,0.8447677434623754,0.8892524000824175,5.709031453011888,0
2.9865741884335564,6.312001977159985,0.15751763588868595,0.36750834505331476,0.06698831428882501,18.239337627995774,0
1.804387988982655,4.777323870433227,0.3064803773185799,0.3206802604825193,0.3495979120577055,5.636538314351024,0
2.629114643405315,21.393979022506034,0.03491579182274651,0.5100161823534396,0.9854941257755847,5.236462216407257,1
3.3777133552400507,13.604852179979858,0.2812459668742413,0.4350862411039177,0.18228534899061677,2.23499379883166,0
2.0595361661392264,2.9988477625936283,0.6601176338820307,0.6830522170387242,0.12733343950664722,0.8803317294511861,0
4.770017785986691,3.751515113122027,0.14228297855659233,0.13719780837266538,0.7289720060005754,1.8755658478915618,1
2.8236032299566216,25.23118017925336,0.11136497278658797,0.43568965404787297,0.7774351600174635,12.788314866717005,1
4.487537862511611,2.2060383401631705,0.1323852912543504,0.891701811225204,0.6722735476746602,21.36148013788976,1
5.206653780227803,4.076322202583264,0.07755167426146636,0.03606270943972545,0.7761958287599253,3.1940523837630193,1
2.1683976925563226,3.6514514330940484,0.8746354118429396,0.4573383331533264,0.6937215720931722,1.5016158988832287,0
7.7616640293293,0.21581780247500396,0.9441151154965282,0.6605319663852102,0.13577068228917677,3.1433875001512215,0
9.40653671272881,7.140033024467801,0.046561151728786276,0.8877110870419853,0.6082218974785071,15.036579883145889,1
12.461746991864851,4.307564366108968,0.7600717815435403,0.5937862269331757,0.7768766825595325,0.3504886492069092,0
1.8373676066209095,1.0556442919725908,0.7371517467171977,0.8244842712393285,0.8655166063244678,0.4462130249126963,0
7.936008366290354,0.14024068028896494,0.9969094246100404,0.22269101895928645,0.24623524268370767,3.1312394493274804,0
10.975756796998613,4.410918880454181,0.3478706617210682,0.35280943622785954,0.12743076093853856,9.410943734868855,0
0.38128937022157566,13.744544910559679,0.2855089916904162,0.9421322739280427,0.7810904435825796,16.616403144311636,0
4.562412542605381,12.346940246087726,0.45308212080982724,0.8859751130926863,0.25654834503566537,7.781641172736485,0
7.605335496665549,2.1751151598319387,0.8565751771491905,0.5579529826887045,0.03192947832088733,2.7318583795696756,0
2.3810119015368354,2.8887517627120998,0.7285936425378988,0.47548833779484523,0.8252135636493042,1.7288251314571177,0
14.707758088161093,5.316259139267949,0.47162381396750275,0.4510673914544585,0.50599113381086,4.868423535370702,0
10.36161129697319,0.7649285296852447,0.2445628432858732,0.05878966156701604,0.32663313242842196,3.0085277199306804,1
1.5180017010849005,8.166459177977805,0.7270157412683711,0.8923771039565669,0.011429105231549164,2.696001074306067,0
4.774320547798243,2.381694088123879,0.8545268680421961,0.8181495084153355,0.035327444707947686,14.320482052468677,0
26.823452094821906,17.034568723640344,0.39995123106749086,0.4562511447278671,0.7926232705602947,1.60505471412473,0
6.383115304428218,8.353329389241727,0.6685854458209842,0.2794399727194734,0.48970588496486445,11.395098329130601,0
11.375370997003838,2.9907914878884387,0.40021202117659815,0.34292060642653055,0.14972204929646016,4.731588179846124,0
19.790839894668707,13.257349257316575,0.4784934381414848,0.12316058587288947,0.35850562724901813,1.665819991419928,0
4.743209816607345,18.293257546328718,0.5249103799549136,0.7217897413057226,0.1653051475375229,3.7987812006743766,0
0.7764919980316228,6.274768116155344,0.7757258140222779,0.5566698565548577,0.11288155318038662,3.1403146571440903,0
1.9846816172275181,2.5700705832650264,0.9775059841289311,0.23410342282489494,0.2763078206741436,0.8639935996948664,0
5.306784065452511,26.56205241763906,0.44436616263823236,0.6230055720776897,0.5495085474623974,0.42199305135003773,0
4.694412637747217,16.17828025282934,0.3423150062476059,0.9792302142549747,0.2100066078122269,2.5260613031218537,0
6.489669565012576,19.51693594155864,0.3735910064723913,0.1223951354761792,0.3436710812847671,11.573176904738457,0
10.549469878766523,8.939080161153749,0.13388906937518164,0.45848501062532776,0.47793088395645966,3.2705814611951407,0
12.162595113226505,8.356312685787813,0.29693873781772273,0.4941588209221267,0.4200297391831519,0.04360745322520344,0
8.529814410659005,9.525194368478793,0.08644741326880623,0.16679721382380241,0.12862779912128963,2.8590675769664116,0
22.882844729348644,1.4416641355508946,0.42789426317924717,0.5315802109973148,0.03886563553588818,0.5058764261775774,0
28.920894931582595,7.499719495929531,0.16735726931104888,0.60597725854809,0.03545872694893892,4.114917628475757,0
10.440672396957098,1.5246518615450537,0.3464067459744087,0.1573445388184953,0.35017901802786733,0.2604697392955565,1
15.573228649499118,2.380200441963599,0.7935777493916063,0.1547238990088764,0.7188020785373228,1.8559891665983623,0
4.121074647263469,3.162626862369212,0.24592765058913602,0.856348715633756,0.13125529872927066,13.285517133509025,0
1.1538782118117243,11.576787343278292,0.611894621342069,0.31138743667004487,0.7869801163644256,8.710886624159075,1
6.733390109077964,5.755245432956338,0.9011814192486128,0.630333387078631,0.7156743093138368,7.0403639970983605,0
20.722476774998345,5.747152236871001,0.5669291870295469,0.6267730756752141,0.0039434908856111894,14.316886462250293,0
1.2801269892959148,8.614739461511782,0.19379261277241266,0.839170875582635,0.02674787298184511,3.450668863331198,0
3.504553710005081,5.709241953415147,0.3447661939659543,0.7398946312315234,0.19503321553805164,0.4668902231940611,0
7.985375388852189,10.083306878922468,0.590369207184066,0.8405764334382778,0.05612091105058503,5.157385006617702,0
4.594460753911607,0.6167930624015218,0.5066111397598535,0.6252147896506657,0.5313431052703059,16.180426678491436,0
0.4286648828230861,4.07262541233714,0.14861983627690378,0.449457160513994,0.039627261458415775,2.497024637698478,1
33.241753925043014,5.967368902716326,0.44679634469056895,0.3935665213130747,0.8026458379953977,7.1985218165975144,1
6.216663736506406,0.9335054029953938,0.5430666949102484,0.37902976666143584,0.4929620689458105,2.0251409017933546,0
2.337057863898234,4.916203719845389,0.26733271445757245,0.4183930979091578,0.7279543666724776,1.8336789289884525,0
3.981945671951816,5.013705648776978,0.6124455153398519,0.12930925215377032,0.7507025509358412,9.777264314787228,0
0.23571324271183566,9.834269394110471,0.07016009948520985,0.423958371003167,0.5067639396702327,5.931373127579857,1
6.440655158486539,3.150727096156315,0.3366070335655168,0.38944490720262115,0.9253628762534661,26.66284328464458,1
13.166855893480594,8.778985176945008,0.8042768327775744,0.03457166331823147,0.9902407738553081,2.3972302157880616,1
6.456513025789108,10.9376899239998,0.2592848009081554,0.27513075532634,0.35921468601454587,0.4828328513439231,0
11.879638708153974,9.437571064164748,0.6051768500030782,0.7519069747402168,0.12586414024923354,15.65691414359292,0
5.404010262862656,2.562308609419779,0.41002971371031194,0.5779455714096253,0.3632381786478669,5.890336354736086,0
11.65454322180873,10.447627778728076,0.3164601424152468,0.8061674967560302,0.2233538970142701,10.697465389663863,0
5.656059871718573,9.611358537716908,0.9161316879100269,0.5426880443807649,0.5310056670617501,4.985417897894128,0
8.179626071625774,3.1201740593636798,0.3432617180803835,0.8540837654752674,0.37838760125240145,10.968960228411706,0
15.380078044117052,2.1289465094137374,0.23667590148701834,0.7960670996017167,0.4804494142867909,3.8207669026010374,0
35.135919314164724,2.9938502726513763,0.9093013156402705,0.09828457014224712,0.7631875760760015,1.0774686622494274,0
4.304538908904311,1.3858316161332327,0.7459443559358149,0.9770063680159924,0.27402097454185215,3.581818445826266,0
27.561554040939345,6.56596785118564,0.6817997136981974,0.014747446901328787,0.5374747246397255,1.188597412160146,0
0.8963715082016359,5.93408108293621,0.04953494206687581,0.5968380379296185,0.3351612493286884,3.7810970804775517,0
7.268154347577474,4.7569179500201315,0.1312049607157758,0.7925115093167623,0.7849608641206614,0.37162205752927896,1
5.6202039329611235,2.8041872604446882,0.6383399638096628,0.33189413985090344,0.6395366324076963,9.335491720275888,1
6.903091580055165,0.869645730545951,0.2094328365262602,0.5985697922971579,0.008504730510610736,4.347517114267968,0
14.776044192390918,18.308093724556613,0.22563798563035908,0.3621225308474483,0.6600513411052183,4.887895592865069,1
3.950731825451741,6.830782589700131,0.7791385153436107,0.0606149750075019,0.17016200806658233,2.433058100385579,0
33.61146731388013,12.146547691496904,0.28592494883694264,0.008461519089330904,0.7244737902030393,3.30364475542141,1
6.352318095369638,14.3081326496218,0.071587302151916,0.09486203011118832,0.5673386668454581,15.56160500563875,1
11.695472968615416,12.224421451721383,0.0364319473098611,0.0984095941200468,0.4014826777231747,2.6379031007891847,1
7.115391378285829,4.448061206370821,0.4431779872452878,0.6108897773937499,0.6940664292072585,5.148622384936217,0
5.896719936565818,7.990508264793097,0.617128577684646,0.5258652309625133,0.8565932858687801,6.080759303026159,0
4.6024973136454985,0.365079421621804,0.8688852333918029,0.45546330017314207,0.7787437138620732,10.981125727794774,0
0.19500206415621227,13.637958914058752,0.11080439503263928,0.6919214756024176,0.5453792765719075,3.121295963191075,0
31.431331377894374,19.03501614947866,0.1966728262882963,0.016826137012448394,0.7226943202595297,4.084568518219877,1
8.333857787315216,21.900149786164587,0.5298006109074711,0.2709834814157309,0.4139145543927536,5.017609642640689,0
22.079603354544194,2.224234123251559,0.36410836224197507,0.7773927312876279,0.7890261215631287,1.1745085354965186,0
32.351430152072275,1.9928638555485214,0.48253745124549463,0.9099771065171185,0.8290518916228181,10.765558960542677,1
12.393658470481878,5.474948689161355,0.9241246489842154,0.4383365962375816,0.13729383687639873,2.3221156518968202,0
3.8334341051932554,8.188088457295748,0.5448916538646872,0.08148398013846636,0.23803135959394628,0.18171518487083024,0
5.073573002093876,7.358245446280345,0.41512061061207595,0.798728739228488,0.2699887373491584,1.3872189785243556,0
0.7973559016219877,15.988056509111825,0.9894399066997448,0.8851704332727336,0.16608171898209156,3.7755008041097997,0
18.962318445339033,6.046146800313779,0.06521566989953631,0.41366027069371947,0.3925350068974207,2.9689172746029153,0
9.40414254706604,5.816815089282032,0.9321134483711719,0.24335525392027701,0.19303321144961227,5.189359983415045,0
21.98073386764615,6.21035802853646,0.501661842065483,0.04397166822294529,0.5955393109266095,2.6557617724119797,0
19.384758808232192,4.535929893863744,0.5037563377671381,0.591082821894856,0.10161544289761593,4.631953311131762,0
0.32840597386698306,4.39689936255903,0.9219643342032092,0.9098694905624992,0.2699191530267564,9.731222483144156,0
14.118689211918278,3.092124906945799,0.5073239795930695,0.6778880255203257,0.6655206459463567,1.0139442049065974,0
1.1677437646481692,1.2151911619841613,0.4384070905301488,0.31724859789473436,0.3985451231333492,8.746443654134966,1
0.6114234740361844,2.4536371582930725,0.272488592117199,0.6428883242899669,0.4214627418534077,2.909435774864529,0
9.091775079784698,1.2049531686483959,0.6588167668174209,0.8320684074480255,0.7979252529583892,17.04974816249785,0
4.8690828105781065,5.3496185115377015,0.5696450909797616,0.4758300593494579,0.9845115532909865,4.141737303091893,0
12.604455118105712,29.260076568703923,0.21434543694778307,0.8197484899978386,0.5650677832542129,0.7435216902453157,0
26.16635861807601,7.052642194530994,0.7094129150613248,0.3919096766663541,0.07906717146360775,8.89882620742026,0
4.401520329955017,6.295735022943121,0.6440868573366405,0.34850567859577064,0.10290297422363592,4.824461619834624,0
7.3900936583103,6.5500494458344,0.3973338842065408,0.582988625878554,0.9685007220294161,8.139535469424509,1
0.025011510565010574,1.987764631934451,0.00440092190355057,0.46468641769448127,0.6792349127484716,0.5404357950192414,1
1.8492361404939532,5.320540253525142,0.4465811501761877,0.9771119204610832,0.7524691183338194,0.3645699846328638,0
8.970228274830228,1.8307072458176368,0.006058117130251728,0.5163894235281747,0.6757637576855414,0.7008222253204128,0
0.09999299743720043,8.755065003221356,0.07499848929903985,0.38517202891602154,0.17961760169515328,1.5879442768138865,0
8.38367461251916,14.806735544580853,0.4306099024808341,0.39493354312853624,0.448362160824762,4.704816294641773,0
7.941187617560739,1.9812631421068108,0.0819198841853277,0.5479399506131166,0.7980804376193656,1.6655822580938242,1
0.7784803632102661,21.847990258154393,0.27566543378716624,0.3549120380081954,0.8663629629420733,7.114872386575406,1
20.80106569947239,17.763947445299777,0.6554913685589684,0.722906601964936,0.23733551474637204,0.47810444444205735,0
11.61292015908052,0.014160232088321111,0.30861534260941903,0.3806629277016409,0.5959617908338206,0.6147182714059709,0
19.17495008782269,3.5867632003537184,0.9976485941215104,0.3841443865252431,0.15710190273845337,24.356488217320496,0
1.3296747412384073,1.716714607350679,0.9163020339149811,0.6169732493768046,0.9582768731217516,10.013364938747502,0
11.225583985824567,1.3609967727975765,0.5853099045855237,0.06084687269600997,0.2522042889924876,2.0503336905595524,0
3.3624565761450578,14.09929362335381,0.9669471386349304,0.6553549181151461,0.7266351286038967,0.7575603705656521,0
24.36350418148233,10.056833954957982,0.8680172944325221,0.5049722171586871,0.23111294422685436,4.495882030972587,0
5.316037229938403,5.299306496966937,0.31889851884048703,0.45302611428664163,0.6160539428785416,0.543779318865465,0
7.7122857491190135,13.043102906150844,0.7495962459853094,0.7192529907079513,0.6592643070226565,0.28835026731597596,0
2.6065708036427178,11.596611012474483,0.13683178400394735,0.758255782004861,0.3284281034547527,3.057075598129195,0
5.147097564712925,0.7599767024057752,0.6845514243787411,0.8462608634124593,0.8188338654260512,5.6351871083587,0
11.150122677905017,0.6676832988258051,0.49108182649458043,0.37480312081744727,0.8853708982474505,1.3451636068622717,1
8.503861973536575,11.36844247925894,0.016825939252824718,0.3270376922533811,0.855069930253995,2.0303652716866782,1
0.11203789141317848,0.8165553737864201,0.27422982239037075,0.7143421014945195,0.3307982194647173,18.594724887122503,1
0.28677687946941555,15.09986107219388,0.9553822174042486,0.5818048591404459,0.744340259012654,6.095436248825799,0
4.898989532890659,8.282509464561377,0.3158314850884807,0.6318015463518166,0.5594907548692242,16.581872849624226,1
12.05346515222498,10.226447729927592,0.18145445530144066,0.5555229071058353,0.5926283244920116,6.43445917113079,0
7.47167506933269,4.265333902501312,0.18753144657220833,0.7726930232038545,0.47742508525846183,3.976635303530906,1
1.604228042522798,2.4943282901462136,0.479213264641949,0.19004088849215317,0.6002611479688716,1.1028943571014735,0
12.986243306758688,3.2638001670048684,0.8426492406705349,0.5557121327413967,0.13565415803574998,0.12204010815203903,0
26.981760725740198,1.0079815452596972,0.7580017651333465,0.1581017889436298,0.4088472331174553,3.375691861101267,0
3.2835436921037453,3.412717849351246,0.4368520075377743,0.4072519392909919,0.177671761987946,13.411387799871095,0
5.203371311542585,9.387638482573681,0.20872688343696055,0.6639938234160748,0.28010553097142576,1.0005655239073201,0
4.71444489777348,16.53265662209644,0.04606490010219111,0.4930716083141704,0.12781453592213377,0.8812047189861866,0
2.778453889323609,0.5093522811634006,0.46263031948273103,0.37959153667218126,0.21249560522202005,7.2957652579200625,0
3.403148518533504,15.80163110538865,0.8147753485181917,0.8849700014156061,0.7819292557877159,0.5122445616202206,0
2.860274057973582,24.407404207064943,0.7296819935943137,0.7728257144974784,0.5498364621776702,1.1258949393287667,0
1.6212057969360103,21.038689371620684,0.4086007676272503,0.526290785000375,0.023643118512234995,9.80430935362242,0
0.4786169495261752,6.324264523998128,0.5947026719176003,0.9500531556754879,0.7885244838021156,1.0651208172826196,0
2.6981821205776315,15.751054033321733,0.43624652094621763,0.42436528943499385,0.9094683959294906,8.939765645944806,1
17.364820551548405,11.47901123694806,0.5790161097901778,0.788072927588106,0.8804292757826376,5.681709652920659,1
3.108510279176757,6.0800843500577875,0.5175052443935492,0.16793623980141792,0.8230168828733218,14.430641458012028,0
2.1599415872247203,6.669780916270636,0.680966600125159,0.28579247711059697,0.9922164428009369,5.661011829764776,1
12.43723411507196,1.415028858141384,0.507708843533124,0.33808558133395483,0.586401955537933,0.5497040945382067,0
4.139172777879363,13.850416768703955,0.9406109981675586,0.10582075270452329,0.9625876285149049,19.216082722158003,0
11.450886752368934,0.6373826863812737,0.4280281815816862,0.5018048150760679,0.9488442325014275,0.5660058183260148,0
9.29663627092139,9.210514035129776,0.015916303039710922,0.19226013412649567,0.3132387305034393,2.7937065188403394,1
9.296884798003237,30.98020850551456,0.23637353540898454,0.6341858894496586,0.8634337560558708,6.479677677077509,0
2.9116375509267285,11.409683047049224,0.500606858106656,0.1900923595730183,0.7924726655587772,2.208870413439525,0
6.833860562636345,6.463857718414203,0.540571851888662,0.12350625733927534,0.7757987774010856,1.3572203370591598,0
23.226663484763687,3.8075258174497235,0.5523847893120535,0.9690867275989246,0.896280771291922,5.458204484521771,0
10.86494955398368,15.102430323608061,0.7145520982700821,0.6582403058111063,0.3841900099203077,0.7565733396116524,0
9.771501966716052,0.756700621940218,0.2746481426175279,0.9364509147084885,0.4000549658873819,0.39172753395263665,0
4.842632212952311,5.407553337517855,0.6649036790414772,0.48988779199323196,0.6400523092036364,2.61523115221086,0
9.334959017460621,11.928174457556624,0.7040322731192128,0.033402463063374244,0.7378045378143421,17.679370847942305,1
5.8659939050370165,3.2722210659026323,0.4112807526208263,0.5743711704314439,0.8797371026576145,5.4260868413162155,0
1.4367849917475648,3.9503687283465605,0.40216909914632204,0.5583288868357085,0.8758453206592819,1.0156263328808393,1
2.8369486368493777,0.7405766109812228,0.17892478565644976,0.014975605936593972,0.7213396243862599,11.561480538465482,1
1.367411466373699,1.2946497197376774,0.41398737625537374,0.8612420444018316,0.9568927778215227,0.47534168354460565,0
8.753055695280072,0.2373171499833556,0.7868162917070124,0.6199706806164247,0.17862861894624227,15.492927670518966,0
0.8075931128341288,3.423987966744617,0.9089730055498839,0.7446911693761461,0.9503398471800862,4.854408472809981,0
0.7417392703572253,5.885248243771467,0.5936131913179654,0.4939211061575146,0.06419148203362157,0.4170481694290128,0
1.7265877873020188,3.182022221577435,0.2993703433542988,0.618402437908263,0.5556218811919182,6.826690122871898,1
3.807229477307645,2.7876710783768632,0.6822897186597314,0.2574698932285242,0.09019695700812225,4.197986769301567,0
1.4070960157631824,9.245521860627266,0.7401462086960039,0.9737577677686472,0.5680009751981364,3.8373638900865483,0
10.496327014260125,22.13418631766565,0.33221277878066235,0.4007200075476651,0.39010971245571946,4.010210203546569,0
6.190699372062193,6.024119643763732,0.8265478614895467,0.1623266213376291,0.08160943150238686,3.2377703737132286,0
40.913927902878804,6.301693113724022,0.07369583213834008,0.055915418374627324,0.6481168050241883,2.6956918404618238,1
27.310110306611,2.664305697185813,0.010753717600025525,0.6361719330853711,0.7311979996228418,13.311200952712689,1
5.738215575489239,3.7386518131526265,0.12297077263205258,0.9833798511764558,0.1741854136199813,2.1290793787956805,0
5.0904511341899825,3.295849244074373,0.15600834782750972,0.8957944968462817,0.6944367193087689,8.026270508146023,0
0.9578708406841401,24.517060596197126,0.8789290329477213,0.7021045674864136,0.1790475491477329,10.96006069843834,0
13.190616900519196,9.93719907865705,0.42498170222128084,0.9905979289928608,0.1373964493152765,11.661617509259742,0
28.21109480707634,12.280598207816471,0.2749316919703817,0.7228282620421065,0.14736326652474574,4.599744179641178,1
5.268760819440182,1.7160155837926008,0.42907511598681936,0.33925112340139596,0.5990784689543349,4.0988747245141175,0
12.640010235366834,13.833702762121911,0.3948408927006323,0.6012181330601731,0.7787908081266032,2.622816162369468,0
0.16726456162703895,4.65405085975536,0.301461667988017,0.07976664248556153,0.5968937014738136,0.9284350174834297,0
59.099977945655404,1.192093526925303,0.13789958241196532,0.22168249022254083,0.8093514530182451,6.739235664273167,1
0.8494380331325544,8.203495799596785,0.6559154619738806,0.4175402359284922,0.5914773410703692,5.721627810168606,0
12.094990238680042,1.2760822695650726,0.13660440277965535,0.20181849356304526,0.7973212473484868,2.15228502563719,1
0.43600429791358886,4.832453138906679,0.7754244526726743,0.9535010148281706,0.9765225011333006,0.3262902852735347,0
2.7494214425580514,1.0552906123366261,0.2016880132804536,0.9955975267446494,0.3909598079682246,0.49185271630931515,0
3.208681397323452,6.305402794902636,0.7313713071333117,0.37093592012166543,0.1499421769268947,3.0776090024389573,0
8.466983405270362,1.8079340532999033,0.805586105695467,0.7092289860771986,0.13539681170495765,3.4029084666416027,0
0.5327044421468196,1.9280672099781182,0.12532600977445074,0.40777073066324054,0.597477596656598,4.6632895402559065,0
3.5963964557391304,1.2980021455462758,0.08674576828800407,0.1395092043862064,0.547103065855342,1.402450247710295,1
1.9398543781538098,0.3377102969890691,0.9495727706536599,0.33692684770210857,0.18423537854203076,9.0923506572309,0
0.9718166040355225,1.0717675370447841,0.4630468067525807,0.2333716987156632,0.8821049626676735,3.0374901904356353,0
13.474485349707779,11.922440136029357,0.6302354949729884,0.32807822040741974,0.9567483684541884,2.8272977472194305,0
3.848425538370504,3.7754505929005058,0.023260440121767756,0.21502168839771651,0.2532156431033017,4.730155635073649,1
0.7842481559461362,14.308939106493208,0.2787101805563399,0.1123451190582464,0.20688293090106702,5.026330528846117,0
4.584539835101532,21.362236958529273,0.5053976545593862,0.2174284293624129,0.21392185230754723,8.351560856477967,0
1.5672496947734778,23.15622743795143,0.8862183133894039,0.9057570318298428,0.38742152969135946,0.39367303840203005,0
0.008838766407594028,0.5840413096224983,0.2714394175643763,0.08522167577652873,0.8532271752989463,5.551479909631559,1
0.880395295581926,6.26685717140886,0.7751913198587196,0.3247566437552345,0.5959606099411179,4.1777272079465835,0
9.561216034526765,0.8553436220050518,0.6622129282587018,0.5284498945026354,0.06755343173266992,12.471461565503311,0
0.013889461677023273,16.997819379532505,0.11527076780574497,0.3545126561783568,0.4729790851720672,2.6103732740146905,1
3.818256982816801,12.146513363510728,0.29337517279199654,0.5176070950188872,0.09033168302809258,5.440269134328101,0
5.603596904732905,3.589870073992244,0.23786403643861975,0.04342006023435396,0.4062141140084401,11.116290565385853,0
2.388604946384056,3.932939735860617,0.4425275875732855,0.6485696333643778,0.403520142303317,11.427032942966626,0
6.4389171393186615,6.4963201847189325,0.6353342430475842,0.5634788015560602,0.6483526657096457,3.247314062305966,0
14.619217793230412,9.376191769316337,0.43341975550850664,0.6809662658546916,0.549453966963101,0.44619110048285143,0
5.007327078149989,14.876145873181732,0.24453657575180598,0.567257815827237,0.874754782339086,3.8897811070085044,0
4.698424298747451,0.9266759630987904,0.6958787682282754,0.4379035824256632,0.016275182665472343,3.93731029377304,0
1.2131813694527556,6.589595547569215,0.5844710947114898,0.35014154229408245,0.7739988220946491,12.083021355982291,0
5.053484148262247,3.8333577958110108,0.5193139074156919,0.2264351900997762,0.022658340955841738,4.587377082850122,1
18.55320719029356,2.5560414062372634,0.5544195974459784,0.5000677268066126,0.304289828476366,3.2830722401820984,0
4.6642878296578365,9.841437368309549,0.22190064629382356,0.026052452377506974,0.8796631381795634,9.309853522632908,1
5.83187539953775,4.111415989921886,0.6804310610924562,0.32824082809932575,0.6904141716771217,8.202071358562423,0
23.011580801777097,11.304132764985093,0.3875005355387683,0.6778722935645294,0.1719966783661433,7.36567439110293,0
3.1971285965148497,14.017660363973114,0.3634678197300196,0.10871703968635926,0.49078454411194294,0.12760536989835952,0
0.3607815380951357,3.7867987602172706,0.14973420826677053,0.06289124231952858,0.7219041809779858,0.9929051969085343,1
16.807905967352927,0.13577850267709096,0.5968373345504464,0.6521786052913653,0.9373433213395294,2.3044416948718034,0
5.529012283715222,28.205303363935162,0.6026644105465065,0.39777472114235024,0.6343211992182037,2.199463974496241,0
1.1433483930714914,9.781344128725664,0.34030064366652835,0.8018250365493811,0.024675411432927286,17.52413574470588,0
0.7020577795328088,18.16581178742182,0.8598500568655341,0.9373113039713239,0.49970185969628356,12.695993795254205,0
5.343505864120003,0.7588731441905964,0.8454578987154283,0.957040453732577,0.15296163917082772,1.9881241481093925,0
12.556231318616659,1.1146325438760154,0.1090543064824313,0.4255928538941792,0.04777955047492133,0.37117313509509275,0
0.24832134926420246,0.4930109904838215,0.6950383878099182,0.2643272242750323,0.5985106346815843,12.80271683840449,0
0.5824692888275473,1.9660199373303957,0.3938347561850223,0.608613738742478,0.7769219025104245,0.5048436647113715,0
0.8931631299329984,0.07052956112301013,0.9997148510628928,0.6281929259282364,0.0360605554964043,1.7385160299699094,0
1.3595719514579985,16.778403706260363,0.2250236296846524,0.6223449360758967,0.7835892709655194,2.7100087947246694,0
7.980172612904051,3.021771152159129,0.2805242054144894,0.32177861371888117,0.7063878798115087,0.48768595075207205,1
0.4519430176009897,12.785995554032413,0.4421062945557275,0.06375173641730303,0.7519868881683613,3.728975960322537,1
15.264668985822862,14.293338749046832,0.26871514868066315,0.21000483882559895,0.24472837271570047,6.497823575175942,1
20.148054472025386,14.178187274517104,0.6919933663865142,0.15441942802223374,0.3935954554934291,3.550990197584568,0
39.972009729358525,5.303256324605951,0.48090811218148055,0.12390034578331022,0.11975082720721897,4.344645828515944,1
0.0783726007374597,28.16554425633284,0.22087883484954018,0.9262833210715731,0.2388909502344665,8.101135837597568,0
1.7317144033624483,17.728347195765636,0.5063740694865626,0.013847645973967926,0.3027896714774301,9.327405221537761,1
5.873828406717523,25.55148934131627,0.8887877663650384,0.6018577392363217,0.31943663953678614,0.006610124438663551,0
0.5592438261403437,7.083722190658533,0.7923956468500528,0.9474737957401368,0.1750398880968118,7.029269735914912,0
32.915325378604265,16.347357173496903,0.49882892442682103,0.3600531274941279,0.18871179807114336,2.8207672580431358,0
26.84917429425392,4.9092114071620205,0.2884926031419477,0.5270980891724625,0.9014703997921601,12.394503677116429,1
5.469634065071885,10.588642979266453,0.17988646470252778,0.6957836634751596,0.7838936148156058,3.2928025049245306,0
15.982960078207345,9.620842148551615,0.8783828771868954,0.31716969465823885,0.34447770349143736,1.2294119534727714,0
16.577651103208602,0.5942436650713021,0.7101669404986963,0.47765198770724915,0.9476435394809607,3.527571179380278,0
6.041085525246697,1.8002727096875792,0.5721633031474584,0.817102850332752,0.2389227127923239,19.359082424820986,0
3.910146060106669,12.394214411102572,0.8794346459536684,0.7453556652802635,0.4068204534500507,5.501053574674883,0
16.054393944692897,0.21072664009447045,0.12169028737408949,0.8084494114928407,0.8135253114345706,10.566427384852638,0
4.787937674723085,11.718351207156896,0.6824892860020683,0.987340163627656,0.44288637020362664,1.5939821570056751,0
19.86134515172043,7.0583152548912675,0.21671231241323197,0.370327474936179,0.23462532290814597,2.441181849312281,1
8.087801198805197,37.63266248531684,0.120577441015987,0.7470912629357731,0.36853546762148837,4.294548377726718,1
5.4764877120478035,0.27526513627143034,0.46560851000693315,0.6027845671019829,0.5007210723746816,10.496796350551492,0
4.000054788498764,5.788286580713549,0.3873929297643537,0.6666047672211963,0.6206443836603374,2.0465194975184184,0
2.7397247229458563,25.417242591099534,0.9411736093251855,0.7398739048329345,0.4056064995815233,3.2247940790838046,0
1.764453166997894,0.0696243587377452,0.3239795467518164,0.7497313169463148,0.43130433111997424,0.03952382014945473,0
0.08506483928717198,8.519060617931501,0.8149022590520024,0.8857451492948196,0.2639436128014252,1.5721014670235223,0
2.484584621991193,3.45900681261548,0.7488270004683447,0.3493216752360554,0.5353472984174117,16.3889212051092,0
0.1462740320622388,2.3242944020591496,0.6679238700585363,0.6534813561119106,0.21945623376954637,5.547962885691907,0
2.002365921305324,10.848329815000886,0.9204004729600596,0.28029043159685585,0.8675262181080758,16.670880835861457,0
26.45316211692576,5.008561453966892,0.4079245943813421,0.5945687051169751,0.7473670702663014,8.79734666510087,0
19.785981848089033,6.807757051566005,0.38967118598286565,0.7511751401719279,0.4102789884141841,11.715086941957347,0
19.23291279280821,0.001504463591923768,0.16094742358150937,0.7910010861616403,0.7472278470328477,1.4068977138349459,0
3.203026109839308,6.258438926695737,0.27576207549506915,0.42012450298912274,0.006995941809373019,28.79276265460718,1
23.8678228852746,0.6387343071156828,0.8797764560608707,0.5087202232013598,0.34448922264239656,3.082158827768943,0
9.193830799325623,5.262737349752402,0.474382132911368,0.33384985117017285,0.44030114814678856,5.644895544620442,0
0.35932606387792143,0.7174179295517058,0.34135332219071046,0.1690363465396305,0.4697985075456973,9.16863275851034,0
2.0988824268441415,8.804818531063129,0.21611205508217113,0.2605174051925322,0.7487314777103389,6.528539655744302,1
8.650277190203653,1.5142847754004598,0.484960250243615,0.9121370048998244,0.9628074275617138,0.5487602901969872,0
1.4177084350522633,0.21731008161782123,0.7166653704645288,0.30896954240931596,0.37999713044280303,4.048803159557267,0
0.9488016460441099,13.647374687348828,0.2866920254570754,0.9747593335456102,0.3505998495278747,15.419475100012798,0
11.444776206448845,1.9546009425311246,0.7577165208126542,0.24147808521538172,0.6105152265803961,15.168155875415115,0
0.04773723479305361,0.06480164444974225,0.6297877747249184,0.7230710874810448,0.2812536141915789,6.071826811643481,0
0.28216006535645716,9.566058130256224,0.7875625625397042,0.5739032935718357,0.14135033381518924,3.2602887349972667,0
15.600506221315037,5.967437411360376,0.2509096288749123,0.6968700495247986,0.9615408704921987,4.39658634425383,1
2.79699351673359,7.558336588347899,0.6310281447330454,0.643957946609181,0.8095299568090221,1.6642850077943614,1
21.5164665128499,16.4287292970216,0.1537352794888419,0.7067485835975892,0.9584995530241278,1.288267221234081,1
12.301685300131304,1.6198033708458994,0.36379698216463674,0.905547048435459,0.21783287868391665,8.728474618345171,0
9.19208996795231,2.26495801547753,0.7243600948428013,0.5634694960624814,0.017809214969670584,1.48941191294806,0
3.4226474273254452,10.998802182430794,0.6316683855799359,0.06784878290399521,0.4372615757381064,4.930300542764493,0
1.3782505475201632,3.6233759850948517,0.18786072533752196,0.27082543444689955,0.9336089629915812,18.060729001939023,1
0.6208577488175402,2.3533792337342763,0.8583426720925291,0.7082189804087639,0.1383253388717589,5.422756561684615,0
11.474664036930914,13.40183392784773,0.053350982345181874,0.49407462797567336,0.11718552283459838,6.1177774081312375,0
0.8404054415390517,3.457006893153124,0.5952156885166495,0.5485519826196869,0.06895278424584206,5.104408353166247,0
1.6342754206234211,3.333436391970242,0.9838205002316063,0.5965804553802915,0.7650179989319748,14.15066437527874,0
6.1401481539119125,23.414805999027067,0.5315047318427486,0.38262927298456995,0.7859265338335389,5.264605749646686,0
0.31591341387616323,0.1338777232060076,0.8006718199594207,0.7738955250878552,0.695376055663464,1.0690713489814232,0
8.636302252162025,24.0317372857218,0.5951809731891021,0.7235348838965485,0.05329184512233609,4.17716613259823,0
0.5375476987210379,3.227944362120939,0.7830883149229926,0.7142994121931139,0.7232883358152038,1.580110777635645,0
1.634454512521792,26.172524708208087,0.6555941353552872,0.7153101740349447,0.4486288084616872,4.0872281335799965,0
0.6585721466643231,1.1081673108991377,0.6911320145375287,0.8903580016542478,0.15789442193660497,1.2207423436026346,0
18.6921529011752,6.863708238265414,0.22781115108638406,0.5953927794432744,0.2951260104846021,5.068391815585967,1
28.68837659115642,10.735296624909553,0.7418209135729177,0.9670721994969583,0.5011468399329609,2.2469388441843923,0
10.519163360839865,11.135682841734091,0.23790988666433077,0.1191926843906379,0.32965147226968106,6.804384135889753,0
9.398642464320387,0.7674078092461255,0.9806402751425881,0.6319589765938644,0.9697492267415924,3.544440105649427,0
2.3295154475601763,0.7258971418761062,0.2277871909612047,0.7169265459357955,0.4747417417071993,1.3092091439036428,0
9.036557485854207,7.736519336467055,0.2366840035976563,0.4772204109543595,0.37215051025214363,2.737192620124047,0
9.465597844043948,0.7659471557350355,0.8586731204838641,0.28820838645693647,0.6731654289680367,5.29667790782094,0
11.439279084177704,12.887446179684968,0.24298586196281913,0.550037452711099,0.6505450568559148,1.6113324654039873,0
12.831510834309109,15.028362013706186,0.36090279349128296,0.3647476802907027,0.002439280405267419,0.5224196302839457,0
13.272453617814254,1.2238379073923227,0.714640161179027,0.9091240710678165,0.618473698300743,9.671031068260291,0
0.1568320826031989,11.727139261058156,0.15874858019476323,0.3567924125332549,0.2437689747690337,1.7029811171405187,0
9.40758431698146,0.3991467803679189,0.15907175482750224,0.17570699270212908,0.3752336415879216,4.474255231134333,0
7.822977508609766,25.1160437076173,0.48635842326661893,0.5763891401654528,0.7063488907348443,2.3932082416245404,0
16.495638094621714,5.89975365320261,0.24369675423272685,0.39599259138036935,0.5573862210106958,1.5100898564991772,0
1.0085647675664313,10.536114368880526,0.23565795556903357,0.09589814480084102,0.3686551441550969,10.532321241404015,0
8.984910153222648,10.426243158158956,0.00923892141851268,0.5648423509979084,0.16741035183712405,22.69842060608607,1
5.121716043219346,8.56919474315138,0.37044959119794796,0.5378464111657014,0.5054821872477532,1.3395927620467882,0
5.245517873399278,7.134823990892935,0.31825055461840324,0.1731970866331951,0.3193660235072032,6.00428368670034,1
1.3012161555385464,0.22807694365435213,0.031155810826670405,0.5976381689598429,0.9129278084080751,3.547846577241719,1
11.543920053586687,16.077858847449203,0.6212331782136635,0.567358973857489,0.5343466402890507,12.728707739813526,0
5.673885672680067,7.380247150186401,0.626655182003354,0.773612623041591,0.8659639941704125,4.500270338980982,0
0.872908620261087,2.291473576071466,0.07080047177365889,0.36156992984263436,0.3901810284835113,0.7939686958140832,0
59.76539874479708,3.3831980867024063,0.31704156290945307,0.2487595236636393,0.8274371637879605,12.518080406191602,1
7.480899768269501,3.5930545966439826,0.8728055319953978,0.9512198869707755,0.05653690217207863,20.99098294687202,0
4.094269837835354,0.5339817795299381,0.5821670682445784,0.5612175227827881,0.29811902556801495,5.395556558054334,0
26.08723011146211,1.6699559476179826,0.41197472401198787,0.027139958884180304,0.07817593304469939,0.8857225058447644,0
14.933290989413145,0.16217886002307688,0.4651019284640959,0.8207116841117432,0.03165018071487391,12.100073630240988,0
12.364585302996412,7.159731825156038,0.20827999443580514,0.19675806091894077,0.9188622453231189,2.6925276218551604,1
0.576034825977105,4.293723807321712,0.811881500707928,0.7860363176458435,0.7168687443996798,1.554899691532796,0
8.993860090386221,25.574474024092336,0.9140047054509676,0.7051624271559648,0.6251100644684706,5.923670281933351,0
17.47907765918293,2.1701472469695555,0.9106640422500436,0.9688137242631573,0.532492809411833,16.63372440844029,0
5.493593825556764,6.860646468424448,0.22393439169229967,0.9655793015945262,0.569554036216842,8.4353408172021,1
11.688151136268718,0.552553114373618,0.3107402677764569,0.27441062465575994,0.6386903813864535,8.022230219713805,1
2.604676505412128,2.88165167757386,0.1606227748095368,0.7664495812234184,0.8265797947401032,0.752861208336042,0
1.1975861689035574,7.574270904129222,0.30720113363231316,0.31685508577992394,0.5968885557955282,8.899547151103548,1
17.31498717575537,24.241544348724304,0.3328053721226003,0.6291979388295943,0.7485807631108824,6.887459819385265,0
4.366880524974387,26.15050031990191,0.6331057370646355,0.5977460849545931,0.2809780518297349,4.348237144913617,0
5.723124887893848,0.39872391643116745,0.18964638154812463,0.05454351562116466,0.9767617378164721,4.138399608584248,1
2.8827731194976316,7.775692030082872,0.9193969243677436,0.005181749835357574,0.03189720843702892,0.20985619443101788,0
5.536773834266302,2.021777072464864,0.10309947008530995,0.05776401459480951,0.38657659527731547,0.4711022320707858,1
2.7973607731124703,16.72906359293097,0.006878011034333054,0.1279420475317411,0.8820495515037039,5.745943657691502,1
0.4533975596729519,10.708750445217381,0.8549451286305332,0.2576524913477737,0.18052296268619017,13.532010456840638,1
15.952259285886292,1.8820184987163473,0.7037698077660497,0.9069552232425624,0.14133809293365796,6.358993280862547,0
1.497680886076164,3.938122666423966,0.3553598703559985,0.5186326753466863,0.3654307668999135,4.803194528474654,0
3.075307841619101,0.06285138166380698,0.595499705910118,0.7968917388407887,0.4281947005168275,1.22945527087259,0
15.553362383689226,4.15854752850181,0.22354410083923337,0.8383117521072081,0.9333940606617277,6.206676906421725,1
8.7686955192455,6.318471564568224,0.16838964864537598,0.7349430985905412,0.836119534708821,0.051995001469432665,0
6.97652376774167,5.165989365838734,0.4711491351387228,0.39138512442057194,0.46408963769051415,11.765302668389552,0
17.379925768410832,10.3973568034879,0.35318782972096086,0.8638593938409828,0.972975100881603,4.184687249340907,0
1.4307814044448106,1.1814277729167135,0.6152300505352921,0.7420497533209206,0.6422784041590643,2.7321309870430484,0
5.345241695689671,14.07645711530869,0.2181491845610315,0.7431514434050525,0.8736587319818913,8.462224872588255,0
5.035956550457779,3.7830578162340265,0.6629277005606187,0.9015743271655693,0.24605698048682545,2.4734263251393065,0
27.94567001274074,3.9400110426603008,0.7668615203028132,0.5986634724576837,0.4889640742999828,8.69004418708469,0
13.809233800791993,2.8190251916132936,0.1666361430284744,0.5285744299621766,0.029717213356433292,3.25911825710991,0
1.7645562982009098,12.071302233670902,0.04385828341791598,0.8901625575970753,0.008880193266448844,14.413167395871461,0
1.337807387693594,4.115021778575792,0.43958737530133873,0.45446172816419683,0.7054532209394645,3.739357164763028,0
3.7048599908492843,2.9647464662643066,0.7740240859924371,0.8115706960288429,0.11829362246560071,1.8950472538541177,0
1.7519791946253667,8.042360009757513,0.6507798355741427,0.05384636044480773,0.5478082371108176,4.936541588307183,0
3.7413069222025395,8.122556105086222,0.7018817204145913,0.001289944456322134,0.69600748221002,4.980811533429446,1
0.9043208614168745,3.1854671209848435,0.4028393399933684,0.5282924896043568,0.03223458622963926,12.370340382401961,0
7.18734143737675,15.38220826570941,0.23494554525306988,0.07361189381638022,0.448741399145682,1.8580961638080675,1
1.7859692504390128,3.8431645422531933,0.5317788432846094,0.9765430134530636,0.6841519369858398,9.773815600757588,0
1.9530894945748267,10.38631091175101,0.2043656937491969,0.005501174039798773,0.88973098785485,3.3156203314194608,1
32.08778388279432,2.795670038095883,0.7262286969850658,0.7181496364986464,0.29923010060165645,6.086329405018081,0
13.541486766218318,12.171554458860232,0.19696645595947704,0.24338469578622068,0.9742165296843303,8.686077499462193,1
17.125369422818565,11.837248116185112,0.29126326671434144,0.9675520052720562,0.8445414996596974,0.9426519290970575,0
0.5246677854930443,10.098387005550325,0.5065447783230054,0.38154165062789613,0.6506350720818543,2.394935642060681,1
2.4453324261730542,12.787895311240316,0.48670993414349495,0.02728342626386515,0.3919255072461312,2.8180946137720415,1
3.743329397712123,6.851665403227771,0.6008493764070294,0.02693576540878273,0.7111103761994986,0.708524723370657,0
13.994523849481121,1.6329153536878727,0.43744460049991696,0.5533733717246886,0.8161932690703534,1.8681368189619834,0
7.573973601655043,5.699147093639041,0.9194733085100913,0.9867119790312812,0.3032998748865573,0.9057035933722952,0
0.04961995173787363,1.8944125003444476,0.8399340941971882,0.9797735350457194,0.9928300649070293,9.981712481822667,0
2.693895827202469,7.672371335470923,0.8791134512366384,0.3372729722892658,0.908619369754639,4.654737966701886,0
13.50433673545294,0.9467468813253119,0.6295165714034375,0.48270364918889697,0.48550144034292264,2.3994864921107597,0
45.400289123695494,6.745509916669729,0.6350079158608064,0.1004558057978161,0.7228299157753952,14.688797517036893,1
3.382593386076989,1.2595740483786622,0.6091986837159487,0.5221768559917317,0.5240088946187819,1.2084690473799327,0
5.017813549903931,7.100364486730201,0.4348841544214562,0.5997015990482731,0.7609305521970262,2.156525380157297,0
7.454344887137011,32.78286093434294,0.3221060010672626,0.25106166561132104,0.8269822038779814,10.47872756217072,1
5.016551910043618,9.182861575907008,0.5920028874488703,0.6121144359151738,0.023222555157042524,0.54214571319333,0
13.304210622109547,2.93676207223221,0.02553183713845031,0.8996927516962538,0.07913202970064925,10.019437544332934,0
17.71169300100726,2.1799557405026926,0.007456431423803034,0.0009553334234805311,0.336467415876727,1.8185965325045634,1
1.686362275936951,4.3266373027007505,0.8516418262967486,0.22893377430794448,0.9176136326323495,1.687377789478093,0
6.340744184790214,5.72183218870256,0.046424044777622187,0.20991956332393813,0.3982735831433897,1.9304573509618448,0
0.8895049163120433,7.439287732464589,0.5247951503334181,0.12388620303382702,0.8875122152019242,1.4370667221587374,1
1.4037680517309628,2.328199906866442,0.6149877629496451,0.16610121273710188,0.46243391263175293,2.351812130546865,0
5.069430688918986,8.027349378595082,0.1981712296224356,0.6259125453653877,0.2888529203115734,4.459492540531115,0
2.9426843682343558,1.4641509809953275,0.8957308382651483,0.10269439015064263,0.9006451830624952,2.0729198771931316,0
0.7286703809145885,20.796460620022266,0.190095771748375,0.7385316090207217,0.5606707689186775,9.525952260493124,1
5.992501656283439,10.48731036565776,0.8845149873666747,0.8870225905583834,0.3604842950300413,1.5021848944053522,0
10.728838903741277,5.184005870266392,0.7629902693330352,0.926587724178369,0.0444070036278168,2.8119771090980663,0
10.46718524343795,9.163912998416473,0.24074295352419395,0.6601758143197008,0.11093313244822389,0.30608411161653454,0
3.0277653231214074,1.3563858982291694,0.15074416627609355,0.19739641063361602,0.1393103276415305,5.989478795075538,0
6.181236788006186,15.6451260564568,0.3162327101862351,0.08529657553990788,0.3648362904106063,3.858267818813368,1
1.7765888496182767,18.516391208125352,0.3979505662702747,0.2320249538069996,0.607332955744344,7.121027002684662,0
2.0980248091961493,1.7271846690824244,0.24578467649892344,0.9619571857850425,0.30759011442192985,0.7823751832856141,0
3.1094295897138373,0.30746486234880177,0.9988915487544232,0.9623452017507121,0.0655276337648002,0.5414433304013628,0
22.779706516681784,3.5038691282573176,0.22965233623958103,0.38191888391834206,0.2648087373173338,7.9329529659649,0
4.291707510058154,8.856673392686146,0.830634826982857,0.3257915410975506,0.40868165089961017,2.336992126577215,0
7.0578694509750575,28.658346512253708,0.15911774709047277,0.5100105822590654,0.9922699286723291,13.58555073073375,1
6.132588032172698,3.2581235939756246,0.9802446252759475,0.2916880914674007,0.39298690475093867,6.8401716276454625,0
11.018242805636982,3.19082614023297,0.22552345828308484,0.9796624516555633,0.08919541874744397,0.8024497801812057,0
23.351449937767853,1.0183315140165643,0.42168855478359224,0.2212213900245774,0.5811148144739334,0.6546751365951282,0
3.3937312475798342,16.148967602105348,0.5585640667679065,0.3691426821827686,0.9196400726262897,6.66003247322223,0
10.519800223131972,24.93015657771751,0.12028571515609332,0.4293708757001783,0.7866956988617501,7.3711403256673504,1
3.2356373798782325,0.5772853921348121,0.8168200674791013,0.12506402308116216,0.8362183091872366,6.325894620634731,0
16.535150452222545,0.7580749243113152,0.27468553268082985,0.38282482677012986,0.9282317961023304,6.0551841156054875,1
1.195879041841415,2.4322506170225555,0.5492699016016638,0.8567307201019734,0.636543503385538,12.205649681808627,0
1.1630479232302926,17.826532479364825,0.5496338106932469,0.14036100145675845,0.9949227306534987,10.705155506396629,1
5.995660681975255,38.472895251803536,0.602640652325785,0.5840219508261872,0.03328156987965081,3.140243073058512,0
0.6836374650548094,3.482136329730474,0.05548598652431469,0.4066371380600168,0.8348396761435622,7.212696437140986,1
2.5856052007823482,11.182662332221895,0.16861876183156788,0.17053672611745474,0.8570106695222617,3.9848823667141176,1
6.247990606441026,7.156098923822109,0.1611922429233642,0.012336164449205822,0.916700390761965,0.7011799585300865,1
2.4273237195728776,1.9452050738858508,0.30205125941585187,0.2733433034899002,0.47816945763584906,12.448573937431892,1
21.1570046629459,6.345178889165628,0.14491415685833986,0.06182896069800192,0.7877559236206,0.7323778659212986,1
6.261136558927707,23.287263753522538,0.9219213207742897,0.3767684712967352,0.1950803991211798,8.295860980867749,0
5.175040476420777,11.45252544811084,0.5129544505113007,0.8102098556993457,0.6031302251782144,0.6432080892954708,0
5.956552955980173,12.01884858898961,0.6235751477026844,0.7196852608776124,0.3586451523634614,1.3131863663464287,0
10.147279674313454,10.956045477888354,0.35748817539812083,0.9473837117017669,0.5961736506619755,8.252626481526367,0
2.888721921172252,1.2071996082773098,0.27624614103391154,0.42701541733706916,0.6755605071583003,1.8520689620470487,0
11.285433404818882,5.688062942632642,0.503177170232213,0.7078013985918528,0.34706866674617887,2.9183668034734565,0
20.397913324239155,9.30406178448324,0.2943229748348336,0.6653417221020202,0.21623829930287197,4.312912192312176,0
16.328507004276023,6.022539044853577,0.34364592572976427,0.21704630315825957,0.32168790885933474,19.433584800441427,0
5.783824797221595,0.08608420489292401,0.45275087427085714,0.3035825052326585,0.6639572451074426,0.8480997627956068,0
1.9482552343754211,0.7508228923869636,0.5057336871843555,0.5298295333977603,0.6768742336728105,1.1719555894002396,1
2.623031222150482,18.767285708105003,0.9843140117818387,0.7966573190059218,0.7413169360240989,3.7375594324859933,0
12.866398521213657,11.344582370968896,0.2233225881619405,0.4618127344629326,0.126536608572706,1.2381864678996506,1
7.395525539896334,10.837177754841722,0.48797616488264717,0.22774153617552728,0.8185173902544616,2.048968161767188,1
3.1593575170162405,17.27496901589542,0.14951173948933894,0.9934656902803698,0.6881478015409555,0.4091341618469817,0
0.25500549804320793,9.701563331674025,0.3499992327079726,0.11557880635366846,0.030505076690639177,0.9129223430028615,0
15.75595978073238,30.306119392322213,0.7173107187064043,0.9558889074913278,0.3355978494350508,5.486096139223671,0
1.3269429915791509,18.82449825505056,0.17446214376057456,0.8090462884304888,0.4667112559064771,6.806833601305575,1
4.7820476360521775,2.5374639074485654,0.5813513075500432,0.8388935193078518,0.3606174903868148,2.284217352500932,0
2.5133336474919505,3.3013286497878274,0.4167010235680072,0.7949175830914994,0.11741688820841312,2.55592916524649,0
3.3579628267273276,5.952636006297053,0.05157954440447299,0.208170941304622,0.20734628450500703,0.2321972042783561,0
0.6465244060074028,2.4677396288062456,0.9330752414784446,0.6325823773952418,0.02456139491013254,9.065381080805468,0
2.6649770350808915,15.65000976603498,0.41360314029288636,0.7567498124509318,0.09307716135256283,7.63631191341929,0
20.043132353300244,1.5435261369588018,0.7839265357511662,0.7456857921016514,0.26630011772454476,12.781073010740213,0
4.8350634074748955,7.127378933574196,0.4163134887318003,0.2715653705440776,0.8199702656357306,7.038543336295878,1
4.673364560080689,10.938714352234896,0.9373603215787846,0.18111938776368142,0.5266375099372003,0.8091364709317601,0
7.095380857493904,7.149206822345542,0.29047033442889747,0.3281229839145492,0.424497890691106,11.600107115589193,0
3.4883787295469997,2.3598896962490787,0.41223064968769685,0.4798444803773918,0.662162943958549,4.72400577005477,1
3.1660911715098337,5.4838108664146965,0.7588642402592863,0.5737807470636765,0.5415105603250052,13.635126080230986,0
0.15703881209337334,1.2303028292203853,0.3436673152808569,0.8369503623191604,0.13151392675562623,3.0947359646076396,0
12.529291746548608,5.8394405242757,0.36435707133517936,0.769034227704616,0.22262336382418957,0.6965965303578388,0
9.69305657048543,6.471933533282631,0.9948231734142234,0.6761505256665161,0.22252236099060763,3.113281564640503,0
4.059251404501614,5.5677388854917975,0.555614525690352,0.2634892929427606,0.5999525126123422,5.131147463709777,0
7.862200850007482,6.312949018524743,0.6893804536701481,0.47888049893494333,0.46162436618934644,3.073450331215839,0
4.066487509443957,2.2559164177771427,0.6434622341536098,0.33543587412796105,0.3875850625608537,2.9306283022570643,0
0.9817700075264196,27.017704568521186,0.8279241471565723,0.23492817955053413,0.556639172881788,7.840604857483516,1
1.2515178737704904,10.339186633150643,0.861825099441743,0.010245360383479452,0.9701157857825572,16.92675670587365,1
26.71481705005346,7.758985842242242,0.5632561324703096,0.3394619705706906,0.3141934560558768,3.2516846319376516,0
10.144364242587267,8.674092743662994,0.29455607496639935,0.2561162677146215,0.5201954336335173,13.760679069549058,0
3.5757251051536287,3.821732192204531,0.022800247574969457,0.5719023269668166,0.48037001564411563,5.226819674400597,0
11.337785797078284,20.662995819917057,0.6144032510643201,0.0623017702837122,0.7166430317458448,5.5656520402124645,0
5.80034710132453,1.2223052148756592,0.8254688332656196,0.2705195967102011,0.7302902679829161,1.210387651115449,0
12.344331354242192,0.34148241757809566,0.4505398055116595,0.044769489988415345,0.7290707214130405,3.376969385591122,1
8.780643038847147,8.895497878247658,0.1647061404908643,0.641417904513436,0.2015195799387448,1.7818678930734888,0
11.28022174012005,6.966368202810949,0.2880820729356409,0.5681895585686249,0.44909313636118775,2.548016149903871,0
0.045932002964520324,3.1652545325405153,0.5099889295118646,0.3374800230744732,0.8111746910291375,0.29388061480535116,0
34.445598481316715,31.702643296255225,0.8366812189776666,0.1473346004355438,0.38153017054064375,3.363022017060752,0
0.38040717867665663,9.967117202757054,0.17175314606842063,0.9579198327687352,0.9842551172899289,2.3879211600495944,0
3.9919754957326052,5.78558999300733,0.6121498757095142,0.5843924473886134,0.36478674179219917,2.922647706587873,0
1.0577242787781802,12.53542594835544,0.7533686139505454,0.6791133665720679,0.4976668273419682,1.14336824076737,0
1.7297789606283784,1.4150055047647747,0.9360475203348232,0.5313487532694519,0.47452559480254686,0.21909363600041562,0
4.206870113532596,3.336071972519043,0.11670369167885941,0.806533247646205,0.4336638024692425,4.550829119881927,0
3.524117201942143,1.7815228788416506,0.9263916341645574,0.8963800495481213,0.8456313683196216,0.4554577420868036,0
23.119608539289953,1.8828238808631108,0.6014675351744795,0.3827105435976298,0.15527523754801353,0.7261424909608336,0
3.8919242767611655,12.075692207739543,0.766701587432286,0.6900253122306106,0.567664706413983,2.379209246342783,0
24.06468497310241,5.060090949188052,0.05377470956855546,0.22988748454639696,0.6186015773554236,3.967658230296932,1
6.984557669967183,6.563500644879817,0.5061481556405951,0.6518550471620385,0.8512213080693708,1.1663090213607692,0
3.986844920765141,2.9731926679236604,0.6226296740807937,0.39915562997655263,0.6092001599261084,0.4501318702610597,0
7.312929415176295,1.0546348991770025,0.3068338398728402,0.006781599401304961,0.9600203477877807,3.065004824327179,1
6.923650132599567,2.414265811720683,0.43165020810125265,0.9555278684226207,0.8721677122609289,12.68798560861816,0
2.3861570896289996,2.499013264603968,0.554298135279598,0.8684415455387189,0.3487399483527315,4.2136302404768475,0
2.330169558030171,7.534219474097474,0.5525479397729799,0.2908365503460284,0.8599064452908345,3.2005580892004657,0
18.34574906446734,10.420598112025065,0.041861525406838074,0.9977573142328605,0.9584778140934557,1.08745437992645,0
0.6369663897008493,33.41588099138188,0.4394817665788924,0.3171276745565341,0.2571971809245863,4.942950288462649,1
5.785939842849083,17.8598568114496,0.21381815479223087,0.45884418645907477,0.6102088066644085,0.36317284989070786,0
24.42380638691815,36.54021114368572,0.9166950780853498,0.8512590261744171,0.28180391234213553,8.75419233233186,0
3.0537182641471046,12.360132706726807,0.9765799901233341,0.30459635132804086,0.6495672790822176,17.394174339206458,0
13.452995107501671,0.08879081517932319,0.2996468963520691,0.45054028438750005,0.0936428045470219,9.056611948718402,0
2.973207054169394,0.9260401681212633,0.17518539725105875,0.6655871671232555,0.7341880218690575,0.04531705063948747,0
25.001920841922267,7.2550707284928055,0.21950415094834308,0.13046755477242822,0.41981982859534284,3.9604737980300846,1
1.2011807644959556,5.543281605937757,0.47775225535295374,0.4223503686917177,0.5873071786764368,9.47936085617715,0
4.238141668530286,1.9925516421890155,0.8745055991131784,0.3094099373616265,0.02586240252349814,8.952829538639367,0
5.754816027054834,2.0780847760115897,0.5000362149376396,0.676774305864818,0.6954414552103283,0.037650236264686325,0
10.944335968321273,10.806639167005702,0.05539206171529765,0.1359693900603718,0.4959913541352434,4.4724775995382755,0
6.860761488279121,3.5505470439599724,0.03988560271314401,0.2327314791009374,0.625251007687842,11.85045397217834,1
12.28186806034831,11.068341564110082,0.22739094562284856,0.7113762037524828,0.31566797237617406,5.517133574009937,0
1.2246179123905558,9.945223008153743,0.8427712776094288,0.1562243697241148,0.1458201734214144,14.334071350100794,0
12.763819588252513,4.105252759964166,0.621480557535144,0.4220192622398897,0.435428941996142,6.365639334610278,0
19.670247518313364,6.245363777280181,0.5629578537862915,0.7128807220926188,0.9439791212863633,7.590834060065732,0
11.47458532518263,3.0193123927768695,0.3189695925826421,0.7654683844300053,0.22779402665380533,2.647851841553303,0
3.081555637213581,7.606708657652844,0.9294254050461873,0.09488117867166845,0.6758390120352517,16.081396632126907,0
1.8221518576640103,20.997857034723815,0.33117824496213244,0.8519956094194782,0.04984354403454139,5.199150073917899,0
2.537639342290737,12.008351142040896,0.8349444126529467,0.7239723011299664,0.7180997852669284,9.883562646185922,0
1.0227748660703118,8.010679374524928,0.8959035179758841,0.33929458869331375,0.23843718680149306,0.14134011759523274,0
8.753267334630983,11.090446631298661,0.4833350132161367,0.76380285233024,0.45151706022933247,12.144097288086428,0
6.381852892550245,4.3601609329541775,0.8942892694807426,0.728298865340659,0.36775310059477406,2.03283942049827,0
6.390747949308484,4.317417038979281,0.2768032873910471,0.6008912265083856,0.11284034331735548,0.5890721200818851,0
7.747006493489099,1.1983956230081803,0.6584334261832758,0.5584811734058444,0.3455819525117757,2.3574473716835067,0
18.329892821376724,3.888121330985981,0.08796374852438626,0.7347034888995855,0.3501249582931856,2.9641309852586337,0
0.5465553103605763,6.322605189832406,0.4739342140923939,0.9992599017054545,0.5221056390297516,3.1942633154482865,0
4.075514849679164,3.431423678160195,0.2173318021583479,0.5785522493158853,0.9723515329399873,1.0480330078736892,0
1.9803410293489767,0.5205517641751187,0.06276327793060288,0.808717871762248,0.47001752251063034,0.7347462512998748,0
9.93747326418041,0.3650962895282958,0.0037255080776207317,0.7442737173155829,0.9144261556326339,3.8079820027179396,1
16.99162602731645,2.857162803082162,0.32475211644080837,0.8558084020338257,0.4615576585625554,0.575872194148177,0
2.7113724792753287,1.8962338956344316,0.5895305945367628,0.9545248613841384,0.10754330087493946,8.74383412614253,0
5.018070690827013,4.958595969308154,0.45523034765115733,0.1930832074608152,0.23015289527594018,7.419673263118445,0
0.38466510354638833,7.311500671097244,0.3017692985194961,0.1654596363951163,0.40751767605760025,5.409619395319271,0
5.0770854745911045,7.131175425036793,0.9912000307762511,0.5863518284149009,0.32536877297018474,2.605994175115555,0
2.958969011755959,1.6710414498769008,0.9395250399796778,0.44929506288650445,0.8658292875324917,0.21715976965396458,0
7.758825572727133,11.983771335763343,0.12565330683749687,0.5707226929191692,0.6786456021965513,1.2382191798425908,1
5.358198467125208,19.070030567235243,0.41510742666849476,0.7980427344855086,0.5783084519186734,0.30770906304913115,0
12.909390914301394,7.589595583818219,0.6488469339936108,0.9317144800492464,0.49122955123669054,1.7106431984135146,0
4.427322328049668,6.384363329436841,0.7334907975299367,0.41741582519855813,0.39727061828906685,9.43138875163868,0
5.095892783357595,1.7102753138727436,0.3663721549094904,0.7179326455436245,0.6121924398320113,0.7451185482556422,0
14.968101216183106,0.2246872856050946,0.7462818127353477,0.19679918784140937,0.124607165444381,12.332193462050462,0
4.62858244370229,10.768707296885445,0.12415001291067829,0.5345519493545235,0.16253318821690566,2.4572366036970923,0
7.910124792185006,20.61476814873789,0.3318126252577047,0.021804777780519924,0.30311635339669996,0.4532286130298159,0
2.0258478248345773,24.06982040617294,0.716433175755905,0.503750567133097,0.1711846164610744,0.47404140756082,0
11.371487245483895,0.4317758006196839,0.6256827902603751,0.5453364591254999,0.6770987190248167,4.277961044976678,0
8.266312041767586,8.893679516218992,0.8372102148616549,0.7354453357783313,0.024768321406245297,4.18129734512591,0
8.586951385592094,5.031611639193775,0.04685702266715508,0.6494847902069917,0.1601774916667501,2.4166480024739387,0
9.028604925176014,0.1549501137062328,0.17439171782304852,0.35839673430580155,0.9026081094988033,0.35939602174965024,0
7.533837427612134,4.057465257606974,0.04849458227196646,0.005730900713121323,0.9975431482220869,5.341593005472289,1
0.6490413940009859,2.254069763114986,0.19211422424921132,0.11548587362294893,0.48759047782809306,2.7494948548656675,1
2.937459752187008,5.956274821715243,0.004282810632935008,0.9730606535174523,0.4953700730217583,0.8347745492238855,0
16.762084958690977,8.96387031042045,0.5042103016788663,0.9223331583153058,0.7733987622374382,0.7713601455916987,0
14.017480984718661,5.895143975340015,0.5283143955682554,0.32509316308114533,0.036189577620575064,2.0472890334950264,0
13.756609766514693,7.5516041345910425,0.6578917814059948,0.2588529399238877,0.4270214819009781,0.9187643654271382,0
23.472854685755532,7.261664505405678,0.38491244720104345,0.4364162936900374,0.09982788181495983,7.409772039602069,0
6.708676169807846,0.009439839430700227,0.003207690685184006,0.6899400296120728,0.40092638265648595,3.9487568024330373,0
6.218496516230824,27.13206332660531,0.6738911544076371,0.35682767265797366,0.9838218411288748,7.093038099015967,0
5.547572636551588,12.470792872323095,0.05429108774791258,0.06729384773115554,0.7536332808033611,6.419891093943609,1
0.5380424811738563,0.231522399508349,0.8661704308177439,0.4027950924443964,0.985045875685218,12.892915206002577,0
5.888357465958529,2.012348949455309,0.022653987707937362,0.2605889944814319,0.7460486256706017,2.1219327401393633,1
10.623685348786685,2.1206906996318238,0.5304751232566325,0.3249300112112118,0.6081100718065884,2.172497499579192,0
2.640104040170843,0.9385144624796411,0.8949178823855207,0.16295724578730442,0.7542208329272434,2.8515891727928855,0
17.88251908053728,0.6307160071658199,0.5724895757887801,0.6588400694456474,0.6590916729709847,1.6017551528413543,0
8.047981348759384,5.5338244126756235,0.60841674654393,0.5266309332452249,0.4640660299019084,3.4480536340142343,0
9.576535745428043,0.9280491237651277,0.6816108483374057,0.2708631172953543,0.29254633400521,5.413899913157703,0
7.51732663006994,11.244131429348032,0.12240884773046701,0.5538624813062414,0.5201780593343549,2.6298107170890788,0
13.644918338493916,5.568718698990013,0.6749271008105595,0.49270784716723803,0.2584934739014305,8.131033952122102,0
4.954785024858972,2.0218104025282484,0.8803548820128152,0.795974856566028,0.4866763464421453,1.8056981468693922,0
6.251334554448553,10.44082960887354,0.9742208328353165,0.9559842693402016,0.14613540592108598,0.22975091969349465,0
2.1964434530679706,9.03462416425137,0.44305199935834705,0.13067050897865595,0.5653950989700408,12.946095087809608,1
5.784859786635005,22.887164757397965,0.34450485167754685,0.8839134789079829,0.24528369081210477,8.468879297066776,0
2.1752468538424026,1.3843168247470778,0.753309615596317,0.7047969382849021,0.29360810394156966,4.309307639250582,0
14.446242261384732,1.172337759425418,0.5428742880953146,0.6925535452979048,0.4990281417823884,1.0080557982459897,0
6.818035917197125,1.2853776286188676,0.2573046544550305,0.3743008971424723,0.16252625302158075,1.172665581812666,0
6.713428561027814,3.5424625780773646,0.17215788496970297,0.343908195464921,0.9623798836359191,6.563420748016213,1
12.809643641415116,14.727985707055037,0.1702303005927437,0.005639484822516971,0.44694431539287616,20.961688894563977,1
1.9913868621246762,25.456080606155407,0.45917703660615206,0.9822048746373078,0.35227922962675107,5.965280490559385,0
2.076379478388774,7.240864591687345,0.17012440561565012,0.6065058323730488,0.02919660509258093,7.7258392760035255,0
24.67277465837588,13.35502590519799,0.019718944011485773,0.40232862392392543,0.8432543631122329,1.4173366650861121,1
7.349000172173934,33.32651707302263,0.05208877496969,0.5437688218921786,0.6258339153063843,6.676219324592585,1
6.780814016662413,0.2533450947228466,0.9298845439529657,0.04052703409626246,0.41640515484129725,2.2192786615979125,0
0.132518287663909,19.264907083015157,0.07296134116013575,0.17365095529166885,0.24553279933847572,9.911197902769796,1
3.9724341486707293,3.020625704071979,0.07318069058095955,0.6233599249634025,0.7451374186753852,5.380641146956046,1
18.475121782855787,0.08815578054059384,0.45118844553353243,0.51426172968362,0.9454745757416672,2.3595860643544637,0
13.375793509376015,3.984698004507397,0.24510028233503256,0.7870748229276331,0.3808097056520202,4.887963302220509,0
4.084803315391114,22.86983769273852,0.9626938521724977,0.6587426904453371,0.13487606837923127,1.8627465951947295,0
8.441106293748856,4.161727554663295,0.9109858394978042,0.6014356759793872,0.10919474727273737,0.7680475204538805,0
3.7286441232577454,5.671912722742486,0.4047432486712671,0.8152657043053134,0.0063619723338859124,9.868172832140177,0
4.8308584119643205,2.1855700069958437,0.4487315194162592,0.06826310555190063,0.7439554407717219,4.926594757416517,1
3.4780069102423936,0.029470415377365947,0.3751136530755702,0.6908867964312853,0.9813953859016705,1.4236438508234999,0
1.973049207471524,19.11568842632267,0.03786611664312822,0.7155907132890155,0.9928177527535682,0.9177471911948397,1
6.31285693891668,6.861763339782373,0.29284683925470867,0.275163549680011,0.7841972543429255,3.9900326889590927,0
5.387017584022562,0.5541669811749113,0.12267346961198411,0.19564963648739442,0.16218377829604358,0.2722617579717248,0
24.598514575699227,7.972199430922516,0.10237033001512275,0.21385247545599917,0.9777094559131215,1.1137769844900434,1
0.9305938728577622,2.17906146152613,0.5608615729363878,0.19814086343199422,0.3278134430019509,2.1165478277455705,0
4.785139735744812,0.4603888986853641,0.09876485771356225,0.5237821909035946,0.33361960949254366,8.255657447639859,0
11.54802042295764,3.7301732651710173,0.1029313237952636,0.13562631136582848,0.6873369528924389,1.974464124191508,0
5.82175158347022,14.14013223146724,0.48051371481934857,0.6592858614193504,0.049049187074451384,8.402211350577337,0
21.217851870877993,16.710468375445586,0.44228236512263874,0.10507825894876954,0.8257697299075593,9.20793875052685,1
3.8902917857351005,9.914792668528788,0.13763478513236937,0.026889640310256202,0.997297276487744,13.139010281409258,1
1.3217985717614025,8.345985643793998,0.004449024808863,0.3192902424458711,0.7750697780899174,2.486551340970263,1
17.215132599522587,2.0570956349704597,0.19297444176784384,0.19185972373304105,0.7816764912073332,0.5657353906621364,1
0.5660541470100016,1.264905194674734,0.23589225418204074,0.9886620554100823,0.390313670566551,2.3375051872970456,0
4.464635407600208,13.409767741908222,0.8002484436088676,0.3029963006172174,0.06592138901565692,4.277320722924434,0
3.3358153457425743,3.6265349530137416,0.915438350527215,0.22206408602551375,0.7926674342344233,4.658232757577424,0
7.366999036357324,21.018970263344716,0.40594439748796973,0.19676982349921457,0.5971580869048005,0.9870525488461006,1
10.393733198708953,6.415844330664028,0.4050267265009778,0.3738529048034903,0.9093386891220844,2.255078314676779,0
5.127334957018196,10.201400512705062,0.7124812837598667,0.6058488953315778,0.11596290016683253,1.532551669272988,0
15.077290689364082,8.325257687551392,0.626922015704689,0.7819452750462824,0.3051230630941083,4.404713403685697,0
0.3780455096933226,5.200735508999552,0.18414018669340915,0.3645762477430684,0.36065615372338644,1.7078801504149446,1
3.1310537538529704,0.09239528289484132,0.10768912229586136,0.6259709800427894,0.6832797085446914,1.2592250299306083,0
6.986215662751149,1.1375723323271867,0.4376118906550508,0.48205989827938744,0.787745163103155,3.465974941302054,0
3.8097717284305435,1.863288305030827,0.564828363162763,0.8464953462533984,0.9610204085844203,1.7106978709799636,0
1.2438900251673553,0.5760416410256204,0.13870760315880926,0.5690417771584352,0.29540715832415443,0.33823832805352627,0
1.832305008503123,1.0877957375006913,0.29327349340844455,0.28989167187910014,0.4936364085642473,7.5199116226675065,1
4.044849639205656,6.471021066866599,0.3059429964305749,0.7035872571782559,0.02896093008129841,0.837704205567932,0
3.366678203451015,7.227492960774774,0.261298201024164,0.8200644880229958,0.2529878781088879,0.18401064520681687,0
10.465469269036602,9.827173189120776,0.46076126629179104,0.46544065676396507,0.37400350811964034,3.257712742701009,1
9.476753833231216,1.6228157240698406,0.6530635843197385,0.9871972388823189,0.5938062065254482,1.212612076282151,0
8.963184579188875,12.543747106355756,0.5093898836159924,0.8790968791913134,0.47084549359917405,0.2868384147055955,0
7.778569488774032,1.8557700927333678,0.2014565622473442,0.19695466966549147,0.36447505977699735,2.196599119775254,0
11.17851358080714,0.16593307073321725,0.10293904704739976,0.7867558721562373,0.6240779665293416,1.8285439783493134,1
23.664716415240054,3.949791983090456,0.8218704628987004,0.6009512443497661,0.8286156771170003,17.74324900765167,1
2.7927437619789,1.6058094665425107,0.4793046827177857,0.5348112978078347,0.24168113298478922,9.764808125347454,0
17.23476148129336,7.141457530393188,0.0621391841338772,0.5139385865795684,0.3428758792604123,4.860282346872299,0
0.12069738338095398,20.361306327573836,0.258121499649558,0.853411142782429,0.7049236496870199,3.615989977138181,0
24.306834201347094,4.590806462869381,0.8040337783841548,0.6108727889034485,0.7779405987585303,8.377503852342057,0
0.8453448355620099,19.858429277677086,0.75172632477355,0.5377059850537337,0.8253968717346473,7.086734685494553,0
0.9545168194851263,3.72772591380067,0.8758166328973778,0.048859906758049076,0.20933121889702866,2.6618262425231842,0
4.558828122508033,0.21401747862979117,0.6020878260016921,0.4483028697585574,0.5392669612444156,8.977546053815692,0
1.3330330457955513,19.137960176251095,0.422905934358055,0.9080415620455077,0.9000110985252844,5.092907484316285,0
0.09876638196250455,5.097347502550367,0.42663499755445067,0.711736729344619,0.39195045509149173,16.25884200836372,0
0.0005698092622795186,15.48370736497665,0.19400004449294372,0.050953978056153426,0.4298830902215557,4.205931507460728,0
2.6743422747704177,1.8805209178888536,0.6507989615178819,0.8839922821510423,0.9848229439006858,8.602124484053391,0
13.979381710803484,6.3204134272375505,0.585068756092854,0.8266672213770541,0.11305264603250542,15.675777390614519,0
1.0287628522823822,0.6648925637284382,0.1548644114288359,0.546684211569528,0.705601989461636,12.134766004146618,0
7.347159564955925,7.44581650861073,0.8856629200453748,0.02240546518228148,0.8501841270408919,7.912935991349754,0
13.805426912237104,4.007427525517531,0.36846820331059704,0.5624296180338006,0.1507935166340174,6.896199265205442,0
1.7412375800356932,13.135720099243969,0.049738765521068484,0.0545890499264261,0.7144532360072374,4.555626121475865,1
2.73013558743602,7.490100384375405,0.3278809207797838,0.3203789596374804,0.46973822201044224,4.485165146375341,0
40.50684443210546,7.828416845520905,0.8698567147115758,0.6289096189027389,0.8528908846746432,1.056423543556768,0
9.651127374257204,3.569319356343721,0.9169565858617845,0.9129130838821744,0.9074523168359061,3.870083831908418,0
5.778104967444373,8.444133910560078,0.4903984172596335,0.3577956372594787,0.8724849031545734,3.229798431168281,0
14.893439324652913,10.947202445953552,0.9563399400734179,0.8600237828834533,0.06438513757901276,3.1595036160108707,0
0.8719669920512835,5.95584527827898,0.875241809211976,0.9183610104005163,0.7568552768149742,0.1869208098997019,0
12.380605200176424,14.113612639848212,0.8252307170992254,0.021043880457314312,0.9215275749858294,2.0759732270985274,0
10.933767367110406,2.1032584946675628,0.859710064682206,0.2394278377525315,0.621348440670931,5.845536634824163,0
3.624101658285296,5.519670990288003,0.3818754121688235,0.7098622992274988,0.6008760604784902,2.532505484903404,0
2.909415355609675,7.74125698697384,0.7564689407555436,0.7568430430795484,0.045005387398110996,3.916685406324018,0
6.586881374705999,3.4284268072298456,0.5773390030761493,0.3924168502170541,0.8560330222059385,1.4683697873264001,0
11.615802808707123,1.7845848210223338,0.7196840017403067,0.656754612772855,0.04640356082916153,1.5569490014785206,0
12.848699869106987,0.8040233795902955,0.17778610758077462,0.6121586173620351,0.31350960638467396,0.4619040986186769,0
18.08371878060181,6.965576828503265,0.731393911774942,0.7397749616010599,0.9258630652872155,5.903701591504504,0
1.6094015250410114,2.196072362925635,0.9575924341941717,0.7186584277451218,0.9497451427295122,0.1254808777248855,0
2.215416443977705,0.5067088771240266,0.30266332238142957,0.08587079799036135,0.9919005404759226,1.1795863067710448,1
10.814955375869452,6.632520705570014,0.9861613239556271,0.15825018094006094,0.4764022856128862,0.9490067868332708,0
1.61291377726039,0.8792437232723769,0.3783760148053711,0.132727147259316,0.17742954638101083,2.9568927418837325,0
0.07211409010106656,16.625224883665346,0.19972349702103287,0.932480069842819,0.48794448682908387,1.3013687083515466,0
1.9058886737882557,0.6748943275226016,0.11228622980023839,0.9135426483529893,0.10231292508304923,9.446333595094003,0
2.8983807898454232,10.881007334246839,0.7849619132881778,0.79741226959697,0.8725361089699698,2.5077250265573885,0
2.9192523677428626,7.957852178855164,0.5548254003765684,0.11671856067595932,0.5605372332665048,2.299395386145932,1
9.002185887184503,0.41145669256614215,0.30713129366202885,0.5742714699195859,0.4045058991667553,3.8431186493487135,0
8.118712334552454,3.4790870650111376,0.6084503697937579,0.18723062608985142,0.0795307024808044,3.397747444891746,1
4.742597782920406,13.536390995077976,0.33210118784100473,0.3683839375588025,0.40524067681663045,0.5177461965213283,0
10.3952597534645,1.304941330462401,0.44835775732845873,0.26709127663741294,0.8661916083901089,9.788083528971875,1
5.369445994217608,4.944704878178187,0.8626641257530911,0.8289309814874659,0.7034059324772127,2.805296296353142,0
8.378317569518648,13.694923532843408,0.6681664768591647,0.14445139951927322,0.08245551751096658,8.873102114018858,0
25.163183885580793,1.4778774253819413,0.7624018397047164,0.6461791686100757,0.15990719972617584,8.048539988943839,0
11.31760453849515,2.248670507927625,0.5834935514695763,0.9838946637761669,0.3923084907075046,2.931633186862708,0
2.5123274769073336,0.8385613850827448,0.991398048885621,0.6870545832536334,0.10137508268591866,4.578980781911628,0
1.3727706421757477,18.93050839551092,0.24141006629089268,0.0792334890069597,0.934041191993271,0.2355155114145073,0
22.749722232518685,0.7332017082104021,0.26229116071881475,0.9078495019625249,0.6522920446308759,0.31186229911379637,0
8.636727907362717,23.634109424452458,0.09255893873833287,0.6430796776895962,0.09482300130394505,1.1482195645869828,0
14.287161241633513,3.8538598693551025,0.5540195020707105,0.4563109796052035,0.7880574623804607,4.975588194403247,1
6.960981070747559,12.198581021356484,0.6133592364083679,0.6596924785411186,0.3684059285719429,3.260544439215703,0
6.981957846288987,10.597891878706402,0.7259615728988198,0.879044330472637,0.24487064455322083,9.461393268069259,0
57.64775947871009,7.423065677999125,0.33544592594926104,0.4771272279152493,0.5699849419396911,3.205168048112819,1
19.854204960750458,4.363271750685699,0.0122568018650272,0.5313214828122292,0.013372133120541307,1.5942501302409822,0
0.5287528046963699,7.060626963587998,0.63222953708832,0.4524473992179535,0.465397660104255,4.763541050546009,0
1.5136590733345112,2.935866511199774,0.9986954925203827,0.07259142632366522,0.8438049930951695,1.3004470453005403,0
3.580821037542231,8.352352170641632,0.2945493537899925,0.7870701269273584,0.9280575959855684,3.047467369455981,0
3.402857817214357,0.05376740096810146,0.18393445246901974,0.12641174364183894,0.34255470441643976,8.658140164135308,1
1.5718066921608096,0.5203578207534988,0.2817669578263532,0.3945700102883103,0.6424365881650443,11.433082014677481,1
8.86368607975427,0.8525237287963938,0.4254154747770472,0.38682284560772917,0.22682343836883356,0.2129837187866142,0
4.4441597884449315,1.3761428374492397,0.2509129289525647,0.28004079208673793,0.5602130709847091,5.208981765206585,0
17.36306699293698,2.0963660394484727,0.3469600253675299,0.4025071258944184,0.254027726153189,9.221412478831594,0
3.4893016523567053,13.740173413874476,0.6382067385793626,0.6180091103824286,0.5713565086274529,0.368347287494345,0
5.9663852154241654,28.489650939203177,0.3450279868426147,0.31138731220771176,0.17172211729323095,2.9215869595554507,1
4.377892833351389,1.5839724564551165,0.39605894478365467,0.17251193769827644,0.9412325567607434,0.8136622519138406,1
8.50241965450108,0.5367553378928578,0.040031262799263945,0.8693675105072666,0.8869174764072917,2.6459403446603833,0
2.3110558277531563,1.76543352911733,0.9179425016228697,0.9708326498571355,0.33691824944883986,13.104322939549872,0
14.147230118286457,9.096010921805211,0.40688595991485366,0.4585838238763206,0.7766628889249426,1.238141339131083,1
27.35997078909511,13.59211916313744,0.3281435160347943,0.3270197123445858,0.09550413073219455,2.9079082992441285,0
0.5529843713679521,4.033666478212965,0.0864841962453845,0.047482077778229326,0.7403609087054239,7.7643260349488505,1
0.034876655399727056,3.736874853454271,0.6341832153951836,0.036851540610053135,0.28245912961270414,1.9676441811606766,0
4.255648465261001,6.9134502170927625,0.8638249502637549,0.39288199564540205,0.1356417686758623,1.0755854111218803,0
6.183612033881501,9.664059138070352,0.04115320005240031,0.9302420183009658,0.6781912179036137,5.163826077479686,1
10.376543363719314,6.119968126005114,0.1452724673660355,0.7307085434015644,0.46980681781938927,2.481248449014231,1
4.273406051306197,0.2215905575412345,0.14638982888620733,0.349269418870775,0.5301396017304439,4.003074177725534,1
4.980937705422077,29.968824287097174,0.6022748553477929,0.968046425182061,0.5205297841379208,3.55669024557642,0
7.436480164328846,3.831855059864653,0.9212305027183688,0.4287579032557307,0.05944798210601954,0.51811434049741,0
4.024913995671572,4.722561031032805,0.4377683670655096,0.2767927439746457,0.05138024909267702,14.0846405251234,0
27.311803730214475,0.717448308198929,0.34380644819385064,0.4263532447243572,0.6011675039480969,2.9068403112608268,1
0.5335287885433009,0.45969660370558246,0.7658406855966913,0.21154322698383277,0.6238646423554166,1.547880282391807,0
0.9624503946742381,0.5232317305300317,0.7425690617556514,0.8856387702007957,0.047174556515114596,2.830363394519769,0
5.96753009011347,5.688822396818196,0.24675613927720963,0.3611733104176903,0.37843933188781775,1.5714991329076384,0
2.4775038036874113,0.47615173194046956,0.16082636230788605,0.6579689644943214,0.6128512795604274,3.045873610733398,0
13.83455358797761,24.074546622238916,0.35781003241535636,0.38904719882716354,0.6566806557530763,4.2310685167663955,1
3.4124683445729818,4.986487494858021,0.7756033922266312,0.9017314179639625,0.8282757592765515,0.4359230610269439,0
1.8296339967470128,4.850524486538476,0.6950633899149783,0.6423807517156301,0.42073228359688086,10.909215338789087,0
1.4129916600517425,14.285046476974404,0.6658537063562052,0.48825189028129945,0.5482577811469688,0.47409764413108046,0
7.742599985291862,4.720715539686581,0.8294285601632039,0.1321429691813385,0.5785603756088172,0.7496021659654071,0
1.4288418076459257,1.6345025032400253,0.27713031234139374,0.9019166628522043,0.312045283300319,13.460590282238838,0
4.529222683928536,8.37439186514853,0.3396837254695101,0.5468168682717709,0.0538254024416116,2.7251686628960403,0
9.146216818138688,0.26426013642729423,0.04233945060917599,0.2850529729614175,0.0042259262051046464,14.742744290247586,1
10.325014025695841,0.9637383057429457,0.8687457758035334,0.8779268918167041,0.8361254161185249,1.148545486059598,0
3.835460467992622,6.748900749417723,0.5824297349221781,0.0544404273944078,0.20023182252238636,3.462622056682583,0
0.3773054445468088,0.12589448118980925,0.2981222918836933,0.31407691732957166,0.6302546641591356,2.3215624648362545,0
3.6091842653258706,6.064844423834198,0.06941653144936555,0.5368284012021476,0.5770474786439196,2.228467955065664,0
4.345384961332792,15.346123353757777,0.7234095031624597,0.33981433604329303,0.39963307674051896,10.602106172025746,0
4.9522823330112065,34.12522310918845,0.7487375195490611,0.47673425537885783,0.8334933087006338,1.1288866715249184,0
2.1836379737231733,11.575091123909461,0.6661786521150226,0.2643162523309839,0.698401595693379,2.1021405219174834,0
33.65301032030999,1.7185337948449937,0.20378097094672953,0.13008309093289716,0.022741463439172938,0.4089321738238893,0
11.073874973972393,3.1933741688461854,0.9132160585086049,0.03685413861685172,0.7766940733566847,8.08338205091286,1
0.7501084570013711,2.4200173410365715,0.7531580190208763,0.1576465649121419,0.5069988180017623,0.520781535343401,0
0.6771763859526969,2.6022840197082506,0.6577563235839703,0.9529465140248118,0.34701928908284685,0.4976321675198731,0
4.780499778159111,8.623361333498602,0.6509439234217875,0.5754031333367384,0.7268846565116779,1.159069131117226,0
12.81152158262301,14.51147856186385,0.9043577000916412,0.4889601252779515,0.6860656296462694,5.965015973154647,0
0.6933799506828985,3.379232457452082,0.9283071330971238,0.38432383930570857,0.31058823786894907,5.693499091908856,0
12.911561080099682,0.08409936052009062,0.59563741801024,0.7084201459833853,0.9830388714978814,4.721452367506224,1
8.565293609972787,2.558353971008507,0.4166694109625484,0.14125947590609333,0.6487084867117533,18.307398824635065,1
13.35526397244283,5.677147135004983,0.3637339795594162,0.27612986765266345,0.6057797124538936,7.336912524722562,1
13.831992124028533,1.9020766744631041,0.8190788410807225,0.6559021196637528,0.06988036348177207,2.240511471399,0
11.095242125497002,3.3996680146863176,0.6446053398343335,0.47906436458522794,0.27931878034473745,3.0176781399084125,0
7.568524454381934,13.475120738224179,0.07726603025365364,0.7700925389590887,0.44697400232644147,1.752840868708153,0
16.74601409620541,2.196564703020641,0.1421860130150272,0.8971098439566533,0.6306257043096763,10.102873169838766,0
8.001097651939904,4.986013390562383,0.9001858951048464,0.8233725913706561,0.5127636307303778,7.2323931446972765,0
6.815596477954922,5.500959374142161,0.8844981481045009,0.18420771426073201,0.7630329334713912,1.7723918955746665,0
6.003215712923774,14.295228922780735,0.9518324486974689,0.09147023552697853,0.2625677124679019,3.014800040032587,0
11.202959715642521,3.8465990679624538,0.42785096732832373,0.1694406005450485,0.7021569952824843,1.5304955086048704,0
2.7898383254368917,6.373845556378429,0.7840609076407071,0.7835306916002306,0.8165970468911625,3.6094434560243496,0
34.34819231239441,3.1713885679609253,0.8282250273143216,0.9138310894927105,0.7650499755829533,1.640078635341011,0
12.876749804700305,3.452190453545116,0.3156969058381931,0.9254488677038575,0.7708465845880335,8.339781993766412,0
1.4322824763125839,36.06217670341307,0.14533771122714223,0.29821578937044557,0.8885070572621654,7.946197042625318,1
10.156789511177191,5.237557892245002,0.9970263616391729,0.8403413780135583,0.0841785424804895,7.240669434406568,0
10.552839173119144,29.314933301661814,0.0302192037513499,0.5362355350220966,0.697191571374103,6.5231153120980965,1
1.0497116570771552,4.423564300988084,0.597335918711443,0.8227918483482073,0.968678201116461,0.6537928534018187,0
4.48657736882716,0.3823224776173889,0.6502122741817089,0.548364842380001,0.5736506498745382,0.5543337855719553,0
2.7398967716257117,0.8025755725848458,0.6817893419696484,0.14589321977911818,0.2173163119843926,13.339823567042936,0
1.6107370549012079,0.29095305088800244,0.2556277439690897,0.07921955107309742,0.9987538057742129,11.037207824378683,1
2.360739355762225,8.028567194142202,0.7215792442988508,0.9572191492093396,0.17467729282147892,4.599725301662639,0
10.955420624338494,6.327729814324054,0.21639956328126553,0.42580255643157894,0.3355576973748593,2.953447633510429,1
5.634441635142783,1.8636971617735694,0.8290382557516824,0.3505206448973178,0.1720621884171678,3.6512989701343566,0
2.7897962488696653,9.751959788238022,0.21911667408463453,0.3563030847683104,0.46451286875006825,8.129046987067833,1
1.8448917733133516,12.761316630643137,0.6967060290760775,0.378934411475472,0.4188760096109583,6.558363558240316,0
14.422434133301518,6.314384328001062,0.7834134858339759,0.9449968278943381,0.4912408965105728,2.970489420114189,0
4.932534659396425,4.263521894861768,0.18894575046218876,0.06270458740317586,0.9279834000554296,2.061533085926096,1
9.66775430830815,3.1842473426454827,0.23798648763260277,0.11906128738229915,0.4783243858342251,0.9358512439915485,0
4.445671995058302,1.8108538800826317,0.7791037387343669,0.7896515154818492,0.5146263262136441,6.92453260186376,0
2.3893867664911155,5.197789028508818,0.08599897163495285,0.5494094913401387,0.8866821059184681,0.3512601511779168,1
11.209007318257072,7.273140419979557,0.19076095246666414,0.128536757960952,0.8177579940148323,0.9106975636737136,1
5.785815153024554,5.016077396592053,0.4555309061899152,0.03446013677833637,0.23972203122544422,6.953053785446022,0
8.273053719086219,5.662643388230334,0.9301819287447706,0.2242343482792274,0.012925955228850206,3.6965528763289726,0
15.132166669921578,27.4218688616622,0.5618778348930105,0.2608107377102711,0.6294995922020511,1.0732736330801684,0
20.59921412297706,21.15247215631621,0.3876778482082255,0.014213029574641989,0.84484982383752,0.5918271398497377,1
10.197743660535004,3.8557817910985497,0.9783702222224766,0.21609053833719338,0.5528501126104001,15.648529297215523,0
7.809990592547073,2.306843018025177,0.46371130622128853,0.7383189369523997,0.21117692001284516,0.6703050562419006,0
12.730754046968386,61.872788769451454,0.43373497368748204,0.8554336896370037,0.7413550906753068,0.697267005248715,0
2.589910654157785,0.9393461549808156,0.4116443168877235,0.8982358297697178,0.6695392826112699,1.2283034304758966,0
3.1101261276562124,9.020270559046805,0.31218007260679626,0.3899140326435434,0.5650325374085529,5.585569710342428,1
10.48327170432184,13.492561157664738,0.32569480973758436,0.31941372590355765,0.8633361740209837,5.353804768039808,1
3.0898836166967554,0.15797007554878723,0.6878370599294981,0.9998608482078876,0.7842423529390328,1.5093626005264933,0
3.0423877753628803,23.170918021801125,0.040835597341881136,0.7693404509215888,0.6679520914227803,1.4735539801554587,0
17.01193215612725,4.674746091461452,0.6818167256463189,0.5373520809075544,0.6647586690232183,2.5926303334063707,0
13.534813325352445,8.47663615201986,0.20120449812587282,0.2547714326893966,0.6622026342982749,6.843064473374128,1
3.1881318945885817,1.3381253112229363,0.3842080032044929,0.3213054528851047,0.525164744916564,4.169846537368561,0
4.848048978778641,24.732694937487814,0.146538972560332,0.5153643488293872,0.463921644643847,5.5516440063161285,0
13.947386196214467,13.47067421834198,0.5527510440724698,0.5420829197907506,0.7096004594987196,3.065765707691646,0
0.7891707065505296,7.838422705561905,0.7293504449521396,0.01367864427367782,0.6104944814702311,3.434032640553447,0
10.207084231977072,2.874183728895555,0.35465557605636466,0.9594000852714745,0.4899805623005431,0.40076403759129675,0
1.5010761810512203,8.618270554232724,0.16341657754026295,0.5756062473515635,0.1266613539110416,4.1758301196436705,0
15.628920506210259,9.834449730935805,0.22650558193117554,0.5891582444091333,0.7019287886531655,0.5559122747532343,0
5.127647947516304,28.90660818709034,0.8181129185255726,0.2114711337538192,0.6459985705779654,14.898030288954855,0
1.4040232754340052,1.0209665121777594,0.2676487350598524,0.7649871788012479,0.3422484259735036,3.2067001630879304,0
0.0038738238198496246,4.845777241795593,0.7747025930112271,0.7372645200918427,0.35632316621507676,3.535968265090839,0
0.2597762672757027,2.004802294656263,0.33119940680621107,0.09515797340476406,0.24672238413525227,12.383981065191277,0
3.1752571649814847,2.553571873327214,0.18873255434296254,0.5949943722599202,0.9619152563650188,9.376506176471956,1
12.30042979663772,22.189133642680613,0.727308559627431,0.6581937453298798,0.8602013628687226,4.6640132210488225,0
0.289232518273418,0.8369804546766826,0.4685450294752067,0.8355681745738773,0.5610490294122168,4.898887766035877,0
10.69938073926965,12.693463397349472,0.031277251274806406,0.20609117891771067,0.40165314655851425,1.669319490273847,1
17.8994084281008,26.178855896486517,0.9599424193443986,0.8776347968064059,0.7368252636964233,2.6213706086473416,0
3.4316530598759405,0.1841617650906366,0.14775344507210741,0.46148107170759567,0.5277281761259972,0.2493521583123812,0
10.698873220562357,2.175112804310955,0.3534069764530914,0.09652361930564479,0.975851033915114,2.09551175217869,1
0.13124002481406813,3.361008459344573,0.3847946349957073,0.10562122151087594,0.05512261392215456,1.0445285029705849,0
1.0391807745189625,0.9846901904679344,0.4894298992584133,0.19780445367316957,0.034285734053475125,4.2178049862840234,0
2.2861862092823473,0.5995638531522829,0.7854440223341707,0.2827507059853085,0.5686110179733733,0.10526906533367951,0
4.433430547940607,2.1663558317954785,0.006090279675126764,0.49640580445979965,0.20327922268890675,5.279427944606527,1
9.905646397227342,1.5564202633784683,0.9324720513360747,0.7487511977445599,0.6043041635501925,4.677916678186507,0
13.916197281301466,8.923180269244515,0.6459894602030112,0.1867259020194323,0.7814230285471774,8.776020450056194,1
3.8055492973900296,8.867096318163297,0.9506488791489356,0.9926517944995366,0.13810976118487284,3.3414546627516417,0
5.755757155185045,9.301220340664534,0.8173895374164858,0.1615219317703126,0.44060822418952794,7.242335744516152,0
32.121403564402904,21.96941213222282,0.9278382180832169,0.5993779677221475,0.6886670834493552,6.605134349234335,0
6.341766478621781,0.6860554391248531,0.6010005509356781,0.9289404358713399,0.8338635706729712,1.41318124237055,0
4.260342472885868,5.334169340492548,0.35730898287717483,0.8325074228768271,0.49634409003635727,4.03823852880208,0
13.791823686576047,4.743896583233945,0.4429140631136037,0.6478892016631599,0.2061535869060216,10.462559774852618,0
43.68031209416061,22.845852196416143,0.6580323103841129,0.7154929967908985,0.585799255585633,3.878752535206729,0
4.316780798684952,1.8308734127620379,0.4269318597663363,0.1342056267053643,0.45451706872499953,2.2580887976046324,1
8.828359480225899,10.908733555533743,0.7316727834677892,0.00966305376024823,0.7719254270044859,8.844069821542886,0
19.69344053562972,1.5876036501421924,0.09184801608002957,0.43414878436037274,0.555576064202948,0.6720491750925796,0
3.5773055278930905,0.6961340115486411,0.8299866489848887,0.08951892633830305,0.2794228449704308,1.183017868308829,0
4.7095857144665025,7.582628076148867,0.20418863964200418,0.35775256191282434,0.7543929197211882,0.33146321909265275,0
6.225808289286079,7.443811884345492,0.9439476095247226,0.22374279356973759,0.5177470129619597,0.1368621742827218,0
6.855938775262142,25.354727649476203,0.15554579993726791,0.9163467223807427,0.1775465522783275,1.590848004053145,0
10.704809800312619,0.8743525384602112,0.12916419610239782,0.8800559990080575,0.5630723231419945,2.3961424606581807,0
9.605004725678755,3.463797127659758,0.8118761105873928,0.8189428485310084,0.9483200598458729,8.614517050961744,0
4.367026937009968,19.126300507145565,0.8187018277030144,0.7139442984139875,0.7055162609377361,17.771060752760445,0
20.54459151657015,6.861675584354366,0.7387594198812473,0.154071929104027,0.2988033614579789,7.411902762735721,0
4.552506004470621,11.463765910353079,0.9605304639047046,0.048367426199151575,0.7108731752928581,1.3833228148413492,0
2.1525510513206862,0.8777388782771955,0.27053962868541603,0.6538878578546925,0.2826063110021789,0.27471198369058636,0
7.817155020808668,0.16936940912137016,0.8266487389902876,0.6422581371750993,0.5426888375412618,15.657563939025067,0
14.679741194030756,5.246216843592087,0.35204053004342084,0.36942428475448097,0.5265957637875528,3.7349558378369903,1
2.501827005618617,2.9039744331701436,0.5373986255693407,0.4726866664355971,0.24739087891180367,4.112982343300193,0
7.159184575764876,8.717577146473309,0.4456000297013287,0.48914938823798937,0.347881199879818,15.538336209666765,0
3.1957745303594867,13.011048968547087,0.005850022673607236,0.23992813274650637,0.9421814547860456,10.040314828074147,1
0.26346871618961776,19.875791317094265,0.5744621935391577,0.3141666119075859,0.2505985364154336,2.9903617519591474,0
2.2251341149775468,20.51984256370899,0.747505887763953,0.4183895546635016,0.8010270436309859,12.730548503762902,0
9.367378542712975,9.62904023016371,0.17455238357527125,0.6031790299115898,0.66737058001214,0.49438691625550024,0
11.242651368733485,0.7337644396694287,0.9316558618930374,0.9558192060173925,0.5326291325257645,0.44822398835359434,0
2.118558363381959,3.0421394241817823,0.5303995394185038,0.53848460951904,0.13751486946516345,0.09210240577988346,0
7.960930185389865,6.297662184383126,0.1782460031510935,0.7311639095432015,0.2045707527063778,0.9086576042363101,0
4.487528333031235,22.427345378315557,0.6459475709168853,0.8070011023955532,0.17897762359040392,5.717470595947125,0
7.428003418369764,0.12507458367490662,0.191922708515344,0.11350812130855359,0.5867942589737524,6.949186916730961,1
0.3115498513723283,12.623437505727798,0.06353334829533641,0.6531246675539409,0.9733831967184781,0.0791260236765287,1
1.258470650341587,2.504992488129711,0.6853152424192422,0.4821107202544245,0.8772392627749948,5.130433447459563,0
1.7360211722890353,1.2499098436282383,0.11069488330549448,0.5724309422478921,0.025251882929577252,4.047237975730874,0
2.737080260312605,0.9868270067151685,0.10621744837643532,0.03841693576904459,0.2737266244623465,2.4418414213329807,1
4.382018574735954,4.204621919804288,0.7399435631818133,0.9062157365473852,0.15725745893702214,1.6971075308898724,0
4.5594157962633695,19.692027442402352,0.05520223320807116,0.9527841495754501,0.9756778418979017,2.615198631721039,0
4.462178669097004,9.7188211413899,0.8097691790479546,0.003481923684611754,0.23561023459781505,8.507527250623856,0
1.117159717455704,14.845174139893897,0.7961487586478276,0.21279159204151088,0.20131318503879392,0.9337080095571925,0
23.121348058669142,7.507644354889438,0.141393428077766,0.18019417370894997,0.6208752935822592,5.786088473545751,1
3.3545607304456713,5.543135988945535,0.5183806472769689,0.7813045172798514,0.5561865835747865,0.022202380389465603,0
6.424166144743797,42.58319733887035,0.09662549096894235,0.5980800591118203,0.22585148378123487,9.078893119670322,0
15.873941550663982,14.648309899394219,0.6325712197859872,0.17733366329673173,0.6703648645372422,1.599974365575973,0
1.0951027188163887,18.271791655694223,0.06293001297054657,0.8139709553188604,0.09700721129468914,1.2595267576456906,0
6.696461561396798,0.005372831713612969,0.9444808563227473,0.35347487180574844,0.019369066030892168,0.4371794522379227,0
3.982460244678139,0.4447238135969304,0.20773073536958164,0.46085687629310235,0.08241479070634683,3.598707838738794,0
13.42785903271629,7.69931488832897,0.6828946559486451,0.3873066053206454,0.3648682259757726,6.840970543228312,0
5.272482042023641,18.65244350729228,0.12829142437711005,0.5213802064412295,0.9750163278748174,2.934951449616669,0
3.4600793127924834,10.24629953840789,0.20959644832677649,0.48014246882872536,0.5472469988093639,0.12063451936394018,0
0.10674667164023521,0.055718819353626034,0.45094964888337064,0.27458400266244265,0.7547261030154672,9.454820632626145,1
21.61621139181394,11.064600336194259,0.5730961413415162,0.4245560374938403,0.32149575223155935,3.721627370803336,0
0.9126105974486833,12.880482637733806,0.998863240391683,0.9083371498543001,0.7193390654833292,0.05220101656285,0
7.8216907738574895,34.632490212812044,0.025926228090944137,0.5028941364792451,0.9661811981223575,3.6731867470709023,1
2.9681548730213705,0.039379352924882545,0.00031441964408696066,0.9163864104223756,0.35776089028205327,0.12809434045009707,0
26.36147175512291,0.7855079021150478,0.350367094714948,0.5501270478179646,0.999059434735025,18.096397293681367,1
1.3322207883829829,15.4153855037756,0.3661563678024199,0.7688172932641588,0.6384099510316661,5.085641218095171,0
21.680442740713985,9.224556235419103,0.8838372360986316,0.2935913096597129,0.7485914124647238,0.5080725954498143,0
33.08884810733744,3.907304868267096,0.912582547697302,0.7904134900444079,0.25216723884814995,9.728805092831553,0
2.527716377022027,5.476979296628959,0.8805249763593188,0.2643216129849856,0.6430907691772416,1.2509651168810225,0
0.8930670533229043,6.367905748243114,0.14317875048604778,0.019549971642973007,0.5110062514623874,3.2792306313053903,1
8.50356254977765,19.99085212726996,0.41210483518107344,0.16072894317769304,0.956402645477436,1.7194041640573934,1
2.446819293410905,15.742108516987438,0.7458851622950232,0.021652875032036834,0.9046750477895155,0.2572231344091549,0
3.1364830424042665,5.452431058597616,0.3126110677842414,0.9470626418914286,0.3966725989250772,0.12778152990937078,0
10.82240944127276,4.811436699096067,0.6632380285105512,0.9999770204176942,0.9468697515382334,5.716886030537176,0
16.953211007346592,3.9920685587983806,0.237142863191092,0.7622302636195206,0.8848125527500097,1.3126076543055718,1
7.439636790810094,7.004298692568273,0.32341925796080806,0.10812816375158762,0.5903838503691392,1.959864093913736,1
13.141149974801689,12.62141188854356,0.8604296493484839,0.8989454603326495,0.08211790878954028,6.871222657699341,0
0.9771955819890616,10.964639639018472,0.2505090360889951,0.7437761832661044,0.16079024065953773,1.8932067789760247,0
20.031967608031387,17.811574301701974,0.9643240868848629,0.3322445154020879,0.07687424467380022,4.812386573161164,0
1.10177325567052,7.4020471915373784,0.3062595609368469,0.5022779118089321,0.10799311464906103,13.268015151379288,0
0.9553534872721272,8.547742926585078,0.023528109823277354,0.6617593412619689,0.9769523743930777,5.690264550990351,1
2.442755229230672,5.061516102291362,0.25490090380257047,0.024050475673271232,0.2121672992161523,1.0575959531867,0
5.995813741360017,17.52600003963888,0.17120494224342575,0.5015409120998952,0.690854582340663,1.2735400420354726,0
1.4597599018489282,36.77149249240252,0.5068269662175497,0.7323954332549851,0.6365282576827697,4.975982949694949,0
20.616332804041,4.085440899051134,0.11271606632786002,0.18822537189633282,0.6311448648530038,0.8297507990113219,1
2.018203154120354,9.999850118599278,0.6260488772454097,0.44379057347933304,0.2067039995960298,6.3978316850068815,0
17.163228354992757,1.8463312099123264,0.8748990705564946,0.5325301291849333,0.5793465943846096,25.62370423767049,0
19.973064451394933,7.251756100273727,0.3625188818037357,0.7355653719592322,0.6255383495849516,2.002431024623588,0
4.549574628186243,11.468041119027593,0.16849271930540444,0.9644537107931075,0.5704053166451111,3.140731168874769,0
17.976706454899055,2.8512548198265852,0.400024995784413,0.8482755480042915,0.18616246727567864,7.993488423393952,0
13.318372219052625,5.12122504048773,0.785966821450627,0.6215184202299502,0.7230605970747089,0.5556645072618138,0
4.17666673930952,26.666967352062038,0.5914876740795956,0.5836406748348093,0.07324316191651103,9.630202224983272,1
13.419241722227975,0.031164623959089786,0.10114321332760312,0.6031866930726707,0.5912000118196219,6.086742805763965,0
9.219888387978019,17.979588548935595,0.5371871543270333,0.5451786426597738,0.4362593324013133,1.2669913732691862,1
2.651541296623659,28.70601755876098,0.4680853814555932,0.059362880258923556,0.25028659313307366,3.981522965895296,1
29.73786811680177,8.984910771528654,0.32711225602116145,0.698296394588205,0.8073889890261388,3.87767797969691,0
7.767218400450235,8.60631954268096,0.11016059605332329,0.716336800129603,0.1758925666721839,2.0628399856078543,0
14.937319857755751,4.395100934523851,0.9811119356202749,0.5124803622670274,0.932981759897951,28.265741392317526,1
4.512988711191476,17.129836861716658,0.1760433198932556,0.870387605402543,0.884565028321187,7.3807163529516,0
8.558692341948444,8.711202779893437,0.19274289079074547,0.6724368027566785,0.36058754716208297,7.5455077098501535,0
2.2718722031219167,7.075348646406931,0.14558269210223584,0.36266465785701696,0.3051529308585933,3.251883319048312,1
2.933429443309963,5.532567621217006,0.5701930386989381,0.01969435359863425,0.13748668341890213,6.660226545292366,0
11.473020688086532,9.159829138460301,0.4436695744827004,0.059161646497680076,0.9163278159339558,7.629346834858964,1
16.27180081657096,0.015818040015006217,0.24955718202655597,0.3517982616417863,0.627531858823272,0.8997922378071542,0
32.79946339113891,3.19308381758942,0.42942338302152816,0.46210532519868286,0.031783582143403155,1.7048137826147916,0
5.596445593937426,6.317755606864017,0.6735218510617179,0.16687111950842504,0.5109994145616105,1.7493844217559067,0
0.23708903300376613,6.969444974452059,0.28170053149863017,0.1893283064226321,0.0857989478293869,3.611754195791292,0
1.46717822650336,5.0586799916097585,0.9152457760303804,0.2302113587793363,0.5737506849528418,6.644454003732516,0
1.528866938916259,17.850346725559394,0.3063462371777058,0.7805133395762727,0.5089617183208125,0.8215976289940242,0
26.701979220333364,9.380823426737306,0.19817903082285326,0.7712878409517714,0.08284604550272201,9.472034423344288,0
2.9887152101230408,7.609770516531611,0.9545678468728145,0.3829389854137788,0.8158605931167728,3.998597758710192,0
3.1157418658714158,27.086654754112743,0.8105606101181794,0.17236438158439582,0.26231717716627767,4.611669488307356,0
21.687458086496203,16.38453919516193,0.34313762484346555,0.11090838506346923,0.541484364166699,9.050850384879098,1
6.331878395895113,19.357271764319883,0.841431851143876,0.08712931204717322,0.6390388766305344,5.40114771925457,0
3.4518326235681,15.147113610347064,0.5188142491538,0.3912792508993721,0.9623045335751665,0.7503072777666787,1
0.25236879568377824,10.017118711335097,0.3467524982610628,0.0455424333211194,0.49381169287984594,4.0003654289244,0
0.7892135398360559,12.395359403242795,0.8396115895392143,0.333635037126335,0.9173157722879235,1.9702002694866603,0
1.96238118756806,3.6816358694946865,0.7521650668644404,0.9615332425411374,0.35485734134769886,10.045149716897521,0
2.144696320340988,1.4997992593970702,0.2978748426431058,0.5075046156100387,0.8574372016499949,4.921702813298428,0
4.855408999976119,10.727513310359246,0.6066785152579738,0.822644656835189,0.23582622695141675,9.132973724118473,0
7.245912142818479,0.8407200705542973,0.3693902235197972,0.12926594589539908,0.7074797624354178,1.531764951564455,0
2.242932038664721,8.388370045364839,0.001051972560388137,0.26807878240970484,0.08861199375499651,4.176275903803798,0
6.937259176485079,0.4578221968563318,0.9618157414002794,0.9465464445440088,0.9860503566836593,4.83283026128859,0
4.485500256883211,8.605367196072407,0.5496290760728367,0.3835518969340236,0.953936399862368,11.454371215315803,1
14.23657039462686,1.313601488065391,0.5984326016657832,0.6484061284483223,0.4422136385173777,4.148010290325304,0
6.130669523276229,4.596331685377944,0.5998914256772949,0.9761267791625894,0.5239352179902536,5.6892385225733255,0
5.599314395577073,2.5589196560792655,0.5506414608194028,0.5507877563307355,0.5977748623180221,3.87344189611939,0
3.8652982363712987,5.323677950973127,0.29004784477359347,0.3053459492287359,0.27503755968967003,2.9185149963741503,0
5.347220174032275,4.0685164055517005,0.9715761249080562,0.5319484559520623,0.6744714352051626,0.8699616548124014,0
2.9189707004689796,0.9829449475115029,0.6216684125152849,0.05463719933085931,0.698561946604516,2.030528568148707,0
2.301645363470571,0.905729595843562,0.6709213605539615,0.11236987409269117,0.5250764923252756,2.340901296412876,0
6.928309314009881,0.47606027247778204,0.4547927573170498,0.0071711050522699216,0.1477406924852177,12.721463441797843,0
3.24973581960674,5.909277872654961,0.28786140049078257,0.8842100415650043,0.9191859438916,3.977133922827192,0
3.1011958977905043,0.6862943988778225,0.06434898217492935,0.6712804288995956,0.11504508234561528,2.8392521946489397,0
25.542443049002173,3.290556042236312,0.35023019656788623,0.2983297651327481,0.6291721687105114,1.2565428272462398,0
9.265398269998926,3.075684385063292,0.1760974292683921,0.2211614192073046,0.10308859660975511,3.6834296467091567,0
4.062019867961054,3.5345458676151678,0.6620882682570118,0.6830766011577799,0.1461007091329226,1.5010700861074935,0
8.86851089756731,6.562545494602921,0.8790038848027194,0.9195320647852825,0.020538314028828997,6.233966400224756,0
14.395822394003257,2.1580780489665923,0.3027548582456523,0.2991390910521107,0.36336408385675956,2.5312295696215297,0
31.662566167275077,3.8769375680445846,0.33288262541404656,0.3215591093867818,0.6395825644220379,12.186541777616647,1
6.682238876699154,37.849110853075814,0.6703645038290117,0.8542407251937729,0.521544219732872,0.7563828902634306,0
0.46398295493326175,14.738683375472897,0.14927143424123634,0.8933758158837523,0.6745391512484857,7.194925473200633,1
5.732785358356737,20.52248169753527,0.9294374266776991,0.9140365668297785,0.6750188608709529,7.513888701348548,0
0.6879374104072026,4.413413453217138,0.36384678102548307,0.2931542080066948,0.14017374399423865,0.5615202417149973,0
27.344726714426564,2.2814044376072005,0.10119944592677466,0.1203125675963489,0.05733740342171556,2.689315377586059,0
1.2502094546678668,5.742982179020103,0.1746840049206415,0.43999757199854206,0.6253581404346699,3.859825215036456,0
0.571147422340629,3.689329776399804,0.9327460760074581,0.29576486514118105,0.6532243049752426,0.3211312858160854,0
18.49056572347161,16.017770920156387,0.24711928836901997,0.8838666668118358,0.5567037351417045,0.07247994048697551,0
4.615088873177332,17.617027200883552,0.6622688038312864,0.036634941803544874,0.24576246632407073,0.6270352971234432,0
5.770894749938901,7.746257444592126,0.15616522353826512,0.6338804696362723,0.8107652169822539,0.1668889890383722,0
4.681601514686456,5.4412537546881286,0.19410169234877772,0.9061813657481139,0.07568601549625709,1.385596971298383,0
21.229938590384073,4.326912087299924,0.8792382188999776,0.976670366806066,0.6323117893213593,16.82029980973099,0
6.979982064440859,6.480276094707093,0.1480332201025618,0.6501305992980432,0.12041153587937214,3.970517976937517,0
5.143187139614823,1.364836138381563,0.018750586736279162,0.9499229570223799,0.6544477164332296,4.642278855559686,0
0.9064323014430158,19.16184832628172,0.5012331895262763,0.07565946262506729,0.41772578782349645,0.5207859666755977,0
23.427844982839392,2.921760194877538,0.8627268132629347,0.35927834599623976,0.7181030554376714,5.552402920144615,0
2.1035871473155683,2.7530261256310813,0.32599104541562474,0.008714697326733689,0.05219220247693468,2.382960373646616,0
22.109441718938772,27.313188286490853,0.1281622706457105,0.9811837721908184,0.555082988480368,30.28295787818278,1
0.3949907373770775,20.79614628429124,0.9822308295656378,0.9027264787666992,0.14487789888007963,3.1765681192772792,0
16.340298378228585,10.849794738453188,0.6767386294894133,0.028052556248201355,0.6823816316104737,9.981191783640131,1
4.490394750508462,1.733911072742668,0.8506906319481564,0.018132650459765975,0.11995563131168241,1.4000648257417545,0
34.67171738670743,8.22875986597185,0.7521382723289237,0.36696949410636615,0.07358332295192582,7.395856378911758,0
14.207975538574884,8.202558828201045,0.6982422739891901,0.2585379667909018,0.7131227981836126,3.422576882745626,1
1.034251930088059,1.4644277145461837,0.3845640671309203,0.8469322772425022,0.06353193456828232,0.8586757300827231,0
1.086161344852328,1.122385801835756,0.3243399932036394,0.1604844032718623,0.22453081793151608,4.385281329437641,0
3.148390273763614,1.5658380371035654,0.7169585958944741,0.7906494627008573,0.8247351971256721,1.1014054111244551,0
28.01949685977734,6.652423233769418,0.7167130081772302,0.5544596999906632,0.8096883078082263,1.1958425483256026,0
7.181231422678632,1.157909420482001,0.9505883840490933,0.3773917714049878,0.854125757780776,21.956554100820878,1
7.069658727820357,1.739451170754561,0.5686598178483223,0.14571976173337875,0.3260998895887137,2.5512474074964127,0
14.256390148460993,4.011504115223201,0.29462110578767353,0.997691305959671,0.5280480287502093,5.5203636900899165,0
9.841656203775292,5.35126016693811,0.48952879933047744,0.6179861209215367,0.773347352606152,1.7322868223141177,1
9.514432121795537,9.409661360722218,0.6137138167259192,0.43938223256799425,0.13698551501108047,10.08693439658607,0
15.348148756139842,1.6930299808476779,0.4267297995769125,0.37112755655273166,0.7243908792157182,1.640737701549146,0
6.7852593132477965,22.915941867514967,0.7911331233595482,0.9057282306308553,0.09748634939465461,10.152909693079708,0
10.558233627571555,2.7288885179711664,0.5846132122158377,0.821191808190761,0.9132506086268677,16.806169221141595,0
3.9766269043169142,10.491179554378286,0.009435727627650548,0.8111857883682237,0.6373101825116259,7.279580780875997,1
6.0281055585464145,0.2694245951595293,0.5698398882320085,0.6161984729623928,0.49330531268975586,6.834979186904853,0
7.775507867332126,5.094816591217888,0.633603785941861,0.8879565826958018,0.4847292546671642,8.71343248341469,0
4.016345150163375,2.80900779299503,0.9152612515440707,0.2992783721220704,0.1813620478449104,0.7403537489839107,0
13.795007272418948,12.772755120700777,0.41372167366418855,0.7037061351632893,0.3459173724546537,8.923313509974617,0
19.055829945281694,18.119390415615698,0.5744676592713583,0.4044477423918925,0.7271236653171491,2.7938402896000065,0
1.4710853603773753,8.761808492173397,0.47499745071437394,0.5999988085596921,0.5409436208543885,3.9547513381465653,0
14.712732655171338,44.46220541536478,0.5316564284688854,0.9981530006126929,0.5293062041002629,3.011102692422025,0
0.5475833778923009,0.9615384235041045,0.06730407066899646,0.9845247806753183,0.1952458945455794,11.584878291054718,0
1.8840420034406677,7.606578613159427,0.8972836675331015,0.5126190164674482,0.690362311953684,2.0545140349735473,0
6.77661458339706,3.9319191976522836,0.9104123398316256,0.5738634521648246,0.3920339010613503,2.366765503420502,0
15.452127547800895,6.895200761495801,0.5480596098426327,0.897321769137301,0.18275333843853414,11.488026144158717,0
29.231609894151447,1.9796927932916983,0.5565555157209455,0.985635712513855,0.9437847515963292,1.2051831165425657,0
8.342301319651654,12.189790075718298,0.05755603594395453,0.7786078026260798,0.5067987468656051,5.25393162183857,0
0.4733841894629146,11.429792292027221,0.5979505131197568,0.0651844579586307,0.5280366475123655,2.6132013819318214,0
12.209305082620675,3.5980431458648354,0.42915178987916247,0.32263973434386395,0.9813719102148061,4.32431480234376,0
1.8539321609499104,1.7165556850662602,0.7090436302344373,0.8965623399203079,0.3664061371704934,2.032435958921492,0
2.013727223870028,6.102980744728373,0.047124916595572386,0.7683525058504805,0.9430206845624496,6.613676080088462,0
0.7563591225947823,7.310416777815554,0.7108876827294898,0.7422330710244271,0.69492536113548,0.5962988700224147,0
5.299915213963766,7.45939904923815,0.2868938238323139,0.6679232304681411,0.6330956327447999,8.021375033020187,0
3.226811071670426,7.000829841472264,0.651705330453108,0.4152638496323835,0.2344183019424806,1.253685588633581,0
16.36062077242816,1.524541695856989,0.627125975312123,0.4032413203447017,0.05175567238779011,5.477758238718597,0
10.116659135050623,7.266230449457032,0.22684148463223253,0.808932487590801,0.4377838382851388,2.5357252438991154,0
3.5119510221930006,4.889484501100189,0.44045234521626675,0.2937802917650709,0.010170961995725092,5.430090125887085,0
2.9015375996728956,17.6529843895576,0.8356332590533245,0.6848318727009735,0.07100251077038344,15.464597513980674,0
5.7435082395307475,0.009304244799999146,0.6055916435947739,0.7262085234239566,0.595326755694373,5.031175018545147,0
2.2991522766893984,1.0022338142905967,0.06873830197841146,0.8445559893615288,0.7244718330730274,10.221496164003703,1
0.41552278335867865,4.721075587451932,0.4429088313208297,0.3198855907070157,0.16794833192427694,1.952751200804531,0
3.5296586414934246,7.130945570643999,0.311771458777917,0.7418892668382021,0.7325004126737739,7.965750129514047,0
2.3139411823640947,5.879355938576241,0.6416456789116327,0.10648989757868688,0.9497258265947518,1.325693965267821,0
10.460585391908714,9.86533840328217,0.6145639412952608,0.13806172895190472,0.7431760807261967,5.013725806078301,0
8.46424239181965,2.292256685783299,0.010398101510140534,0.41733604017340153,0.7847152195750329,7.79359332771122,1
2.065053714795772,3.931512252673049,0.607695509418463,0.05522577635524728,0.7007125802683718,0.021588403528920747,0
15.943807086788315,4.656440562934703,0.7348496539849367,0.9476983214653384,0.2247374404547512,2.7878093707462,0
6.612869774028271,9.465649492821328,0.7687300324015754,0.9018958105093605,0.36088994215583603,2.438847834309431,0
24.10448183006847,20.04937708592501,0.05897577038996116,0.048933695525843146,0.9492669627698173,5.554574069476965,1
11.903413105307015,8.764426832644846,0.30365841710986896,0.8383117218922788,0.6612105789701187,2.8150143703367165,0
18.580425117888257,0.3933821157083573,0.4212735605515239,0.5088741740900253,0.7890247339340722,8.997263580699311,0
25.426882427749653,4.413652627273268,0.1797717077949118,0.7019628883735499,0.9686946188446773,6.167558985612127,1
4.127232722222321,6.415818637217236,0.4207338711650098,0.8869311692981873,0.23143692051266573,8.642297186075524,0
8.80634671774492,0.9449478062642296,0.07112953582559234,0.5769744870776986,0.3216866673265535,2.8369591535982828,0
1.385402925360848,1.7009658052967704,0.11321728300705158,0.11632710028462945,0.6448016528344996,7.164387493665778,1
2.226305677236801,6.633619993610009,0.6686947628434194,0.0025786104865862525,0.024357473784007322,1.3697800257589752,0
1.8295958090866569,4.6746117668147065,0.262572461160155,0.49692153225144653,0.5712190773337057,27.26285537661021,1
4.943254156875359,14.495258166447329,0.7114058474795725,0.9492321321243601,0.8086883795144988,1.4353587067097504,0
9.970794488924625,12.256376296759841,0.048108528016667984,0.5726218716131959,0.6104433738241252,3.700905020158787,1
6.751370549199625,17.609921439253576,0.5627030530435029,0.3729391380882292,0.29539328389611086,9.89157762652773,0
0.22880319063986163,1.2576797793360397,0.3914486635868403,0.030922017080913355,0.7241040833360617,4.033598829766604,1
1.939725086209276,12.689562446927035,0.7969713919154653,0.9149794172782003,0.14603162467994557,2.337686399784259,0
9.995870276675788,1.0788106833000934,0.7839515802055619,0.3271566608580422,0.8947734692785168,7.013899565063761,0
8.124660695631787,1.0093516451543862,0.37555964245750817,0.7047774013150961,0.1009150310404554,0.88546807172016,0
2.5527229010749974,2.75181135307629,0.6227140140877143,0.6942372021114649,0.8634911337624348,0.7352470325195527,0
2.9227857018371037,1.4284343156087114,0.2275488688194881,0.2538831613687479,0.4978094277362325,2.699188571125282,0
12.076005803596045,10.474404127492685,0.5804068361804202,0.06377750646072533,0.4286470034878018,9.471985956189751,0
5.86367756948379,0.8014620508002585,0.08126469394752245,0.38500037867184356,0.5006617605754313,6.252709184467103,1
7.27184907652295,12.728376936619128,0.4346042841186101,0.3171310138371999,0.2002063030929212,4.171477383548463,0
4.555666796047937,2.787826748972284,0.18272768153810914,0.7002563988723258,0.4576855795588136,1.1908004380125141,1
10.906316385543949,12.917415809814038,0.8833811820915227,0.8197824956598391,0.8497198158986585,3.8176017721000592,0
17.837948268381194,5.77717361485553,0.4449008179668318,0.22244541739167467,0.800955242218799,4.056751088190485,1
26.830846002279163,8.570231398692972,0.5907737486375348,0.5282310697764423,0.16304853449132928,3.0793547058402138,0
8.98749884738823,0.46095607362662483,0.3603818603300104,0.04060834738816166,0.6734209781290618,1.995688369837256,1
4.134036666938558,11.569373141670667,0.2887410352398029,0.2142558229334619,0.8568372649654253,2.037970469949984,1
1.2656211503173582,3.537603409978982,0.20291978306153358,0.761761605322083,0.8197675886188093,0.19186442178793367,0
0.29164244728433003,1.3113132008261235,0.9118715826670196,0.7933983204890724,0.4256324432971814,2.2550945724144627,0
24.731890559227054,3.3066332430269423,0.7994657824269527,0.7764044634518033,0.04809284034611583,5.616297067500389,0
10.806161124731085,4.136863059693673,0.13326114443103088,0.14238792498827013,0.9311694229737492,1.1670183253440842,1
3.9712070829118202,2.386368631647145,0.7467248762917983,0.5510347274684173,0.39588511584806196,0.5867279801115647,0
7.6493509698874975,5.924449387946524,0.4185307770366532,0.4227084144433829,0.36097663725634377,4.006138783781573,0
15.110477282111653,13.49695629759448,0.015396654960569855,0.9914862967950905,0.759514944478813,7.998723211663231,1
31.085139842503704,4.670791598424186,0.528367320376222,0.6540698690583361,0.26397221549202254,0.24068702320338548,0
1.770100776499742,1.3619767632745567,0.1300464400848661,0.9352020913957291,0.834747923167292,0.9225453115486864,0
7.2565007893619065,4.3532488507063345,0.20993431309359467,0.1453503050084376,0.07605156081931563,4.1747624578933475,0
12.732118451938767,2.966817732794044,0.696040961424093,0.45087327310022907,0.7407112007162109,12.201026508827553,0
37.188774503773075,0.8247069465898046,0.2571420371411961,0.7716076001058686,0.9657894904415316,4.270358942158252,1
11.364558792028427,1.9212990584530891,0.8918882018418166,0.3678577280304026,0.9957687968741735,3.6513188435911186,0
7.811896086036504,3.7683574104299624,0.6571697584241699,0.6325084961536467,0.9238043600641663,23.28627512207351,0
9.226534087215033,7.045946801998153,0.8322834849108091,0.5117021723736607,0.8707624054063094,11.044123485096245,1
2.826246203072462,15.989121315618043,0.6151895383301841,0.9919294092179923,0.2788802244577302,2.6887754131160952,0
9.183991206670433,0.33593583111369113,0.8688495910220159,0.17387254006549147,0.9666483626297641,14.582093886523868,1
15.860752548473863,1.5797864877289616,0.3616846750221502,0.9353486953301278,0.9278965938143529,6.833401500798986,0
2.47140605452266,2.23694986534534,0.5491405768855797,0.40157095380329677,0.5343725070251866,1.9420239091853062,0
21.5356483798133,13.383626244098174,0.5158904004443335,0.4679929663772945,0.4020776543936796,0.8665693916535215,0
0.8810579624297418,5.802299358743374,0.9037907080779705,0.528601883689979,0.10926725355818823,1.147677349198673,0
3.900460271457074,2.7972303560847327,0.16491540860861353,0.26536654943357985,0.5906340778251248,2.7886128958691963,1
1.4498736935166239,3.9101310909589064,0.5780607631866924,0.963657442610793,0.7005459485221976,0.8094689087012895,0
0.6848067323685927,6.030486572684613,0.7544311942269804,0.9114872052347894,0.403996583181529,15.422378862333531,0
29.416082451358886,2.1410252941318286,0.37004976053366034,0.9729051002113627,0.40602956063053186,1.48887283058729,0
2.5401587320390147,13.619786166104625,0.8675815246159764,0.996919572209523,0.5733113907143038,12.746582199047122,0
5.766141629984678,12.48674261987439,0.37301476707773407,0.669800095180972,0.0277840959071618,5.325015426721035,0
7.862335164947132,5.863556906998439,0.1733087598959161,0.4516854958057447,0.957865896386749,12.271034886727685,1
1.1253683806822865,19.684229387742032,0.5840483554050317,0.8507339014963048,0.2899057070967094,0.4977535758486395,0
2.7563612598252196,0.15133204715527937,0.4205680100373125,0.023804877836338556,0.1408908617688801,3.9728050687296044,0
2.6062526842929588,29.378216643274747,0.015190104682004546,0.8344040447135034,0.005488396134590401,1.2376706181627175,0
2.9817654211380824,34.70240533718488,0.06983859249350322,0.49728602421100665,0.8568915413857133,20.79019721388788,1
5.273747687404581,1.3768061723038534,0.19527718020659002,0.6732200270834178,0.8632073757996691,10.618624334067754,0
3.2445210048798585,2.6670480415881643,0.7693299595181523,0.3740460613425076,0.09530660451771011,1.619337320706571,0
13.482711232348047,4.401579231798859,0.8920395160337483,0.3686231538668159,0.152241302888801,15.979640830181905,0
5.770576503133646,0.9277876708488138,0.5456408740142225,0.03171715281088772,0.44790223125776796,6.781480824912077,0
4.183503194389557,7.516900781736821,0.10556546251412346,0.4237894304290133,0.1857041730663156,4.787771805983022,0
2.0753609655552197,1.9106194802583614,0.534418952241846,0.40835419541933005,0.7358211368367569,9.609749920097817,0
11.489023392682252,7.913818292255979,0.855605460596945,0.22479110186807127,0.058039745705722345,4.394380924392712,0
3.8926159589415676,6.07864135048827,0.7494776291225896,0.24732327353976746,0.5497093323858661,9.192651557522574,0
3.930331046661873,5.209943717762871,0.29109816369737496,0.5841395804425117,0.3827915651139041,5.396548844508768,0
26.63298663079929,1.370806958961233,0.12389060928835782,0.31777144253950307,0.46494648369225156,0.33843902464758757,1
0.47325693133555935,3.5761315978104316,0.900681699762243,0.8302519090172897,0.42475711769560176,2.6084929911160115,0
4.199844769899836,12.161277962068906,0.854088746632211,0.11138510685706648,0.15315918253465366,4.338145896345687,0
7.389916216506381,15.148969839352072,0.05371536514522579,0.5776449465750436,0.22028148530856229,5.522334948641583,0
11.044451208295916,0.9902297971584956,0.8236744898245643,0.16004472713910234,0.06480769891042659,0.9994730556382202,0
10.583990314134928,0.6431743324345465,0.09721263778493949,0.5282406269206588,0.11528557529907124,6.960890700707526,0
2.5983225281852107,4.149591252760368,0.06328363340203702,0.5525458869503187,0.9778948224189149,4.809215938842523,1
0.05927992159956089,0.883302218011371,0.7586008971462594,0.6422976865257292,0.27978681167725195,8.57634220088868,0
8.842953772371576,14.847253918177287,0.536310621924958,0.4274249472728937,0.3070255393395642,9.799188858038285,0
7.1284920671256184,15.671087362969075,0.4145480240903189,0.5094746851292544,0.12710633043212105,12.114737073812767,0
0.7376907373166512,10.623313344676461,0.9038621959760219,0.18095261608129332,0.7551642044967515,2.5193051496044,0
5.656735853166508,3.708160112952086,0.8393035720677537,0.46301534973632963,0.924142810187282,2.5794074329090364,0
1.6435859331694949,0.894096920405353,0.057623471547056604,0.37303038909429054,0.789750537066651,8.946162102396553,1
0.9706550197384815,0.3188453571326065,0.6160872419411724,0.6661311046544097,0.6126158294341718,0.5851109611519114,0
6.825215203140571,9.250592886917811,0.7722674032074582,0.43482172349648607,0.8132329156105762,4.168092292869444,0
8.969046476110833,8.457411537634774,0.5504905797749521,0.7793416509802202,0.4042302329328584,0.9465359392397761,0
7.743177262338873,3.022675739058529,0.9830054990761883,0.42599209857369214,0.8594973550806875,2.075719849417016,0
2.944961018012958,8.507197271228698,0.6860475046475483,0.23577117297395866,0.798518849638182,18.34767168657034,0
7.405761980356424,6.85081612523771,0.1041430126970253,0.2736887189585846,0.001724644256319019,1.0417485406027565,1
4.884362735358028,0.7075836366772852,0.19829801199995345,0.04528522509163657,0.487794134917517,1.0053026337110884,0
5.755659628848545,2.3022521617606397,0.826245621199462,0.5399188106009101,0.2646165760792262,5.706371219132244,0
10.185051449376925,9.563109811968955,0.9967566731443,0.8308808839003218,0.08623291636769548,0.13480283130201695,0
7.234459136115767,5.378572701642558,0.0983392668723897,0.7691117068175701,0.8461960427477748,0.5528475889777841,1
7.967028849503032,14.344335403283305,0.1003293178450484,0.4377894663384714,0.007949684301122306,7.699907608543781,0
13.135460611830945,3.907598431715607,0.7633870541432835,0.1961203551445122,0.7301635020553603,7.595629871804604,0
3.693772904636677,19.929514304866863,0.06435428171653956,0.8634844432974528,0.9881921209971861,1.6589340489050706,0
5.933930449381166,13.289345487552387,0.06856011606484747,0.0567810340450684,0.4820197667062357,6.903040602772959,1
8.287575152739766,15.26602603275476,0.8888164830096625,0.399222725202494,0.37124052994143464,4.3846607192674405,0
14.238101257445392,7.824780974230171,0.8004498123184509,0.8566151423839511,0.6058329544747134,0.05821409161355355,0
2.3656070515279475,0.8021530125680516,0.8815631998643823,0.3931766874041964,0.8046978276476722,0.020954471426236597,0
11.743014626274535,2.7552728928501127,0.6505134021327537,0.11787547075695992,0.24025199377527884,5.971022534985677,0
2.5808675029177897,25.844610542723526,0.32253642193885845,0.2659495003457961,0.2507014291535362,1.7950163881293468,1
3.1778904748441748,2.3974580434799897,0.9063131903327911,0.6000294417429484,0.6071780140868468,3.155465864826507,0
4.400521306481007,7.131571818331427,0.2987235249744318,0.15203590769457087,0.9398798208543053,0.11114305182426802,1
0.9289875772871364,17.855817775323526,0.27551083945484933,0.6549353268423558,0.29843997575876346,4.802854016441151,0
17.262641470619734,16.301028656511825,0.8864004191927712,0.43816193119924574,0.3767546632290131,3.5205390743161806,0
15.788324459989727,12.592924227832698,0.6808225924932079,0.3343895008205219,0.9933333014602895,4.685669065722526,1
24.566650323077596,13.451404224623834,0.8956720847092428,0.24092548052316387,0.1762221652065158,1.3718228845136093,0
7.206319707884804,10.761870917256747,0.1559012892539724,0.8233299858567095,0.07696816837530407,0.17928405766595407,0
9.08446481328288,11.912794719132949,0.9522967977656314,0.39667394746340157,0.5897552388806061,0.7386115534562777,0
2.822917036638001,4.732221736613654,0.6127421567003271,0.7384792656062277,0.024266988421632996,7.101058116417651,0
0.2297500470480753,11.644585987871196,0.6680350440934276,0.44035519263738443,0.1804332312748227,13.79117138146712,0
10.631132759301858,4.772382693981483,0.9140605803264515,0.09186718688677942,0.622209180690468,0.9349011173479593,0
1.7587826184790585,17.27611231478015,0.38075297469462865,0.4405059751672604,0.659512400691333,11.43693730663696,1
2.3088766676682453,4.909632817222242,0.7195749946958622,0.507687779735764,0.5104252496476197,5.107395880597904,0
39.84193045676468,11.95261361603758,0.640340621124484,0.45784219349337685,0.3837480462293833,16.48433156915186,0
1.3269704375377198,5.696542376400861,0.7877527188659602,0.8162417117482725,0.5761975844218483,0.4136875641421795,0
0.743484686427267,0.9359776685087156,0.8969427918333073,0.9108513490430293,0.6433857530332387,5.341102768264433,0
0.6262623729550053,24.678672100432088,0.6800608554300946,0.786778675211034,0.8034820462916507,6.628814093865389,0
8.542174211417237,3.697090752430804,0.06763955450306436,0.5827819022109597,0.7927508282098474,0.6668537464788118,1
3.577985560602333,2.570366089537821,0.18314034584978023,0.5414499605548907,0.6648007655149478,0.7310100829399171,0
3.242052608451634,0.6674396850569893,0.9539781822670841,0.644616030123659,0.8942325832284657,2.3911980013636986,0
6.37454512027715,4.81075803678421,0.9686504733772262,0.2878302964393745,0.8380252535954188,3.419555298955066,0
0.8564417010819024,4.41491015378514,0.9674133136983625,0.8118468461486851,0.1332460082179402,6.670679802270303,0
1.1321857992808744,18.424665759943554,0.036799400400117976,0.8568481776036609,0.9566794413234834,6.135653756372486,1
19.925509875563428,10.813613605319118,0.38244816794941827,0.26721716318183053,0.8917423023179204,7.696252338472176,0
16.98055737236512,1.4899144273138654,0.759672703987996,0.9028182081400776,0.3209271795079598,6.854849876311535,0
6.635529180231367,4.076175688501789,0.7528858036578309,0.8487327239916674,0.020184418607039456,1.2013705312562242,0
19.601549600270456,7.142534191875472,0.08590890494995851,0.42448676748251024,0.6039759467582875,19.809251051682246,1
0.6352429932860663,20.832448412441693,0.609488887089519,0.9090002020927456,0.43841757686638805,1.555154283088589,0
6.467674294336451,0.40895082432063534,0.14286961854085745,0.12043899381150813,0.7495666625861319,4.3949599726127975,1
9.14915923576572,3.433245188050065,0.49320933286779334,0.027986559208900363,0.5245997645086226,4.8848626016189565,0
14.82905367880882,1.8254474717487212,0.2396857008411215,0.34786682559405435,0.07649043525094679,9.43629177453279,0
6.88100204008796,6.2864207972341415,0.053161171734727675,0.565435698827345,0.24468742025477586,9.606023687886399,0
6.737115178764205,5.888696974096112,0.08001942552660957,0.3514426145328662,0.8825237561265296,2.918830721288125,1
2.758835401600695,10.42074653780409,0.9108929497299082,0.9420677336713595,0.0376896957150501,5.686098649256625,0
8.801814011230942,5.490742735618661,0.7446459642015341,0.25471022905514507,0.736669669398287,0.37970168165614265,0
1.0839055664732533,7.109464618300669,0.9318239817729504,0.28121339359267894,0.2919435079514323,1.1395861281694257,0
15.616950892640675,6.329741171288162,0.4699899323335527,0.6348276125448551,0.45263980304249707,0.46570817124654806,0
5.431556816747163,1.1330852453681175,0.4132924989528043,0.0038638823417082024,0.5310054319116085,3.1658327677612585,0
0.9156812762696347,2.156526031398907,0.3584072925020956,0.7275570523545992,0.25008135730720105,8.073583937024724,0
2.8613821316309243,2.555787574794556,0.61630709605209,0.3774694830931572,0.6519604429976628,2.0343954102555757,0
4.99031304660764,43.34450605237291,0.3515593869713336,0.977747867643296,0.6934422180978762,5.212424220703609,0
28.05715287827676,0.9004732168936506,0.7462732339820062,0.6914175930297486,0.0850594796707751,2.363212305960034,0
9.020643315783776,1.3463173441101526,0.8013173262158622,0.052214955082343084,0.3739270758514206,9.65935189888183,0
12.56299328377447,0.14385496843041012,0.875844593429381,0.09262780874197363,0.7443773012062915,8.095625375794954,0
37.02886933235736,5.529417509305687,0.24280093024527727,0.08816810692415855,0.7216375598411319,11.128942888392576,1
10.962901515205864,11.296252855641452,0.5270220492923754,0.9526222598919437,0.5446033439052391,1.14692613206457,0
0.6076008176393317,10.31321779298657,0.22344461672983884,0.6840515412175877,0.7776747798680141,1.5972958084436883,1
9.915959755285972,6.28112726548879,0.03755582342034114,0.4276060072889357,0.10764489303984326,0.27276506338206,0
11.88044771324956,6.4804328385015175,0.7078253041698377,0.20048268988003104,0.11821126784453007,0.6766284788499677,0
3.0205760041956404,4.829107610744657,0.5489812739351246,0.8736397464358032,0.6574893002963448,1.4105988074380058,0
1.4165744291279767,5.8919126278818315,0.7239272795530837,0.20155592767134045,0.6933338678951289,9.535256201114615,1
6.518918812721475,9.164182151154149,0.08762291140653711,0.7066792164758174,0.8145268553210703,6.8528669797274855,1
49.78640535542474,37.07264388193764,0.995526179061942,0.763324361545346,0.18103687777325705,3.2689398467265427,0
12.26517922305582,18.51438668497108,0.994348566947032,0.2946560888554083,0.5167716594311051,6.161015401772176,0
16.386888382956606,13.875653343006675,0.4649998255035127,0.5049147371706423,0.6608312971355824,6.382378106067549,0
11.838235415676063,18.891593340326153,0.866058715183836,0.22298928231839388,0.22369957382901506,8.612701520013191,0
3.3968102789783097,1.1097948566047904,0.2435685558055568,0.3789296574554981,0.5169278655939907,1.6966831490010745,0
7.6647637900679095,13.98692533270454,0.737566161223297,0.9651343982800088,0.638445024390596,0.21925073198010722,0
23.452779074326987,20.363697304820636,0.8792258568135658,0.6931380346544302,0.21444951147768032,4.150419418690419,0
2.870916723432941,0.5727368732077213,0.8146662660807785,0.8466142061905151,0.3755634102501414,3.0264812026121994,0
0.452969037981762,3.0560823958005496,0.8117740782411574,0.540599571466741,0.216338810135708,1.7599905751018674,0
60.91732735951738,11.288855670776055,0.4630266320888651,0.23903974215135615,0.9029429044285987,5.05437422263582,1
3.9985356033817445,2.4250173758204614,0.8199899477787728,0.7128798566671936,0.23679888192999177,3.1987380270977104,0
37.071289907277595,2.6965049067159286,0.6907048130213005,0.5005679607905664,0.12083462598579697,8.351500958365841,0
7.169005443813385,12.030732294169841,0.13245139814420437,0.1768488681070587,0.035155311527143684,2.6380671529220483,0
6.6051365152757535,11.70938696632063,0.11418440406452013,0.41242988961821025,0.04495347241135017,0.632520766699512,0
8.459178624987599,0.906051260851189,0.7719221359346399,0.6348402190163059,0.19158623496681693,0.10418419901709808,0
6.921603448640668,3.8676887504857853,0.6254640887729238,0.7353318566822382,0.6082085113069523,1.6287816087673117,0
26.29280617684659,4.031422771821396,0.5193761171913774,0.24322079589035173,0.017649874511122654,2.5054395015848523,0
4.334719757868552,1.1791983931937418,0.9072617908488282,0.8759973393493311,0.28674392475714716,9.354707171902225,0
1.321934953143242,2.5790591770268474,0.6595903568712186,0.379551107074678,0.05816689132329933,2.9278609699607494,0
15.652497492009264,0.2623551379011823,0.39614674508830017,0.2711367178927484,0.40365877029916764,3.3501762427912833,0
9.19363318902178,2.6511301596102377,0.4139318081761838,0.1951200554537248,0.04857673782985761,1.1306899865217552,0
0.28441644905319763,4.705858584654876,0.6052443608175849,0.8041713344029736,0.607541776620828,8.633781170461717,0
9.125962503070408,3.233769984636445,0.7602752846863484,0.35416457496606246,0.6884242655190153,7.61455378584892,1
13.333247529978564,12.153231651810062,0.5643533069491241,0.48339902788793465,0.7313375496437635,20.47924061051677,0
3.0507054809986602,12.406474214585455,0.5087608822191797,0.22281982356387564,0.22434339864625508,9.621297251407592,0
4.232313637010342,6.61927004874192,0.7269007026541818,0.6860910711689315,0.8685001619617433,13.773577323670807,0
1.0340070271571227,2.907657860243552,0.7052645499070364,0.7810334075524223,0.6902881673309265,0.5634155391689779,0
2.735963543545944,0.34060814253570476,0.830346840613561,0.3394252489533416,0.05665021929982039,9.00516571033333,0
9.04313917678941,1.1560731825434134,0.06255178627729441,0.945079385371402,0.4407667087014271,0.18423921926574907,0
0.25060408395621386,11.833857599627494,0.7549521320819789,0.03061060956023609,0.7677564933724812,30.18639543191656,1
11.985919717240952,0.6320325232252856,0.51376045095169,0.13294310327404035,0.31089392672022975,3.0008913644134187,0
23.276206313975905,0.33540962022624204,0.07469312003315187,0.5887870315604908,0.3815587739072648,0.8300369588385337,0
0.9319078725663532,3.98538107928207,0.6790100281695197,0.7014068620483797,0.6296038272965429,0.6981240011283724,0
4.6611582195582475,14.800764833397682,0.7165401940019428,0.250682989509059,0.0554808801158978,13.197073593971629,0
1.8915261617972512,9.060574113038232,0.5236271695446845,0.5540710968913485,0.9669350405079173,4.082772272987657,0
5.3117582930296265,13.86633387128544,0.7937989776497628,0.3183862470428127,0.17448101060972787,0.026632518482792095,0
12.696809708839382,3.4916358800261027,0.3002481086293015,0.5540892456215902,0.026671999646260325,7.3955336815953485,0
8.557115754384403,5.189982333053662,0.20190721853143612,0.6593276777642525,0.005322982040420254,7.298962484549751,0
4.198784236058369,4.262505496446559,0.3507339517432785,0.9728080535690574,0.3995543749993957,3.7211085809389406,0
1.705299616195726,9.39191254523226,0.4100505132959775,0.4556968600211837,0.8842533654753777,1.066168533667293,0
32.302218410666946,4.285595842804062,0.6959336024021688,0.6482160402713806,0.819762079217929,1.1072338561556951,0
2.459782911190925,10.332216357626379,0.8455199378782277,0.5780392479199319,0.912045798249695,2.3417234450069144,0
2.9020671877186173,3.872757587166223,0.7209181900786765,0.31755489388757296,0.533782319328899,3.898288818268803,0
0.0413078596827463,3.2876728429067517,0.1739875590696015,0.25306413169772035,0.4487462338751643,19.299954339339255,0
35.614532039360284,5.971650712447343,0.3662170848002574,0.9878707217447237,0.3858609761067945,5.058535822627354,0
12.171827698445396,1.955438456888305,0.158413713447778,0.20685236170151533,0.04641807579130586,1.2040792531342412,0
15.939542803555454,58.51034254363411,0.6867241995580513,0.7902752670742368,0.9095212563051536,4.76369442990215,0
15.505284149269704,5.6428525078892315,0.24817187821689413,0.14658739102076102,0.4961760922847275,16.552205359872158,1
4.267046498375251,6.450690091206242,0.5253869328518468,0.8043512693612508,0.45506743105151015,1.2038752442579521,0
4.724945795839996,6.262120674351812,0.7918298431946843,0.18572844298954805,0.5151674870141173,1.084472834411443,0
13.43032914622603,0.21219727630283663,0.6709392749216151,0.967156644016167,0.7941545181142005,0.16608995470632398,0
10.282593585310897,6.921586093532651,0.2983739906651327,0.6859876565745173,0.22447108598256393,4.375984217014102,0
0.6699251035647558,10.759724831429903,0.33286675061634086,0.09011824367582888,0.7099006789949233,0.23611147383119965,1
5.521342313235471,5.732064466993111,0.6533642866030318,0.6931771194590108,0.7107697408540329,26.041852928428995,1
26.15926270306934,6.8863588147084265,0.5494677493399441,0.6036207627815519,0.8495527822581829,11.363390078441453,0
7.40087678334942,5.816963864758005,0.09639348747004439,0.3375462466939585,0.008683598463870013,0.7533210531628437,0
8.08499404187662,12.141090178446786,0.8739915892735461,0.26073599775671463,0.17039554323513206,1.367788831412694,0
2.4532533820040547,3.738642647897526,0.5126132480536286,0.7187607817481522,0.4710468520447555,1.4987060570446842,0
32.222316787123624,2.8376983681597503,0.4733610131974654,0.7413613729498658,0.8505403874614784,0.5493844784961582,0
19.57930807828683,4.622737098479574,0.19843933663226232,0.32720584895253657,0.965116861627984,8.176460965342313,1
5.731728927010932,6.00451741638019,0.3769938189705373,0.8762271108395037,0.5948686146794013,7.539706123614719,0
3.531441614587635,4.8337092167896305,0.3328248623150991,0.26882721888849126,0.21213397542302015,1.5577547018726023,0
2.5995932819632825,5.075773485928159,0.27073568282942684,0.06986442597481102,0.18458469582464565,7.4715977690347435,0
4.213112931085067,6.924003986394553,0.5674065746467731,0.5998678448275786,0.6394439539862674,5.472044443540922,0
1.3337727460044189,0.20522351566092153,0.46227536028028204,0.10707057283161614,0.2100691470594046,1.9736429356456895,1
2.2495079323825866,30.117183700044457,0.8891976853146673,0.27666406426648527,0.5530874239208862,3.0727197009122458,0
0.3989417275313899,4.851121586410881,0.9413439770471609,0.5071863930484379,0.8348119291439021,16.295409609319126,0
15.777027285075452,6.239427747386658,0.21947342922809088,0.2863596223572976,0.38981964846209005,16.006750062632563,0
0.702614624303406,12.310961721456456,0.10010542876721051,0.2149963424200444,0.3784721897419292,9.373931857533085,0
0.4254226275933276,4.623893038796167,0.7853375514877494,0.7031854149056544,0.036140336891073765,1.551774982660577,0
15.609533524506357,8.126304856972132,0.994861403638609,0.5469993414022956,0.2540845784245549,4.552432458963332,0
6.220874106516967,27.686805657720058,0.8636000698541542,0.8397612482502805,0.6981914596192744,12.938029322145718,0
10.348381934476867,6.74211922924488,0.023697402118734723,0.5812395946554776,0.36039124513219645,1.5170663161043254,0
13.904791866515389,13.818188312524049,0.251263550706466,0.48344721177377836,0.15829891728992196,5.706196015586253,0
5.484761954171443,9.497605791358534,0.04334227704126392,0.2612563516107882,0.10576773376032711,0.8637540571203829,0
10.78666139123783,4.736599325421465,0.8207793770411665,0.7920658750912973,0.09505337815070891,4.2575349161626015,0
5.881321018565541,5.467568827763551,0.5814069762923163,0.19687100856436723,0.6591334331178952,7.451652544987526,1
30.35224902272104,1.5951159428782213,0.5137185411670538,0.24222841097316028,0.6126214787935487,34.562684276591746,1
13.52654759250522,6.60105255726376,0.5544498819965276,0.84158859675307,0.5185210056020849,3.527348479201506,0
2.896037693240626,4.974546006798031,0.25245125869659113,0.7411925257292111,0.5003264481591394,16.646901036369627,1
5.747177233989317,4.0868226755508115,0.6016383691388628,0.6128734889795205,0.15313685268787158,9.89148380564425,0
1.774069889313202,1.6458762476117146,0.030666978464029993,0.038920530786573426,0.5006042247600873,6.146852335446394,1
10.17271194086709,5.137557199601259,0.6460117239708396,0.12725761828472648,0.05993777660037991,2.868035455046321,0
2.226329425382663,18.168794337846016,0.7344338301788308,0.49995746018760967,0.9258584586026879,9.922133075999477,0
5.816073436399518,1.5992368307038063,0.6730262637118272,0.746338923482891,0.05802755400260684,12.852860143007517,0
6.012748760218268,5.910209136847463,0.33211751831222025,0.4641008641918233,0.4235301948939185,2.465294629314101,0
6.5431292188768335,2.4049646043819797,0.8262629151275427,0.017293024414783087,0.000571056403172232,4.274482435748068,0
2.2826276803244765,3.0861033555958066,0.7155439971174821,0.1842699986668217,0.7861504387832445,5.1495869992893635,0
5.9762625303538,0.26528181519738736,0.12829732292427787,0.5887666996202181,0.16617018853563004,15.492350984791528,0
15.007304211722976,16.066800975116994,0.19514422053831504,0.6942170596879913,0.9249160178216781,3.478409019743668,1
2.379316083639753,0.979985512321199,0.6371084131782386,0.033428312711904384,0.04397774786056452,5.44463397216341,0
3.4218047429252993,5.901805542698502,0.28941613355602613,0.04333175346050033,0.8207873345644269,20.98679421485751,1
9.655926829906152,6.115925884113401,0.11943294144623695,0.26131011545636296,0.6566378128155882,11.543440802918568,1
1.8313410663993066,7.820023144794479,0.1549689931498922,0.08350169538656493,0.24973571888589052,0.860332058131978,1
24.278472724057185,1.4400577083434545,0.16561718054040064,0.5419462321933647,0.20241960923059488,5.347038478717189,0
11.618663607521423,12.43177372787449,0.4777909068183822,0.12370198195668047,0.35767793337702236,14.720959359790495,0
11.656272863115978,3.5891371840167374,0.6073854534294973,0.6482193349014225,0.8284028831753549,3.3984014905604463,0
10.04136838923583,4.590167578202522,0.17640227485441495,0.777225319307587,0.8619565483354555,5.801676034354466,1
2.978293595255916,1.248485532382151,0.7124966103632211,0.9705166637521067,0.17528537952432577,14.98056229305382,0
4.876021867363671,1.664808044842275,0.28101260750152846,0.9484069616377143,0.3534480396843307,4.342667145727898,0
5.738271521148828,0.4509750163941146,0.31155813839396085,0.2733651502352782,0.23749138390225388,8.301405274709392,0
6.1639622870196265,0.01965884860656235,0.22349862107410756,0.029409602623172826,0.1226428476378979,0.6259152136933498,0
11.088362984819847,15.866461615557089,0.785206135943191,0.32941221611176796,0.646449387528928,5.2468860527704155,0
3.0014796251518274,0.26499179342282425,0.959813832936877,0.7084801187126533,0.3458710232355353,1.2394535874162258,0
4.854089004776772,4.791784071036253,0.4924998486780927,0.05980120927253929,0.2253840447763341,6.20003984998175,1
27.969683117102257,19.050737337552828,0.0420306414319922,0.3597126576714287,0.8659977735019763,1.8216208155833027,1
22.953056119575784,5.117091174071816,0.26056931642547587,0.29803454754690695,0.7483179309035665,1.152703215970045,0
2.8638281437647226,1.2128848360557842,0.15805029111884605,0.2193456358189767,0.7737611486963425,3.9268104902879575,1
8.822043112192585,19.74337483305175,0.8427622848520179,0.7061307547303153,0.03919589118328015,7.906689571975813,0
1.9867858022627687,10.099562664168703,0.08485398743320516,0.6590970050243741,0.9151304492310662,12.070430495037982,1
3.2847995651712414,0.15205638727341408,0.9664762406883838,0.5354940940343433,0.5747383779742352,1.292564845044447,0
3.130230503416821,12.128332416757406,0.588513776624626,0.9107746396815976,0.5038028046845188,1.3883276007885739,0
8.574777094313246,9.723449151969104,0.5177397870741632,0.10313885273027246,0.010585346027781162,40.0,1
21.210422469048773,14.59269308478716,0.8473506224191868,0.14968922447813082,0.8976622104341047,4.312264117705813,0
5.0996029499293245,8.44283379026815,0.02754762129145616,0.3834496792194131,0.5438904704860006,2.5158581166594898,1
24.223357209846387,1.8331715144121932,0.7771527494070096,0.6558820518629006,0.8251534623405353,1.2494829277998076,0
17.832545632742864,8.600633516810651,0.11660404556851656,0.5840792922454121,0.6555109607382937,6.8386078567448205,1
6.038638819746371,10.03118943365391,0.8407780989404321,0.07404268746793197,0.7966936135108804,2.3781456285721925,1
9.119940384151112,13.001305848183767,0.5291762192378618,0.9584248037464674,0.6929317485578024,4.270335263367729,0
7.672594081266713,4.0448029992527275,0.06112940236009179,0.3050648164613915,0.9209639023358267,0.05682293110092704,1
14.356408311634684,4.6060740017141,0.8332450388013244,0.35897261378309386,0.2254841863395497,0.8875877825133616,0
7.210600669991445,6.048818779151584,0.027314117071251642,0.6236297990434235,0.20210010473290718,0.6922972954601574,0
5.720849793269756,5.467132589375049,0.1383706928936035,0.9451655174597346,0.712541561945122,2.994270977571516,0
7.332513189755461,4.629041430100412,0.7978245238266289,0.662688239103272,0.501394800583469,4.788272746353731,0
6.946862106007213,2.6280786037196164,0.464871123857891,0.9547733295477041,0.59916117033487,2.1852100081194905,0
2.3672151919364137,1.3475831773147282,0.8813887043548337,0.18759111882047896,0.708542469191227,1.2526866573800357,0
0.1958332517079115,8.542372497770824,0.6354292727910835,0.618809928972935,0.5474281970000026,3.4574525018530005,0
4.051104594547245,12.261691316507036,0.623528754370408,0.8288788918762848,0.7876934476661962,13.674700816743172,0
3.577350108163444,5.781339415069984,0.29223510613201487,0.5090244682548472,0.31886735593585247,3.616669839380614,0
47.768193439784696,5.348176748784764,0.13368052355173354,0.36217367582934046,0.8589904435996921,1.366693618770464,1
6.693980598956001,21.84131985919703,0.9611723908966826,0.9847585300318772,0.10767635292560074,1.758226352237233,0
7.09394019746135,9.455856897668008,0.10479768914339516,0.1409873403966605,0.6340039769611868,2.5936094431563395,1
8.712712578240545,5.009712491879747,0.5290106000735676,0.41092952752865664,0.8901325075267976,0.2709797052819435,0
9.464409179096062,4.203722177134163,0.27256859083478024,0.8733737525606602,0.25269412790170465,2.3264590822083635,0
1.405524467040464,3.746988587255483,0.2641406635814547,0.9004807465059209,0.32683467492391294,3.0879800060765445,0
5.2014455037857354,6.78140117170342,0.5945862193028131,0.9803821015597741,0.3054417784927389,15.312350122248414,0
0.6662174790010571,6.77908346185043,0.7979341171788689,0.8848475922643815,0.5642637117750338,12.496257299417142,0
0.011047606769630396,12.638857716875831,0.7771794828312787,0.050957025387412536,0.4128718155651485,4.307049361882783,0
5.815371040597403,1.9131273041849712,0.8688016891935535,0.9297664996274883,0.10795928499490237,2.8484474948875436,0
31.886565209858162,12.93542156514752,0.2929027379123671,0.4281671914067853,0.89128722175646,1.5170971950399694,0
5.133530848587686,9.109601832696518,0.4657513817150738,0.651619187456582,0.20467662915867413,2.776014892459947,0
0.5888277417221082,3.36101177051326,0.009334573220024955,0.3942758691671191,0.5340800109885296,0.4627598477165689,1
2.7685493290745695,2.3294208047705616,0.7468576231363655,0.8136680766135487,0.5948048959372615,1.3363881177821053,0
1.6265062458052786,9.025569854859848,0.30234311214228304,0.5759192763227661,0.0407518436475417,4.300915828261968,0
10.343783190628306,5.795938918156388,0.5614935332701865,0.8455446425540043,0.09571232765433724,19.428549479586565,0
3.0653795027760196,1.3352033798435141,0.1693002820194507,0.19377147152076724,0.9716897104295517,10.45192745093079,1
8.311055047894357,4.692760932428325,0.8193995071343285,0.18498309475490227,0.6645123401493824,10.162382976069521,0
4.4251350509460465,9.771938874103158,0.8172722192782778,0.440376801584787,0.03356517704642692,5.753643421119314,0
8.255705897518526,9.565807437737272,0.8774529147529555,0.004751544962480536,0.7941992206529987,20.2908319817281,0
7.663715394421257,6.682099742867186,0.04593699710672283,0.6928529548962581,0.5085428092774855,2.2866893761140443,0
17.597877389190746,9.393240135805028,0.9924587097750137,0.296053727808011,0.07519957207847561,0.684865005628268,0
2.945914604969385,7.442884982225623,0.24777941443969453,0.5572993462144499,0.6807520980477912,1.0206034299604434,1
3.407511234317894,6.651228315820473,0.30943368604734944,0.07000356046084688,0.4993518058684685,0.20521468649793667,0
5.184401428050935,2.5243835552071405,0.2493357291904461,0.17064435938269396,0.20491980111092323,3.3308000929599686,0
5.939668480939196,10.083986122920281,0.2675326983665324,0.6228591700219328,0.8777022720888196,8.588425914601135,0
1.8525014500477965,5.602500201614763,0.5526613561036466,0.3056626271110431,0.29137985830025415,2.666561680491328,0
6.427409955451389,11.750090065051843,0.23981054430377957,0.2147219425856337,0.2845566354533078,8.431641737367249,1
10.664623890474259,9.072154563175102,0.3937713114004048,0.22884650080776792,0.27277358179227873,4.139424997762424,1
2.4029641060778997,0.2922356650760374,0.6556065824432153,0.21481936472549545,0.7674557770890512,1.385230814784675,0
17.199365319785613,4.716096327904126,0.8360262035777268,0.6228509494305482,0.7061186703805321,3.0667434223439627,0
14.269382652256915,3.601553108166265,0.6927415002668795,0.16769121446945712,0.9031456854703575,0.21079240746641337,0
13.213875305796027,2.5748831023657157,0.5943228447873232,0.36270635917989036,0.22933921958427972,1.0952658037863208,0
11.150491646483124,6.78524393452267,0.1477285625410687,0.6878868655934522,0.7863645955428084,10.24082445174046,1
8.528147955898973,2.27454482880516,0.8161156015412826,0.5136710573476506,0.573045576528096,8.303007347293255,0
5.308607890500124,1.331704897615085,0.037274887993038686,0.5972808707754839,0.30867960965266783,12.172039566970481,0
8.800329192464083,1.3578068392531961,0.2641916632353021,0.2509069794637485,0.03545413240775064,5.9257527080059225,0
15.36742177334705,1.5695635284835419,0.05705891693196119,0.9327148731652056,0.8189475498511101,1.1261974237228014,0
4.55941164559118,6.516425650455714,0.6674289755844626,0.4138792483163356,0.24107137151335634,20.374509791032523,0
1.461975112551994,21.80252957444192,0.3683710825935145,0.28696393661233455,0.6317430362149195,0.6866233751139461,1
25.18268146021384,3.0931878823715726,0.6520484832048667,0.9043261840584723,0.5488679360598125,2.5771472016090207,0
20.791897086920798,13.55199015500217,0.3470309593035903,0.655289615264387,0.004449538646783879,0.3468414683079674,0
3.596336955408193,1.5581404217854482,0.4557407307994942,0.6139458631384505,0.9943436299397624,3.3095934277102783,0
4.004415509525572,3.2663053782191462,0.45796101016618085,0.8867346521661681,0.8143293558001288,0.5821001783757772,0
12.571586037034326,13.460179143960902,0.0455806536675446,0.05854028627138441,0.48647127063668205,1.4476352911098747,1
4.6928696580201965,9.390486204245182,0.43022652634600356,0.8376795120075803,0.6803413702423831,7.850909982090944,0
4.839835020948397,9.61021315277084,0.6410643631152027,0.6778643643051009,0.4765942365907726,1.7400614697701537,0
6.318040074400863,11.694758305250929,0.5460522460754338,0.35999279478012935,0.7445862712787308,0.10578585808657953,0
2.173213185354372,22.254736023750787,0.07528376627828726,0.2563513425238556,0.13432854581889409,6.034050759374,0
6.654812803394619,8.582961462501315,0.6680559856867488,0.10480589988155764,0.4463509952340303,2.6172423243738523,1
1.9558371670835526,1.1562387001533745,0.30886275491526094,0.94107417024669,0.33553717707286,1.3136376986750367,0
3.5749541282595017,12.26915271395761,0.014434802779022093,0.1419121033295362,0.45965524349403486,3.691097289665364,1
2.7589062770840527,11.050953667275687,0.15559555708424522,0.25943853573088427,0.4504726528603642,2.7304242305732958,1
0.6484814901157389,12.844081747202466,0.4975596573165595,0.6911071795694699,0.14309394977919432,8.488749061606482,0
16.792031375619946,2.787180498682281,0.31040165903006867,0.7101524378859926,0.9764885707090291,5.044048095299523,1
3.2002728543267462,6.175229699184499,0.6943830137535508,0.16076870460259396,0.01549214278812805,2.499209411553604,0
2.9545638150852724,0.5901559059816232,0.24065347556576444,0.8141311607656276,0.010072944817398843,0.6357684961569383,0
52.83262997434587,2.7906691997126267,0.7727961684751686,0.5102872691763625,0.3734413185336578,1.310712431716666,0
7.23753036682454,4.622814649218806,0.28647718139397993,0.8484566781151089,0.6203763493468175,3.840333297185476,0
0.4340712783498271,3.5777136812016033,0.6208637075844157,0.08728538984754453,0.17965322681492824,7.522783735923229,0
4.552863449042197,12.57997907060713,0.7992163802511801,0.042829999093689675,0.533194003904161,6.334188357384356,0
3.364966945772132,3.493592049317368,0.3855561286437489,0.6369903814943497,0.7227719679634789,3.0672228455581263,0
5.264431875929499,34.64705884009954,0.04680494181547046,0.15002379710981684,0.09406060904015112,8.583546343780666,1
1.6857645072433995,2.984482145322244,0.5354455210588809,0.5249490457332999,0.9844224080159334,1.7200649792266745,1
1.5305172993664098,5.602541498584413,0.9954090615445003,0.01410875928450872,0.3367006477392943,0.4163609298725632,0
0.7733092650448006,0.5839326166808068,0.9689918663769136,0.7799292605482002,0.642415413787249,8.12638604636049,0
10.344705304980556,6.593808657635131,0.22102219394416822,0.8995301701785016,0.1107198581865757,7.253995302984454,0
0.2368093722447943,3.7394817808347596,0.7556965094242524,0.838882761964288,0.7094863887213264,1.1034622971367323,0
12.395849169917529,28.979490284937636,0.34495183182006595,0.9583528131504183,0.840456347062486,1.3377297773213515,1
1.407119571511387,5.4466226828081155,0.16027248018309148,0.9030957546587897,0.10528514233062236,13.76946295902597,0
11.618361317901785,0.5868268438695862,0.6659147006024932,0.44401801829036525,0.12586315437006623,7.291154940757744,0
10.301634918682513,0.7823703049809759,0.500868729526769,0.3983482084436466,0.2810474143872277,1.7143838416585102,0
8.878112862087084,0.6627548019939211,0.5392305576556773,0.896183667971543,0.011935815375329284,1.3033680063494488,0
0.3140809789735068,3.022844626858265,0.8273926622355084,0.926938795357227,0.9860512943372298,14.362354001527098,0
3.511688687489387,2.671539922595305,0.33654367588742307,0.972835948318037,0.5983840749526497,6.622865432077174,0
8.550351305163995,26.355709485379716,0.667094759555663,0.7683172348427827,0.6075894499635455,0.5753557395958806,1
0.1705627577417819,1.4755723199438904,0.3661914669626253,0.20198882994138034,0.958962169651636,0.49172760059754417,0
3.0395396880502368,8.198352311462704,0.04272389658042919,0.9449541361107224,0.8320292543194271,3.0646014947490023,1
4.1309673626860794,3.867305387130193,0.3780151073363489,0.9471414668162196,0.8142429309683494,6.763008785434402,0
16.816831848453955,8.544059972984344,0.9500344632041346,0.6661313639129715,0.33950236990162563,4.284238965392905,0
2.1434485329816892,2.700092909648692,0.48326248208841704,0.8572802663494847,0.33486339346464544,2.542403504041278,0
1.766531905784702,0.4779506264665563,0.10823043683686817,0.5611764211639523,0.29173795981264683,8.986979982520696,0
27.357682642788426,1.7480986042705242,0.6878268293762259,0.9441269454117227,0.3466957617763199,4.415947182090989,0
3.6567570266572074,3.2668032292342217,0.9633793497185212,0.09393639659209119,0.36950876135985056,7.013236156293279,0
3.67410324405065,16.91685870089308,0.9079452465442571,0.8639636964847707,0.14000368898059334,0.18903712450999977,0
11.532888364513125,9.401000307393161,0.5719608378081387,0.055503629037139346,0.35594786270209355,6.8800228203916,0
9.829175484137988,1.8225538075258663,0.3762807443485312,0.3391070522180205,0.4467470352447276,9.266653705936163,0
4.648883697872865,4.588610909113702,0.5806776685092404,0.13532564261526192,0.30934733874665854,12.803529136145661,0
7.71813643016277,2.8538888275384187,0.8159310621992495,0.4791350924629122,0.1653469681575478,2.715916476665284,0
3.256775179939864,0.17766815149331266,0.8612373420184543,0.23224615799246995,0.37341039817849764,8.340672087895411,0
9.556688861096166,1.2069458513164568,0.8188438849424412,0.9520723793339971,0.48090777321643585,0.8445076829412916,0
1.2085364142999555,9.74891875687866,0.4554763784417377,0.5593213336534095,0.7207283866671284,7.8161860038937725,0
1.2103259382606462,6.969069779790775,0.11885798957022997,0.8977307363037248,0.7112377614746703,0.524457740038443,0
3.522537417284895,3.729374196174273,0.5691734267387764,0.27805846905115095,0.2026950310833242,11.334490527623393,0
0.1432670739731937,8.329799854518392,0.15642882803336522,0.025977559946560813,0.036655395168237126,8.133334561359597,1
2.091503643020866,13.528232995573765,0.06095833389785599,0.7756550036839217,0.30379952180706926,0.6984803436646168,1
5.942637796688397,12.998157391306638,0.4986678334288609,0.7023776599719719,0.1571363048589508,1.51916520257642,0
3.4151498581420157,1.0778437711841393,0.655373450046628,0.5454916456741936,0.39578847921569404,0.2914012376672275,0
1.1802489534298597,19.296934708324237,0.854147306406393,0.8153427297292126,0.9793461191526043,6.1862624627308085,1
49.90932370632543,1.3678196695082425,0.7828355539543036,0.8400843726481325,0.18107137090522096,11.559678238144926,0
15.685422353916529,10.241880906911101,0.8572405127565482,0.5879033080181738,0.31887394342296893,5.390050067003679,0
2.401786990269521,0.8392502310218186,0.7600687708208905,0.965927791853937,0.7251143163195723,1.6702589634826328,0
14.719682627542817,1.775981698611061,0.7032393969061393,0.7197119476173273,0.5091827828619216,3.1324274031435504,0
20.599036277148493,10.495352529847592,0.010137569140699632,0.6768753761626287,0.043928143573384926,14.822406030574506,0
11.131823192730307,2.5255663788055953,0.6261023118092105,0.36142179255864537,0.16169001816132167,10.262067554968883,0
0.45239607672533283,2.42638025853774,0.12048180413911769,0.0022585786000076657,0.9352495547731959,7.990733349869603,1
6.680036109913815,20.49134244229033,0.05866713233254106,0.240942673894178,0.10316499273902846,8.002973566025013,0
5.898220891053824,1.3160816063852625,0.1564121521056554,0.7639205068146299,0.6350927872097057,34.104394689158994,1
6.134227170148391,7.162420577484783,0.8232921614417502,0.7098712544371741,0.7923256488409115,1.7518811144612036,0
0.9564094129367636,13.877888398694113,0.7438493931000214,0.3310221448300942,0.2654390627249239,8.449735794431852,0
10.053258883699954,7.002688905084403,0.9487724052052123,0.6255829745384388,0.7250780031386901,0.765415045127483,0
17.080673090636484,3.983009818307183,0.9789762586504105,0.19528747947313718,0.16989517903018025,2.3646953677050453,0
0.6919036025893324,0.17804337971079637,0.8932839863739821,0.26362771926904405,0.28475027483379034,2.984870333296803,0
2.533617769815561,8.863991497299427,0.13292605097699917,0.9474080939024966,0.31182203088420746,0.9670778314093542,0
0.09342067242871262,8.759302371304834,0.8783827409249804,0.4131805729355945,0.9964349905642236,4.201723010226671,0
13.909154965575592,6.601777780124826,0.8386371347886453,0.24498759429885453,0.2145722952179573,5.818223015914903,0
38.490581815902104,6.361312028180874,0.8710858598596973,0.48710824683899145,0.129207464633585,6.7061578365547625,0
0.16104663064678143,9.272623289151241,0.15168561711649142,0.3870158797873662,0.9256914374814104,8.746725688214967,1
18.296488242483303,1.2103660866873025,0.11679182777331754,0.7295290373491057,0.16193069382035274,3.6946834261216472,0
4.712511368092642,3.5621275565090618,0.9238088795840816,0.9621161064908811,0.8792799196294053,4.149591046791853,0
23.145858967094274,16.815827817450906,0.17382664913450452,0.5917374244576918,0.65045662764669,1.2862790599370253,1
30.07972712971014,0.5559976147990597,0.3686217310426012,0.591147186936915,0.5768614980705188,13.567865186871195,1
12.968766980661135,23.571394445043637,0.45598484949406026,0.36483385872348306,0.7513387115465768,2.2324360220245074,0
1.0760174710699566,11.259320384535126,0.12444252782956444,0.5646309319752953,0.7259989571480501,0.4084290847775006,1
6.385127854682943,3.307042630090505,0.02063428803254741,0.3193288663871382,0.11052618941831371,2.984128550756535,0
1.5116525251891886,5.140036759117291,0.9940904697671161,0.0010920743123419285,0.9994661104066891,4.432373110511125,1
37.853607465785295,9.500419845709143,0.8766572448349611,0.8660961728784851,0.9418897264487286,14.513822564697483,0
5.127804707995201,0.637219724748245,0.9123379293506373,0.4294440855217052,0.8965919628619162,1.176999702413456,0
2.0281078654590887,5.777562543234301,0.2845630692721185,0.4920884850539967,0.6222891339424068,4.879404818365682,0
2.8549840496937624,7.513249958917813,0.22010157274543907,0.08350091542592819,0.5227913313323141,3.015306227812315,1
26.98525445819126,12.827513875812391,0.4258665581754266,0.837110513405392,0.5362785838816683,0.5738000159457017,0
0.9219191703305855,14.076249453707199,0.45331936897800684,0.17033707037759038,0.01493694422823244,3.414004853073126,0
10.502518884755615,22.482669699524433,0.005599438864240636,0.41062115878431593,0.49946950194544293,0.2997991839079183,1
17.6932057148391,5.867370192750011,0.7792531125598329,0.8402655470638813,0.6237695676599199,6.754444728284707,0
4.156282722794605,15.105882498286018,0.9966670381420173,0.4577829402135195,0.6587062087749485,0.5019833266814846,0
8.740027942158697,2.3022686293911345,0.5286908701020894,0.9311523354664637,0.332139465051313,3.3305327522615213,0
6.506727627823613,6.152125748777357,0.38825869501245125,0.20931430342068968,0.4712823502935495,2.773345394975876,1
4.890993668030834,8.001421655366649,0.3927518932212033,0.7152328299547713,0.6363106066625744,15.958775830682313,0
4.101758011883739,4.519344303885542,0.09607713217210068,0.9779985235617275,0.4283055102751817,3.2860388940960195,0
0.5607406565648858,6.971184429423421,0.26616181836401176,0.5496136372203109,0.9621351989835252,1.629479121470764,0
2.726173991332076,18.443266539202863,0.5021327886346312,0.6921838986439929,0.7054421098520003,5.697438985937159,1
1.5557292537163359,8.353568760971763,0.43184800113469735,0.39322665960100844,0.001273746250890495,0.59755139811687,0
4.849511820430087,5.32986587672385,0.5450347457431102,0.7513373397254689,0.023279481482253006,2.6328767297494293,0
11.227556615051727,17.392487734415422,0.8490656486374066,0.9088740565237291,0.6903002034683744,1.7328369142870994,0
2.183011441935962,18.895307759901772,0.22524230269961198,0.7030555670505292,0.4126450975455027,31.124779221697125,0
2.645220746330713,6.569025137904552,0.027664180906311953,0.9359287113809792,0.8394709492122663,1.0739901248746682,1
3.1417773666815343,5.176682445524694,0.038225445282740744,0.5886526519923097,0.17301540948626204,15.272674364220533,1
12.533083855028156,13.200790232437495,0.13416880530685837,0.5771374404509629,0.013826914052291861,0.8008586000621488,0
15.951592333424278,21.308987039996023,0.5704829848044025,0.30462738810915535,0.3880823501137123,2.469822000797859,0
1.196773531824076,4.374512182730662,0.8081848100379248,0.7096274911637859,0.736064104307449,1.0029302332472343,0
18.704688838708613,4.720852363116601,0.8868059392806316,0.8819525217561553,0.9717277333775686,6.384837994751646,0
12.290340630133878,13.924774776283328,0.6351132019749712,0.6463162261289312,0.8836538793510554,8.648425016732459,0
0.7668574202230165,5.461761805143796,0.40314325245089344,0.23303922059858295,0.48407461193713885,1.3447319073334625,0
8.849099633429185,5.669143061709317,0.15451470815614743,0.5441091147216865,0.8128172831963666,5.328781954913583,1
7.164715076833047,8.447793657008715,0.40141833944347904,0.755937416951415,0.07033045786761405,6.00834186158375,0
5.950170961693764,1.1306933616256496,0.33241513390778354,0.9393633148727528,0.5722723475848833,2.8447929707026964,0
0.6490957162787881,6.872449620338606,0.8700258808571377,0.15659604952055395,0.9242984130144701,4.848976644115063,0
8.349792056246558,0.759276751504281,0.4867193774106072,0.1274970909665606,0.39638514749073994,3.1915651663570554,0
6.222445629612747,0.6618597897384416,0.22619589995452882,0.412943530232906,0.9601006296631156,11.35072463305283,1
2.510819354968003,11.660088573158319,0.2888010668157799,0.12561116946261086,0.2206850967291053,1.6573970205310973,1
4.758444686232399,6.526216763106279,0.136470164542689,0.9804289125051184,0.10563380953339352,0.8133056349674966,0
11.75528143607739,0.15181442079178278,0.9185854490691312,0.42430436728255916,0.5247623360817011,5.9709154525208366,0
0.3766526729628373,6.3535651724782545,0.05034584623646854,0.5336105190679049,0.9072468719812243,3.5638373730196355,1
4.3772465112011885,7.527398697967628,0.012846248555894224,0.2270877812927713,0.3112792187447442,6.6877523012636715,1
14.711441795534224,1.6665080693585945,0.18298893352686874,0.44912612353692927,0.8001603193989524,0.8916549409514665,1
4.485812426516533,1.6585766581251473,0.8108740179106257,0.9846939348612198,0.16919726588028094,3.621353169192416,0
15.666035876770115,0.6971100849957095,0.5234667866310813,0.4886871513669695,0.7455703960009396,0.1368482646052856,0
1.4327841340248895,4.432363454394311,0.6258432873769864,0.00882392580448621,0.557026941387431,2.5135694250642833,0
11.802434254892933,7.97840216195424,0.3577316754157348,0.24252753025063056,0.17501697539437222,2.6568864274096837,0
22.216786553425646,27.010063578723877,0.06867798554917004,0.9784548304785041,0.7180872494376086,3.146305741740379,0
1.2218460561924707,2.072212379514431,0.8561581624921681,0.9890675134107325,0.7137561134564273,5.891529896302087,0
14.107709407400066,7.95588950172926,0.19189427212540744,0.21049308977170567,0.5154352291434403,0.030206575898567407,1
2.4225924880308094,4.128094731558698,0.033059200545114686,0.6152640878438534,0.22546763764267463,21.25295416005851,0
0.9791270755685254,7.4276724205856794,0.5727041359331937,0.07690833050541446,0.13229389224499655,4.06987356446012,0
0.8266076669871589,10.807411954537734,0.08328922038460107,0.5774416424446291,0.9572550484597893,13.252576710448828,1
4.153474919067561,3.83498738866079,0.09576185185983421,0.12592070148643741,0.6558125382591552,1.9730296134717449,1
0.11666254973517586,0.7135388514874579,0.8003770314825251,0.8186615236426579,0.809241483573384,1.0657654388086903,0
2.2514050781197645,12.061527117965229,0.4916095893179955,0.9395749876022444,0.6969705290502416,1.071972287871943,0
4.176326365103397,5.878696675323347,0.241508452247143,0.17298680804948263,0.8294736651922889,7.177441172617527,1
4.689381317323577,18.43431909023309,0.34862642335951877,0.462712168594824,0.16249081974892343,0.8931319588066634,0
1.8533234922477047,1.6546123555537615,0.7292409788431715,0.10204299847463416,0.4969502245470444,7.358563690456618,1
3.060127574801765,1.123137014494233,0.06635414475660184,0.339140007072975,0.6671247705022934,0.17171588283234634,1
1.6147545917048527,1.4528224433236434,0.11648061593320991,0.06509775476052648,0.10338989989521796,5.821372934905486,0
2.229494887893205,32.569348352568014,0.6162620349905696,0.26454652801742706,0.1499569493284083,0.5214105743278068,0
9.58153691537642,14.648272869965163,0.6069717344671073,0.9902236670893015,0.6339825942509465,5.697207589870661,0
4.278154157400108,2.435959969865565,0.9724621845353718,0.04460326732140185,0.86870580425382,0.425137566135264,0
10.924139595699115,2.930084472045684,0.3745494812554496,0.8589683296186706,0.6604161789415977,0.5208631170369321,0
2.2123609664683106,7.888559142486982,0.06507762717751586,0.07745257775410486,0.036204813456075624,7.376859737742773,0
0.21800986130417535,4.491788796648555,0.5375374348496279,0.5289969311173601,0.970432917090323,8.81006085411236,1
6.170388286982132,2.658392035615526,0.6383468117617903,0.4521197924273457,0.13950690090624507,4.13878213708759,0
10.061934826472033,3.138560728112891,0.13960278578624907,0.9315546600206449,0.23256223355248973,3.2311400068642113,0
0.7996772161906331,16.579089575820884,0.5528619735351967,0.19904986228508958,0.9749672819047243,3.812273543778366,1
9.053498897859441,8.920293156605037,0.1977671216582646,0.17968201537963513,0.7710329966533749,5.5852966057280256,1
0.9809545363651727,16.674788735435957,0.8447300578810684,0.7487140885678323,0.9365766803785066,1.9360728240078,0
2.8716115109375417,21.203389484054505,0.8351614957838297,0.7257194731003539,0.8066196928080297,1.7555487205518963,0
6.523590816035033,8.54591863636161,0.4296290959984418,0.6991817704927987,0.6517344750032,11.48686249126851,0
0.8111657707711987,7.904602303939558,0.966743190512804,0.026127116172380727,0.284552998863006,6.208632947886481,0
7.803043211522499,1.275925701974143,0.9797738744497416,0.25995968672490866,0.3268814416995254,2.1338849604518986,0
6.0871517743367285,5.775784363767426,0.1292510889476195,0.8398951778542993,0.9472710730443697,0.850165020542968,0
8.576881305672766,2.8904624783336628,0.36771380483246763,0.6008581214567726,0.8606256161556446,6.0742870092957135,0
0.6410821222283294,19.848937003694925,0.6003214700466446,0.6021949207321816,0.35949044844232647,9.542059977500756,0
2.327746043634598,2.6162792677609517,0.08483780958144438,0.2959166054048117,0.3732674176207038,6.287022757928793,1
13.168355217933613,3.2481615843646137,0.38265550381413704,0.2601730885569479,0.29769439027588473,6.349608921372845,0
0.1901688206522819,20.38480401166604,0.26117208401659076,0.9465548880182547,0.32613014262500395,4.029089992916294,0
13.931390688062903,31.167180283397663,0.9520502209667041,0.7277552788532122,0.8606674662887857,0.13773127486866596,0
10.438355134866688,7.9746505667786955,0.4115858228314705,0.12686611780183754,0.010506856589846847,0.30995659260321157,0
0.7762635458686606,6.623053612783214,0.7626708585475125,0.9377069421437638,0.4360526211095247,0.6131097456823915,0
1.339925087509723,2.705356987557132,0.38670536351217377,0.5823701518180548,0.9428396785279078,1.4408880413634662,0
12.021677286866032,11.727966050526122,0.13181207041883547,0.3333623669570881,0.5426363551828088,7.269220865845921,1
5.282185876673016,5.530641472752115,0.8631515301608474,0.3971394463995984,0.4504457901439035,0.6330155447774172,0
4.387842915340268,6.090774666777924,0.00041691690310385887,0.7254045103526182,0.3123698046995881,0.3837985368518149,0
2.489382211906914,5.358734050765352,0.05594087397445002,0.3762726516860836,0.07391262986190383,1.337815758266569,0
4.577471396092422,5.148603569399296,0.36438440589704324,0.578744799118607,0.22448647802751287,1.0759081488643005,0
3.5498919735390215,2.6533466454564603,0.6868982555187365,0.7104994966484048,0.09045840993687126,3.8821444281926047,0
4.22942448871621,33.60276246986175,0.34170429529077573,0.19537499730596453,0.12669942971542825,0.26039969908071064,0
14.21356445657122,10.652336486404646,0.06631281762097496,0.9442414862425493,0.1635165441262698,2.533839469228983,0
0.2782389033518532,32.55822889151425,0.3178400337341488,0.3561727714354098,0.30202943208427846,11.45434057902548,0
17.49554852314613,36.09446961824507,0.2449808589901623,0.4193747570769143,0.011016679995535461,5.423959071785255,1
2.704683227785048,3.724093135153325,0.005419799818197957,0.6985143678678206,0.9501438855932477,16.311610680948935,1
2.6551815676695183,5.312338801464392,0.5348019131804018,0.6087850893877641,0.12381909267697455,6.51388292166371,0
9.053356552726521,12.23290325226817,0.11664591474418606,0.4401198369391792,0.38314887235958706,1.6392755472578742,0
15.703046786823869,3.2702436297587174,0.2874962887966661,0.6497420403007914,0.8795275597147806,7.523585355764393,1
6.537883951326235,20.47959736442528,0.6411898302224145,0.9028283075720446,0.10656797019076225,8.14671549434085,0
2.2118648194449753,5.131517142884838,0.7251156888229772,0.8002836166454186,0.4836042517541208,5.289637849029808,0
0.8738145528062983,3.5717705477318247,0.26345562685602253,0.8242590099547736,0.8447835975413958,7.510419332330345,0
4.320684706745659,4.305661524154638,0.329193671065234,0.25840840856731295,0.5569626240341401,14.236494264624147,1
0.6178005231130285,0.6233615623198784,0.24690923812746524,0.41940334929763756,0.21034359542276004,3.5025887074674444,0
15.239952803208901,2.9048283024968584,0.9568886003161919,0.5538191416540592,0.7355095314125814,0.5600015488306773,0
2.775858195912853,32.42583789456091,0.19051972698740283,0.04419081916148293,0.6813410628675078,2.511810542257317,1
10.340201422206867,4.284809324437191,0.18318060363367628,0.7697921803773246,0.3621859065469243,0.6064020471850589,0
13.092916299980674,3.7894100733866964,0.445035295831532,0.3234634244150889,0.046295161581375144,20.726886176280253,0
6.865753727077721,7.205187978064734,0.18930635920056915,0.2825960780410143,0.007864689896093902,0.5934734515044493,0
10.586432876785242,6.858736851639983,0.15670845628560814,0.2592920093561464,0.8253928831271716,1.3595847443046076,1
6.676053510279591,0.988756691097097,0.09587953770108548,0.2833792654200644,0.32155736155906856,4.8680194173199824,1
3.4006766992576893,8.580515447726048,0.6401712481082494,0.33801483215783223,0.1377698986059046,7.213445434070607,0
